Command: report datapath > /h/d5/u/fa7855yu-s/etin35_project/pulpino/WORK/Synthesis/reports/datapath_pulpino_padstop.rpt
============================================================
  Generated by:           Genus(TM) Synthesis Solution 16.12-s027_1
  Generated on:           May 21 2025  01:43:26 pm
  Module:                 pulpino_padstop
  Technology libraries:   CLOCK65LPLVT 
                          CORE65LPLVT 
                          SPHDL100909 
                          PAD 
  Operating conditions:   typical (balanced_tree)
  Wireload mode:          enclosed
  Area mode:              timing library
============================================================


Inferred components

                        Operator   Signedness   Inputs   Outputs CellArea 
==========================================================================
pulpino_padstop
 pulpino_top_i
  core_region_i
   CORE.RISCV_CORE
    cs_registers_i
     inc_ADD_UNS_OP_57
     module:increment_unsigned_2770
      slow             increment   unsigned   32x1       32        165.36 
--------------------------------------------------------------------------
      ADD_UNS_OP           +       unsigned   32x1       32               
==========================================================================
pulpino_padstop
 pulpino_top_i
  core_region_i
   CORE.RISCV_CORE
    ex_stage_i
     alu_i
      add_168_54
      module:add_signed
       very_fast           +       signed     36x36      37        489.32 
==========================================================================
pulpino_padstop
 pulpino_top_i
  core_region_i
   CORE.RISCV_CORE
    ex_stage_i
     alu_i
      add_182_44
      module:add_unsigned_1336_6
       slow                +       unsigned   32x32      32        429.00 
==========================================================================
pulpino_padstop
 pulpino_top_i
  core_region_i
   CORE.RISCV_CORE
    ex_stage_i
     alu_i
      alu_popcnt_i
       csa_tree_add_1154_39_groupi
       module:csa_tree_add_1154_39_group_4015
        very_fast    csa_and_adder            2x2x2x2x2x 6         269.36 
                                              2x2x2x2x2x                  
                                              2x2x2x2x2x                  
                                              2x2x2x2x2x                  
                                              2x2x2x2x2x                  
                                              2x2x2x2x2x                  
                                              2x2                         
--------------------------------------------------------------------------
        add_1154_39        +       unsigned   5x5        6                
        add_1150_46_I1
                           +       unsigned   4x4        5                
        add_1150_46_I2
                           +       unsigned   4x4        5                
        add_1144_46_I1
                           +       unsigned   3x3        4                
        add_1144_46_I2
                           +       unsigned   3x3        4                
        add_1144_46_I3
                           +       unsigned   3x3        4                
        add_1144_46_I4
                           +       unsigned   3x3        4                
        add_1138_46_I1
                           +       unsigned   2x2        3                
        add_1138_46_I2
                           +       unsigned   2x2        3                
        add_1138_46_I3
                           +       unsigned   2x2        3                
        add_1138_46_I4
                           +       unsigned   2x2        3                
        add_1138_46_I5
                           +       unsigned   2x2        3                
        add_1138_46_I6
                           +       unsigned   2x2        3                
        add_1138_46_I7
                           +       unsigned   2x2        3                
        add_1138_46_I8
                           +       unsigned   2x2        3                
        add_1132_44_I1
                           +       unsigned   2x2        2                
        add_1132_44_I2
                           +       unsigned   2x2        2                
        add_1132_44_I3
                           +       unsigned   2x2        2                
        add_1132_44_I4
                           +       unsigned   2x2        2                
        add_1132_44_I5
                           +       unsigned   2x2        2                
        add_1132_44_I6
                           +       unsigned   2x2        2                
        add_1132_44_I7
                           +       unsigned   2x2        2                
        add_1132_44_I8
                           +       unsigned   2x2        2                
        add_1132_44_I9
                           +       unsigned   2x2        2                
        add_1132_44_I10
                           +       unsigned   2x2        2                
        add_1132_44_I11
                           +       unsigned   2x2        2                
        add_1132_44_I12
                           +       unsigned   2x2        2                
        add_1132_44_I13
                           +       unsigned   2x2        2                
        add_1132_44_I14
                           +       unsigned   2x2        2                
        add_1132_44_I15
                           +       unsigned   2x2        2                
        add_1132_44_I16
                           +       unsigned   2x2        2                
==========================================================================
pulpino_padstop
 pulpino_top_i
  core_region_i
   CORE.RISCV_CORE
    ex_stage_i
     alu_i
      csa_tree_sub_839_35
      module:csa_tree_2763
                        wallace               5          8x8         0.00 
--------------------------------------------------------------------------
       sub_839_35          -       unsigned   5x1        6                
==========================================================================
pulpino_padstop
 pulpino_top_i
  core_region_i
   CORE.RISCV_CORE
    ex_stage_i
     alu_i
      int_div.div_i
       add_107_46
       module:add_unsigned_1336_5
        slow               +       unsigned   32x32      32        293.80 
==========================================================================
pulpino_padstop
 pulpino_top_i
  core_region_i
   CORE.RISCV_CORE
    ex_stage_i
     alu_i
      int_div.div_i
       gt_103_58
       module:gt_unsigned_1526
        slow               >       unsigned   32x32      1         164.32 
==========================================================================
pulpino_padstop
 pulpino_top_i
  core_region_i
   CORE.RISCV_CORE
    ex_stage_i
     alu_i
      int_div.div_i
       minus_100_38
       module:sub_unsigned_1534
        slow               -       unsigned   1x32       32        208.52 
==========================================================================
pulpino_padstop
 pulpino_top_i
  core_region_i
   CORE.RISCV_CORE
    ex_stage_i
     alu_i
      int_div.div_i
       sub_107_68
       module:sub_unsigned_1530
        slow               -       unsigned   32x32      32        389.48 
==========================================================================
pulpino_padstop
 pulpino_top_i
  core_region_i
   CORE.RISCV_CORE
    ex_stage_i
     alu_i
      sll_882_39
      module:shift_left_vlog_unsigned_2316
       very_fast/barrel
                           <<      x          32x5       32        538.72 
==========================================================================
pulpino_padstop
 pulpino_top_i
  core_region_i
   CORE.RISCV_CORE
    ex_stage_i
     alu_i
      sra_269_105
      module:arith_shift_right_vlog_unsigned_1
       very_fast/barrel
                          >>>      x          17x4       17        235.56 
==========================================================================
pulpino_padstop
 pulpino_top_i
  core_region_i
   CORE.RISCV_CORE
    ex_stage_i
     alu_i
      sra_270_105
      module:arith_shift_right_vlog_unsigned
       very_fast/barrel
                          >>>      x          17x4       17        231.40 
==========================================================================
pulpino_padstop
 pulpino_top_i
  core_region_i
   CORE.RISCV_CORE
    ex_stage_i
     alu_i
      srl_283_46
      module:shift_right_vlog_unsigned
       very_fast/barrel
                           >>      x          64x5       64        953.68 
==========================================================================
pulpino_padstop
 pulpino_top_i
  core_region_i
   CORE.RISCV_CORE
    ex_stage_i
     mult_i
      csa_tree_add_114_70_groupi
      module:csa_tree_add_114_70_group_3969
       very_fast     csa_and_adder            17x17x32x3 34       3400.28 
                                              3                           
--------------------------------------------------------------------------
       add_114_70          +       signed     34x32      34               
       add_114_49          +       signed     33x34      34               
       mul_113_49
        booth              *       signed     17x17      34               
==========================================================================
pulpino_padstop
 pulpino_top_i
  core_region_i
   CORE.RISCV_CORE
    ex_stage_i
     mult_i
      csa_tree_add_230_63_groupi
      module:csa_tree_add_230_63_group_3965
       very_fast     csa_and_adder            32x32x32x3 32       5319.60 
                                              2                           
--------------------------------------------------------------------------
       add_230_63          +       signed     32x32      32               
       add_230_39          +       signed     32x32      32               
       mul_230_87
        booth              *       signed     32x32      32               
==========================================================================
pulpino_padstop
 pulpino_top_i
  core_region_i
   CORE.RISCV_CORE
    ex_stage_i
     mult_i
      csa_tree_add_270_87_groupi
      module:csa_tree_add_270_87_group_3963
       very_fast     csa_and_adder            9x9x9x9x9x 32       4043.52 
                                              9x9x9x32                    
--------------------------------------------------------------------------
       add_270_87          +       signed     21x32      32               
       add_270_60          +       signed     20x18      21               
       add_269_87          +       signed     19x18      20               
       mul_267_61
        non_booth          *       signed     9x9        18               
       add_269_60          +       signed     18x18      19               
       mul_266_61
        non_booth          *       signed     9x9        18               
       mul_264_61
        non_booth          *       signed     9x9        18               
       mul_265_61
        non_booth          *       signed     9x9        18               
==========================================================================
pulpino_padstop
 pulpino_top_i
  core_region_i
   CORE.RISCV_CORE
    ex_stage_i
     mult_i
      csa_tree_add_283_102_groupi
      module:csa_tree_add_283_102_group_3967
       very_fast     csa_and_adder            17x17x17x1 32       6205.16 
                                              7x32                        
--------------------------------------------------------------------------
       add_283_102         +       signed     32x32      32               
       add_283_68          +       signed     32x32      32               
       mul_280_63
        booth              *       signed     17x17      32               
       mul_281_63
        booth              *       signed     17x17      32               
==========================================================================
pulpino_padstop
 pulpino_top_i
  core_region_i
   CORE.RISCV_CORE
    ex_stage_i
     mult_i
      sra_117_128
      module:arith_shift_right_vlog_unsigned_3264
       very_fast/barrel
                          >>>      x          34x5       34        587.08 
==========================================================================
pulpino_padstop
 pulpino_top_i
  core_region_i
   CORE.RISCV_CORE
    id_stage_i
     add_536_37
     module:add_unsigned_1336_3
      slow                 +       unsigned   32x32      32        205.92 
==========================================================================
pulpino_padstop
 pulpino_top_i
  core_region_i
   CORE.RISCV_CORE
    id_stage_i
     add_537_37
     module:add_unsigned_1336_4
      slow                 +       unsigned   32x32      32        176.80 
==========================================================================
pulpino_padstop
 pulpino_top_i
  core_region_i
   CORE.RISCV_CORE
    id_stage_i
     add_580_38
     module:add_unsigned_1336
      slow                 +       unsigned   32x32      32        284.44 
==========================================================================
pulpino_padstop
 pulpino_top_i
  core_region_i
   CORE.RISCV_CORE
    id_stage_i
     add_581_38
     module:add_unsigned_1336_1
      slow                 +       unsigned   32x32      32        284.44 
==========================================================================
pulpino_padstop
 pulpino_top_i
  core_region_i
   CORE.RISCV_CORE
    id_stage_i
     add_584_49
     module:add_unsigned_1336_2
      slow                 +       unsigned   32x32      32        295.88 
==========================================================================
pulpino_padstop
 pulpino_top_i
  core_region_i
   CORE.RISCV_CORE
    id_stage_i
     dec_sub_468_53_60
     module:decrement_unsigned_2771_2
      slow             decrement   unsigned   32x1       32        184.60 
--------------------------------------------------------------------------
      sub_468_53           -       unsigned   32x1       32               
==========================================================================
pulpino_padstop
 pulpino_top_i
  core_region_i
   CORE.RISCV_CORE
    id_stage_i
     hwloop_regs_i
      dec_sub_103_50_I1_58
      module:decrement_unsigned_2771
       slow            decrement   unsigned   32x1       32        184.60 
--------------------------------------------------------------------------
       sub_103_50_I1       -       unsigned   32x1       32               
==========================================================================
pulpino_padstop
 pulpino_top_i
  core_region_i
   CORE.RISCV_CORE
    id_stage_i
     hwloop_regs_i
      dec_sub_103_50_I2_59
      module:decrement_unsigned_2771_1
       slow            decrement   unsigned   32x1       32        184.60 
--------------------------------------------------------------------------
       sub_103_50_I2       -       unsigned   32x1       32               
==========================================================================
pulpino_padstop
 pulpino_top_i
  core_region_i
   CORE.RISCV_CORE
    if_stage_i
     prefetch_32.prefetch_buffer_i
      add_115_54
      module:add_unsigned_1
       slow                +       unsigned   32x3       32        149.76 
==========================================================================
pulpino_padstop
 pulpino_top_i
  core_region_i
   CORE.RISCV_CORE
    if_stage_i
     prefetch_32.prefetch_buffer_i
      fifo_i
       add_182_49
       module:add_unsigned
        slow               +       unsigned   32x3       32        149.76 
==========================================================================
pulpino_padstop
 pulpino_top_i
  core_region_i
   CORE.RISCV_CORE
    load_store_unit_i
     final_adder_mux_463_27
     module:add_unsigned_2778
      slow                 +       unsigned   32x32      32        296.92 
==========================================================================
pulpino_padstop
 pulpino_top_i
  core_region_i
   adv_dbg_if_i
    dbg_module_i
     i_dbg_axi
      add_383_50
      module:add_unsigned_5727
       slow                +       unsigned   32x4       32        177.84 
==========================================================================
pulpino_padstop
 pulpino_top_i
  core_region_i
   adv_dbg_if_i
    dbg_module_i
     i_dbg_axi
      csa_tree_sub_423_47
      module:csa_tree
                        wallace               16         18x18       0.00 
--------------------------------------------------------------------------
       sub_423_47          -       unsigned   16x1       16               
==========================================================================
pulpino_padstop
 pulpino_top_i
  core_region_i
   adv_dbg_if_i
    dbg_module_i
     i_dbg_cpu_or1k
      csa_tree_sub_321_47
      module:csa_tree_1
                        wallace               16         18x18       0.00 
--------------------------------------------------------------------------
       sub_321_47          -       unsigned   16x1       16               
==========================================================================
pulpino_padstop
 pulpino_top_i
  peripherals_i
   apb_conv_i
    conv_init
     inst_mac[0].inst_mac_i
      csa_tree_add_69_27_I25_groupi
      module:csa_tree_add_69_27_I25_group_10981
       very_fast     csa_and_adder            8x8x8x8x8x 21      18242.12 
                                              8x8x8x8x8x                  
                                              8x8x8x8x8x                  
                                              8x8x8x8x8x                  
                                              8x8x8x8x8x                  
                                              8x8x8x8x8x                  
                                              8x8x8x8x8x                  
                                              8x8x8x8x8x                  
                                              8x8x8x8x8x                  
                                              8x8x8x8x8                   
--------------------------------------------------------------------------
       add_69_27_I25       +       unsigned   21x16      21               
       add_69_27_I24       +       unsigned   21x16      21               
       mul_61_39_I25
        non_booth          *       unsigned   8x8        16               
       add_69_27_I23       +       unsigned   21x16      21               
       mul_61_39_I24
        non_booth          *       unsigned   8x8        16               
       add_69_27_I22       +       unsigned   21x16      21               
       mul_61_39_I23
        non_booth          *       unsigned   8x8        16               
       add_69_27_I21       +       unsigned   21x16      21               
       mul_61_39_I22
        non_booth          *       unsigned   8x8        16               
       add_69_27_I20       +       unsigned   21x16      21               
       mul_61_39_I21
        non_booth          *       unsigned   8x8        16               
       add_69_27_I19       +       unsigned   21x16      21               
       mul_61_39_I20
        non_booth          *       unsigned   8x8        16               
       add_69_27_I18       +       unsigned   21x16      21               
       mul_61_39_I19
        non_booth          *       unsigned   8x8        16               
       add_69_27_I17       +       unsigned   21x16      21               
       mul_61_39_I18
        non_booth          *       unsigned   8x8        16               
       add_69_27_I16       +       unsigned   21x16      21               
       mul_61_39_I17
        non_booth          *       unsigned   8x8        16               
       add_69_27_I15       +       unsigned   21x16      21               
       mul_61_39_I16
        non_booth          *       unsigned   8x8        16               
       add_69_27_I14       +       unsigned   21x16      21               
       mul_61_39_I15
        non_booth          *       unsigned   8x8        16               
       add_69_27_I13       +       unsigned   21x16      21               
       mul_61_39_I14
        non_booth          *       unsigned   8x8        16               
       add_69_27_I12       +       unsigned   21x16      21               
       mul_61_39_I13
        non_booth          *       unsigned   8x8        16               
       add_69_27_I11       +       unsigned   21x16      21               
       mul_61_39_I12
        non_booth          *       unsigned   8x8        16               
       add_69_27_I10       +       unsigned   21x16      21               
       mul_61_39_I11
        non_booth          *       unsigned   8x8        16               
       add_69_27_I9        +       unsigned   21x16      21               
       mul_61_39_I10
        non_booth          *       unsigned   8x8        16               
       add_69_27_I8        +       unsigned   21x16      21               
       mul_61_39_I9
        non_booth          *       unsigned   8x8        16               
       add_69_27_I7        +       unsigned   21x16      21               
       mul_61_39_I8
        non_booth          *       unsigned   8x8        16               
       add_69_27_I6        +       unsigned   20x16      21               
       mul_61_39_I7
        non_booth          *       unsigned   8x8        16               
       add_69_27_I5        +       unsigned   19x16      20               
       mul_61_39_I6
        non_booth          *       unsigned   8x8        16               
       add_69_27_I4        +       unsigned   18x16      19               
       mul_61_39_I5
        non_booth          *       unsigned   8x8        16               
       add_69_27_I3        +       unsigned   17x16      18               
       mul_61_39_I4
        non_booth          *       unsigned   8x8        16               
       add_69_27_I2        +       unsigned   16x16      17               
       mul_61_39_I3
        non_booth          *       unsigned   8x8        16               
       mul_61_39_I1
        non_booth          *       unsigned   8x8        16               
       mul_61_39_I2
        non_booth          *       unsigned   8x8        16               
==========================================================================
pulpino_padstop
 pulpino_top_i
  peripherals_i
   apb_conv_i
    conv_init
     inst_mac[10].inst_mac_i
      csa_tree_add_69_27_I25_groupi
      module:csa_tree_add_69_27_I25_group_10981_4306_4
       very_fast     csa_and_adder            8x8x8x8x8x 21      18242.12 
                                              8x8x8x8x8x                  
                                              8x8x8x8x8x                  
                                              8x8x8x8x8x                  
                                              8x8x8x8x8x                  
                                              8x8x8x8x8x                  
                                              8x8x8x8x8x                  
                                              8x8x8x8x8x                  
                                              8x8x8x8x8x                  
                                              8x8x8x8x8                   
--------------------------------------------------------------------------
       add_69_27_I25       +       unsigned   21x16      21               
       add_69_27_I24       +       unsigned   21x16      21               
       mul_61_39_I25
        non_booth          *       unsigned   8x8        16               
       add_69_27_I23       +       unsigned   21x16      21               
       mul_61_39_I24
        non_booth          *       unsigned   8x8        16               
       add_69_27_I22       +       unsigned   21x16      21               
       mul_61_39_I23
        non_booth          *       unsigned   8x8        16               
       add_69_27_I21       +       unsigned   21x16      21               
       mul_61_39_I22
        non_booth          *       unsigned   8x8        16               
       add_69_27_I20       +       unsigned   21x16      21               
       mul_61_39_I21
        non_booth          *       unsigned   8x8        16               
       add_69_27_I19       +       unsigned   21x16      21               
       mul_61_39_I20
        non_booth          *       unsigned   8x8        16               
       add_69_27_I18       +       unsigned   21x16      21               
       mul_61_39_I19
        non_booth          *       unsigned   8x8        16               
       add_69_27_I17       +       unsigned   21x16      21               
       mul_61_39_I18
        non_booth          *       unsigned   8x8        16               
       add_69_27_I16       +       unsigned   21x16      21               
       mul_61_39_I17
        non_booth          *       unsigned   8x8        16               
       add_69_27_I15       +       unsigned   21x16      21               
       mul_61_39_I16
        non_booth          *       unsigned   8x8        16               
       add_69_27_I14       +       unsigned   21x16      21               
       mul_61_39_I15
        non_booth          *       unsigned   8x8        16               
       add_69_27_I13       +       unsigned   21x16      21               
       mul_61_39_I14
        non_booth          *       unsigned   8x8        16               
       add_69_27_I12       +       unsigned   21x16      21               
       mul_61_39_I13
        non_booth          *       unsigned   8x8        16               
       add_69_27_I11       +       unsigned   21x16      21               
       mul_61_39_I12
        non_booth          *       unsigned   8x8        16               
       add_69_27_I10       +       unsigned   21x16      21               
       mul_61_39_I11
        non_booth          *       unsigned   8x8        16               
       add_69_27_I9        +       unsigned   21x16      21               
       mul_61_39_I10
        non_booth          *       unsigned   8x8        16               
       add_69_27_I8        +       unsigned   21x16      21               
       mul_61_39_I9
        non_booth          *       unsigned   8x8        16               
       add_69_27_I7        +       unsigned   21x16      21               
       mul_61_39_I8
        non_booth          *       unsigned   8x8        16               
       add_69_27_I6        +       unsigned   20x16      21               
       mul_61_39_I7
        non_booth          *       unsigned   8x8        16               
       add_69_27_I5        +       unsigned   19x16      20               
       mul_61_39_I6
        non_booth          *       unsigned   8x8        16               
       add_69_27_I4        +       unsigned   18x16      19               
       mul_61_39_I5
        non_booth          *       unsigned   8x8        16               
       add_69_27_I3        +       unsigned   17x16      18               
       mul_61_39_I4
        non_booth          *       unsigned   8x8        16               
       add_69_27_I2        +       unsigned   16x16      17               
       mul_61_39_I3
        non_booth          *       unsigned   8x8        16               
       mul_61_39_I1
        non_booth          *       unsigned   8x8        16               
       mul_61_39_I2
        non_booth          *       unsigned   8x8        16               
==========================================================================
pulpino_padstop
 pulpino_top_i
  peripherals_i
   apb_conv_i
    conv_init
     inst_mac[11].inst_mac_i
      csa_tree_add_69_27_I25_groupi
      module:csa_tree_add_69_27_I25_group_10981_4306_5
       very_fast     csa_and_adder            8x8x8x8x8x 21      18242.12 
                                              8x8x8x8x8x                  
                                              8x8x8x8x8x                  
                                              8x8x8x8x8x                  
                                              8x8x8x8x8x                  
                                              8x8x8x8x8x                  
                                              8x8x8x8x8x                  
                                              8x8x8x8x8x                  
                                              8x8x8x8x8x                  
                                              8x8x8x8x8                   
--------------------------------------------------------------------------
       add_69_27_I25       +       unsigned   21x16      21               
       add_69_27_I24       +       unsigned   21x16      21               
       mul_61_39_I25
        non_booth          *       unsigned   8x8        16               
       add_69_27_I23       +       unsigned   21x16      21               
       mul_61_39_I24
        non_booth          *       unsigned   8x8        16               
       add_69_27_I22       +       unsigned   21x16      21               
       mul_61_39_I23
        non_booth          *       unsigned   8x8        16               
       add_69_27_I21       +       unsigned   21x16      21               
       mul_61_39_I22
        non_booth          *       unsigned   8x8        16               
       add_69_27_I20       +       unsigned   21x16      21               
       mul_61_39_I21
        non_booth          *       unsigned   8x8        16               
       add_69_27_I19       +       unsigned   21x16      21               
       mul_61_39_I20
        non_booth          *       unsigned   8x8        16               
       add_69_27_I18       +       unsigned   21x16      21               
       mul_61_39_I19
        non_booth          *       unsigned   8x8        16               
       add_69_27_I17       +       unsigned   21x16      21               
       mul_61_39_I18
        non_booth          *       unsigned   8x8        16               
       add_69_27_I16       +       unsigned   21x16      21               
       mul_61_39_I17
        non_booth          *       unsigned   8x8        16               
       add_69_27_I15       +       unsigned   21x16      21               
       mul_61_39_I16
        non_booth          *       unsigned   8x8        16               
       add_69_27_I14       +       unsigned   21x16      21               
       mul_61_39_I15
        non_booth          *       unsigned   8x8        16               
       add_69_27_I13       +       unsigned   21x16      21               
       mul_61_39_I14
        non_booth          *       unsigned   8x8        16               
       add_69_27_I12       +       unsigned   21x16      21               
       mul_61_39_I13
        non_booth          *       unsigned   8x8        16               
       add_69_27_I11       +       unsigned   21x16      21               
       mul_61_39_I12
        non_booth          *       unsigned   8x8        16               
       add_69_27_I10       +       unsigned   21x16      21               
       mul_61_39_I11
        non_booth          *       unsigned   8x8        16               
       add_69_27_I9        +       unsigned   21x16      21               
       mul_61_39_I10
        non_booth          *       unsigned   8x8        16               
       add_69_27_I8        +       unsigned   21x16      21               
       mul_61_39_I9
        non_booth          *       unsigned   8x8        16               
       add_69_27_I7        +       unsigned   21x16      21               
       mul_61_39_I8
        non_booth          *       unsigned   8x8        16               
       add_69_27_I6        +       unsigned   20x16      21               
       mul_61_39_I7
        non_booth          *       unsigned   8x8        16               
       add_69_27_I5        +       unsigned   19x16      20               
       mul_61_39_I6
        non_booth          *       unsigned   8x8        16               
       add_69_27_I4        +       unsigned   18x16      19               
       mul_61_39_I5
        non_booth          *       unsigned   8x8        16               
       add_69_27_I3        +       unsigned   17x16      18               
       mul_61_39_I4
        non_booth          *       unsigned   8x8        16               
       add_69_27_I2        +       unsigned   16x16      17               
       mul_61_39_I3
        non_booth          *       unsigned   8x8        16               
       mul_61_39_I1
        non_booth          *       unsigned   8x8        16               
       mul_61_39_I2
        non_booth          *       unsigned   8x8        16               
==========================================================================
pulpino_padstop
 pulpino_top_i
  peripherals_i
   apb_conv_i
    conv_init
     inst_mac[12].inst_mac_i
      csa_tree_add_69_27_I25_groupi
      module:csa_tree_add_69_27_I25_group_10981_4319
       very_fast     csa_and_adder            8x8x8x8x8x 21      18242.12 
                                              8x8x8x8x8x                  
                                              8x8x8x8x8x                  
                                              8x8x8x8x8x                  
                                              8x8x8x8x8x                  
                                              8x8x8x8x8x                  
                                              8x8x8x8x8x                  
                                              8x8x8x8x8x                  
                                              8x8x8x8x8x                  
                                              8x8x8x8x8                   
--------------------------------------------------------------------------
       add_69_27_I25       +       unsigned   21x16      21               
       add_69_27_I24       +       unsigned   21x16      21               
       mul_61_39_I25
        non_booth          *       unsigned   8x8        16               
       add_69_27_I23       +       unsigned   21x16      21               
       mul_61_39_I24
        non_booth          *       unsigned   8x8        16               
       add_69_27_I22       +       unsigned   21x16      21               
       mul_61_39_I23
        non_booth          *       unsigned   8x8        16               
       add_69_27_I21       +       unsigned   21x16      21               
       mul_61_39_I22
        non_booth          *       unsigned   8x8        16               
       add_69_27_I20       +       unsigned   21x16      21               
       mul_61_39_I21
        non_booth          *       unsigned   8x8        16               
       add_69_27_I19       +       unsigned   21x16      21               
       mul_61_39_I20
        non_booth          *       unsigned   8x8        16               
       add_69_27_I18       +       unsigned   21x16      21               
       mul_61_39_I19
        non_booth          *       unsigned   8x8        16               
       add_69_27_I17       +       unsigned   21x16      21               
       mul_61_39_I18
        non_booth          *       unsigned   8x8        16               
       add_69_27_I16       +       unsigned   21x16      21               
       mul_61_39_I17
        non_booth          *       unsigned   8x8        16               
       add_69_27_I15       +       unsigned   21x16      21               
       mul_61_39_I16
        non_booth          *       unsigned   8x8        16               
       add_69_27_I14       +       unsigned   21x16      21               
       mul_61_39_I15
        non_booth          *       unsigned   8x8        16               
       add_69_27_I13       +       unsigned   21x16      21               
       mul_61_39_I14
        non_booth          *       unsigned   8x8        16               
       add_69_27_I12       +       unsigned   21x16      21               
       mul_61_39_I13
        non_booth          *       unsigned   8x8        16               
       add_69_27_I11       +       unsigned   21x16      21               
       mul_61_39_I12
        non_booth          *       unsigned   8x8        16               
       add_69_27_I10       +       unsigned   21x16      21               
       mul_61_39_I11
        non_booth          *       unsigned   8x8        16               
       add_69_27_I9        +       unsigned   21x16      21               
       mul_61_39_I10
        non_booth          *       unsigned   8x8        16               
       add_69_27_I8        +       unsigned   21x16      21               
       mul_61_39_I9
        non_booth          *       unsigned   8x8        16               
       add_69_27_I7        +       unsigned   21x16      21               
       mul_61_39_I8
        non_booth          *       unsigned   8x8        16               
       add_69_27_I6        +       unsigned   20x16      21               
       mul_61_39_I7
        non_booth          *       unsigned   8x8        16               
       add_69_27_I5        +       unsigned   19x16      20               
       mul_61_39_I6
        non_booth          *       unsigned   8x8        16               
       add_69_27_I4        +       unsigned   18x16      19               
       mul_61_39_I5
        non_booth          *       unsigned   8x8        16               
       add_69_27_I3        +       unsigned   17x16      18               
       mul_61_39_I4
        non_booth          *       unsigned   8x8        16               
       add_69_27_I2        +       unsigned   16x16      17               
       mul_61_39_I3
        non_booth          *       unsigned   8x8        16               
       mul_61_39_I1
        non_booth          *       unsigned   8x8        16               
       mul_61_39_I2
        non_booth          *       unsigned   8x8        16               
==========================================================================
pulpino_padstop
 pulpino_top_i
  peripherals_i
   apb_conv_i
    conv_init
     inst_mac[13].inst_mac_i
      csa_tree_add_69_27_I25_groupi
      module:csa_tree_add_69_27_I25_group_10981_4319_1
       very_fast     csa_and_adder            8x8x8x8x8x 21      18242.12 
                                              8x8x8x8x8x                  
                                              8x8x8x8x8x                  
                                              8x8x8x8x8x                  
                                              8x8x8x8x8x                  
                                              8x8x8x8x8x                  
                                              8x8x8x8x8x                  
                                              8x8x8x8x8x                  
                                              8x8x8x8x8x                  
                                              8x8x8x8x8                   
--------------------------------------------------------------------------
       add_69_27_I25       +       unsigned   21x16      21               
       add_69_27_I24       +       unsigned   21x16      21               
       mul_61_39_I25
        non_booth          *       unsigned   8x8        16               
       add_69_27_I23       +       unsigned   21x16      21               
       mul_61_39_I24
        non_booth          *       unsigned   8x8        16               
       add_69_27_I22       +       unsigned   21x16      21               
       mul_61_39_I23
        non_booth          *       unsigned   8x8        16               
       add_69_27_I21       +       unsigned   21x16      21               
       mul_61_39_I22
        non_booth          *       unsigned   8x8        16               
       add_69_27_I20       +       unsigned   21x16      21               
       mul_61_39_I21
        non_booth          *       unsigned   8x8        16               
       add_69_27_I19       +       unsigned   21x16      21               
       mul_61_39_I20
        non_booth          *       unsigned   8x8        16               
       add_69_27_I18       +       unsigned   21x16      21               
       mul_61_39_I19
        non_booth          *       unsigned   8x8        16               
       add_69_27_I17       +       unsigned   21x16      21               
       mul_61_39_I18
        non_booth          *       unsigned   8x8        16               
       add_69_27_I16       +       unsigned   21x16      21               
       mul_61_39_I17
        non_booth          *       unsigned   8x8        16               
       add_69_27_I15       +       unsigned   21x16      21               
       mul_61_39_I16
        non_booth          *       unsigned   8x8        16               
       add_69_27_I14       +       unsigned   21x16      21               
       mul_61_39_I15
        non_booth          *       unsigned   8x8        16               
       add_69_27_I13       +       unsigned   21x16      21               
       mul_61_39_I14
        non_booth          *       unsigned   8x8        16               
       add_69_27_I12       +       unsigned   21x16      21               
       mul_61_39_I13
        non_booth          *       unsigned   8x8        16               
       add_69_27_I11       +       unsigned   21x16      21               
       mul_61_39_I12
        non_booth          *       unsigned   8x8        16               
       add_69_27_I10       +       unsigned   21x16      21               
       mul_61_39_I11
        non_booth          *       unsigned   8x8        16               
       add_69_27_I9        +       unsigned   21x16      21               
       mul_61_39_I10
        non_booth          *       unsigned   8x8        16               
       add_69_27_I8        +       unsigned   21x16      21               
       mul_61_39_I9
        non_booth          *       unsigned   8x8        16               
       add_69_27_I7        +       unsigned   21x16      21               
       mul_61_39_I8
        non_booth          *       unsigned   8x8        16               
       add_69_27_I6        +       unsigned   20x16      21               
       mul_61_39_I7
        non_booth          *       unsigned   8x8        16               
       add_69_27_I5        +       unsigned   19x16      20               
       mul_61_39_I6
        non_booth          *       unsigned   8x8        16               
       add_69_27_I4        +       unsigned   18x16      19               
       mul_61_39_I5
        non_booth          *       unsigned   8x8        16               
       add_69_27_I3        +       unsigned   17x16      18               
       mul_61_39_I4
        non_booth          *       unsigned   8x8        16               
       add_69_27_I2        +       unsigned   16x16      17               
       mul_61_39_I3
        non_booth          *       unsigned   8x8        16               
       mul_61_39_I1
        non_booth          *       unsigned   8x8        16               
       mul_61_39_I2
        non_booth          *       unsigned   8x8        16               
==========================================================================
pulpino_padstop
 pulpino_top_i
  peripherals_i
   apb_conv_i
    conv_init
     inst_mac[14].inst_mac_i
      csa_tree_add_69_27_I25_groupi
      module:csa_tree_add_69_27_I25_group_10981_4319_2
       very_fast     csa_and_adder            8x8x8x8x8x 21      18242.12 
                                              8x8x8x8x8x                  
                                              8x8x8x8x8x                  
                                              8x8x8x8x8x                  
                                              8x8x8x8x8x                  
                                              8x8x8x8x8x                  
                                              8x8x8x8x8x                  
                                              8x8x8x8x8x                  
                                              8x8x8x8x8x                  
                                              8x8x8x8x8                   
--------------------------------------------------------------------------
       add_69_27_I25       +       unsigned   21x16      21               
       add_69_27_I24       +       unsigned   21x16      21               
       mul_61_39_I25
        non_booth          *       unsigned   8x8        16               
       add_69_27_I23       +       unsigned   21x16      21               
       mul_61_39_I24
        non_booth          *       unsigned   8x8        16               
       add_69_27_I22       +       unsigned   21x16      21               
       mul_61_39_I23
        non_booth          *       unsigned   8x8        16               
       add_69_27_I21       +       unsigned   21x16      21               
       mul_61_39_I22
        non_booth          *       unsigned   8x8        16               
       add_69_27_I20       +       unsigned   21x16      21               
       mul_61_39_I21
        non_booth          *       unsigned   8x8        16               
       add_69_27_I19       +       unsigned   21x16      21               
       mul_61_39_I20
        non_booth          *       unsigned   8x8        16               
       add_69_27_I18       +       unsigned   21x16      21               
       mul_61_39_I19
        non_booth          *       unsigned   8x8        16               
       add_69_27_I17       +       unsigned   21x16      21               
       mul_61_39_I18
        non_booth          *       unsigned   8x8        16               
       add_69_27_I16       +       unsigned   21x16      21               
       mul_61_39_I17
        non_booth          *       unsigned   8x8        16               
       add_69_27_I15       +       unsigned   21x16      21               
       mul_61_39_I16
        non_booth          *       unsigned   8x8        16               
       add_69_27_I14       +       unsigned   21x16      21               
       mul_61_39_I15
        non_booth          *       unsigned   8x8        16               
       add_69_27_I13       +       unsigned   21x16      21               
       mul_61_39_I14
        non_booth          *       unsigned   8x8        16               
       add_69_27_I12       +       unsigned   21x16      21               
       mul_61_39_I13
        non_booth          *       unsigned   8x8        16               
       add_69_27_I11       +       unsigned   21x16      21               
       mul_61_39_I12
        non_booth          *       unsigned   8x8        16               
       add_69_27_I10       +       unsigned   21x16      21               
       mul_61_39_I11
        non_booth          *       unsigned   8x8        16               
       add_69_27_I9        +       unsigned   21x16      21               
       mul_61_39_I10
        non_booth          *       unsigned   8x8        16               
       add_69_27_I8        +       unsigned   21x16      21               
       mul_61_39_I9
        non_booth          *       unsigned   8x8        16               
       add_69_27_I7        +       unsigned   21x16      21               
       mul_61_39_I8
        non_booth          *       unsigned   8x8        16               
       add_69_27_I6        +       unsigned   20x16      21               
       mul_61_39_I7
        non_booth          *       unsigned   8x8        16               
       add_69_27_I5        +       unsigned   19x16      20               
       mul_61_39_I6
        non_booth          *       unsigned   8x8        16               
       add_69_27_I4        +       unsigned   18x16      19               
       mul_61_39_I5
        non_booth          *       unsigned   8x8        16               
       add_69_27_I3        +       unsigned   17x16      18               
       mul_61_39_I4
        non_booth          *       unsigned   8x8        16               
       add_69_27_I2        +       unsigned   16x16      17               
       mul_61_39_I3
        non_booth          *       unsigned   8x8        16               
       mul_61_39_I1
        non_booth          *       unsigned   8x8        16               
       mul_61_39_I2
        non_booth          *       unsigned   8x8        16               
==========================================================================
pulpino_padstop
 pulpino_top_i
  peripherals_i
   apb_conv_i
    conv_init
     inst_mac[15].inst_mac_i
      csa_tree_add_69_27_I25_groupi
      module:csa_tree_add_69_27_I25_group_10981_4319_3
       very_fast     csa_and_adder            8x8x8x8x8x 21      18242.12 
                                              8x8x8x8x8x                  
                                              8x8x8x8x8x                  
                                              8x8x8x8x8x                  
                                              8x8x8x8x8x                  
                                              8x8x8x8x8x                  
                                              8x8x8x8x8x                  
                                              8x8x8x8x8x                  
                                              8x8x8x8x8x                  
                                              8x8x8x8x8                   
--------------------------------------------------------------------------
       add_69_27_I25       +       unsigned   21x16      21               
       add_69_27_I24       +       unsigned   21x16      21               
       mul_61_39_I25
        non_booth          *       unsigned   8x8        16               
       add_69_27_I23       +       unsigned   21x16      21               
       mul_61_39_I24
        non_booth          *       unsigned   8x8        16               
       add_69_27_I22       +       unsigned   21x16      21               
       mul_61_39_I23
        non_booth          *       unsigned   8x8        16               
       add_69_27_I21       +       unsigned   21x16      21               
       mul_61_39_I22
        non_booth          *       unsigned   8x8        16               
       add_69_27_I20       +       unsigned   21x16      21               
       mul_61_39_I21
        non_booth          *       unsigned   8x8        16               
       add_69_27_I19       +       unsigned   21x16      21               
       mul_61_39_I20
        non_booth          *       unsigned   8x8        16               
       add_69_27_I18       +       unsigned   21x16      21               
       mul_61_39_I19
        non_booth          *       unsigned   8x8        16               
       add_69_27_I17       +       unsigned   21x16      21               
       mul_61_39_I18
        non_booth          *       unsigned   8x8        16               
       add_69_27_I16       +       unsigned   21x16      21               
       mul_61_39_I17
        non_booth          *       unsigned   8x8        16               
       add_69_27_I15       +       unsigned   21x16      21               
       mul_61_39_I16
        non_booth          *       unsigned   8x8        16               
       add_69_27_I14       +       unsigned   21x16      21               
       mul_61_39_I15
        non_booth          *       unsigned   8x8        16               
       add_69_27_I13       +       unsigned   21x16      21               
       mul_61_39_I14
        non_booth          *       unsigned   8x8        16               
       add_69_27_I12       +       unsigned   21x16      21               
       mul_61_39_I13
        non_booth          *       unsigned   8x8        16               
       add_69_27_I11       +       unsigned   21x16      21               
       mul_61_39_I12
        non_booth          *       unsigned   8x8        16               
       add_69_27_I10       +       unsigned   21x16      21               
       mul_61_39_I11
        non_booth          *       unsigned   8x8        16               
       add_69_27_I9        +       unsigned   21x16      21               
       mul_61_39_I10
        non_booth          *       unsigned   8x8        16               
       add_69_27_I8        +       unsigned   21x16      21               
       mul_61_39_I9
        non_booth          *       unsigned   8x8        16               
       add_69_27_I7        +       unsigned   21x16      21               
       mul_61_39_I8
        non_booth          *       unsigned   8x8        16               
       add_69_27_I6        +       unsigned   20x16      21               
       mul_61_39_I7
        non_booth          *       unsigned   8x8        16               
       add_69_27_I5        +       unsigned   19x16      20               
       mul_61_39_I6
        non_booth          *       unsigned   8x8        16               
       add_69_27_I4        +       unsigned   18x16      19               
       mul_61_39_I5
        non_booth          *       unsigned   8x8        16               
       add_69_27_I3        +       unsigned   17x16      18               
       mul_61_39_I4
        non_booth          *       unsigned   8x8        16               
       add_69_27_I2        +       unsigned   16x16      17               
       mul_61_39_I3
        non_booth          *       unsigned   8x8        16               
       mul_61_39_I1
        non_booth          *       unsigned   8x8        16               
       mul_61_39_I2
        non_booth          *       unsigned   8x8        16               
==========================================================================
pulpino_padstop
 pulpino_top_i
  peripherals_i
   apb_conv_i
    conv_init
     inst_mac[16].inst_mac_i
      csa_tree_add_69_27_I25_groupi
      module:csa_tree_add_69_27_I25_group_10981_4319_4
       very_fast     csa_and_adder            8x8x8x8x8x 21      18242.12 
                                              8x8x8x8x8x                  
                                              8x8x8x8x8x                  
                                              8x8x8x8x8x                  
                                              8x8x8x8x8x                  
                                              8x8x8x8x8x                  
                                              8x8x8x8x8x                  
                                              8x8x8x8x8x                  
                                              8x8x8x8x8x                  
                                              8x8x8x8x8                   
--------------------------------------------------------------------------
       add_69_27_I25       +       unsigned   21x16      21               
       add_69_27_I24       +       unsigned   21x16      21               
       mul_61_39_I25
        non_booth          *       unsigned   8x8        16               
       add_69_27_I23       +       unsigned   21x16      21               
       mul_61_39_I24
        non_booth          *       unsigned   8x8        16               
       add_69_27_I22       +       unsigned   21x16      21               
       mul_61_39_I23
        non_booth          *       unsigned   8x8        16               
       add_69_27_I21       +       unsigned   21x16      21               
       mul_61_39_I22
        non_booth          *       unsigned   8x8        16               
       add_69_27_I20       +       unsigned   21x16      21               
       mul_61_39_I21
        non_booth          *       unsigned   8x8        16               
       add_69_27_I19       +       unsigned   21x16      21               
       mul_61_39_I20
        non_booth          *       unsigned   8x8        16               
       add_69_27_I18       +       unsigned   21x16      21               
       mul_61_39_I19
        non_booth          *       unsigned   8x8        16               
       add_69_27_I17       +       unsigned   21x16      21               
       mul_61_39_I18
        non_booth          *       unsigned   8x8        16               
       add_69_27_I16       +       unsigned   21x16      21               
       mul_61_39_I17
        non_booth          *       unsigned   8x8        16               
       add_69_27_I15       +       unsigned   21x16      21               
       mul_61_39_I16
        non_booth          *       unsigned   8x8        16               
       add_69_27_I14       +       unsigned   21x16      21               
       mul_61_39_I15
        non_booth          *       unsigned   8x8        16               
       add_69_27_I13       +       unsigned   21x16      21               
       mul_61_39_I14
        non_booth          *       unsigned   8x8        16               
       add_69_27_I12       +       unsigned   21x16      21               
       mul_61_39_I13
        non_booth          *       unsigned   8x8        16               
       add_69_27_I11       +       unsigned   21x16      21               
       mul_61_39_I12
        non_booth          *       unsigned   8x8        16               
       add_69_27_I10       +       unsigned   21x16      21               
       mul_61_39_I11
        non_booth          *       unsigned   8x8        16               
       add_69_27_I9        +       unsigned   21x16      21               
       mul_61_39_I10
        non_booth          *       unsigned   8x8        16               
       add_69_27_I8        +       unsigned   21x16      21               
       mul_61_39_I9
        non_booth          *       unsigned   8x8        16               
       add_69_27_I7        +       unsigned   21x16      21               
       mul_61_39_I8
        non_booth          *       unsigned   8x8        16               
       add_69_27_I6        +       unsigned   20x16      21               
       mul_61_39_I7
        non_booth          *       unsigned   8x8        16               
       add_69_27_I5        +       unsigned   19x16      20               
       mul_61_39_I6
        non_booth          *       unsigned   8x8        16               
       add_69_27_I4        +       unsigned   18x16      19               
       mul_61_39_I5
        non_booth          *       unsigned   8x8        16               
       add_69_27_I3        +       unsigned   17x16      18               
       mul_61_39_I4
        non_booth          *       unsigned   8x8        16               
       add_69_27_I2        +       unsigned   16x16      17               
       mul_61_39_I3
        non_booth          *       unsigned   8x8        16               
       mul_61_39_I1
        non_booth          *       unsigned   8x8        16               
       mul_61_39_I2
        non_booth          *       unsigned   8x8        16               
==========================================================================
pulpino_padstop
 pulpino_top_i
  peripherals_i
   apb_conv_i
    conv_init
     inst_mac[17].inst_mac_i
      csa_tree_add_69_27_I25_groupi
      module:csa_tree_add_69_27_I25_group_10981_4319_5
       very_fast     csa_and_adder            8x8x8x8x8x 21      18242.12 
                                              8x8x8x8x8x                  
                                              8x8x8x8x8x                  
                                              8x8x8x8x8x                  
                                              8x8x8x8x8x                  
                                              8x8x8x8x8x                  
                                              8x8x8x8x8x                  
                                              8x8x8x8x8x                  
                                              8x8x8x8x8x                  
                                              8x8x8x8x8                   
--------------------------------------------------------------------------
       add_69_27_I25       +       unsigned   21x16      21               
       add_69_27_I24       +       unsigned   21x16      21               
       mul_61_39_I25
        non_booth          *       unsigned   8x8        16               
       add_69_27_I23       +       unsigned   21x16      21               
       mul_61_39_I24
        non_booth          *       unsigned   8x8        16               
       add_69_27_I22       +       unsigned   21x16      21               
       mul_61_39_I23
        non_booth          *       unsigned   8x8        16               
       add_69_27_I21       +       unsigned   21x16      21               
       mul_61_39_I22
        non_booth          *       unsigned   8x8        16               
       add_69_27_I20       +       unsigned   21x16      21               
       mul_61_39_I21
        non_booth          *       unsigned   8x8        16               
       add_69_27_I19       +       unsigned   21x16      21               
       mul_61_39_I20
        non_booth          *       unsigned   8x8        16               
       add_69_27_I18       +       unsigned   21x16      21               
       mul_61_39_I19
        non_booth          *       unsigned   8x8        16               
       add_69_27_I17       +       unsigned   21x16      21               
       mul_61_39_I18
        non_booth          *       unsigned   8x8        16               
       add_69_27_I16       +       unsigned   21x16      21               
       mul_61_39_I17
        non_booth          *       unsigned   8x8        16               
       add_69_27_I15       +       unsigned   21x16      21               
       mul_61_39_I16
        non_booth          *       unsigned   8x8        16               
       add_69_27_I14       +       unsigned   21x16      21               
       mul_61_39_I15
        non_booth          *       unsigned   8x8        16               
       add_69_27_I13       +       unsigned   21x16      21               
       mul_61_39_I14
        non_booth          *       unsigned   8x8        16               
       add_69_27_I12       +       unsigned   21x16      21               
       mul_61_39_I13
        non_booth          *       unsigned   8x8        16               
       add_69_27_I11       +       unsigned   21x16      21               
       mul_61_39_I12
        non_booth          *       unsigned   8x8        16               
       add_69_27_I10       +       unsigned   21x16      21               
       mul_61_39_I11
        non_booth          *       unsigned   8x8        16               
       add_69_27_I9        +       unsigned   21x16      21               
       mul_61_39_I10
        non_booth          *       unsigned   8x8        16               
       add_69_27_I8        +       unsigned   21x16      21               
       mul_61_39_I9
        non_booth          *       unsigned   8x8        16               
       add_69_27_I7        +       unsigned   21x16      21               
       mul_61_39_I8
        non_booth          *       unsigned   8x8        16               
       add_69_27_I6        +       unsigned   20x16      21               
       mul_61_39_I7
        non_booth          *       unsigned   8x8        16               
       add_69_27_I5        +       unsigned   19x16      20               
       mul_61_39_I6
        non_booth          *       unsigned   8x8        16               
       add_69_27_I4        +       unsigned   18x16      19               
       mul_61_39_I5
        non_booth          *       unsigned   8x8        16               
       add_69_27_I3        +       unsigned   17x16      18               
       mul_61_39_I4
        non_booth          *       unsigned   8x8        16               
       add_69_27_I2        +       unsigned   16x16      17               
       mul_61_39_I3
        non_booth          *       unsigned   8x8        16               
       mul_61_39_I1
        non_booth          *       unsigned   8x8        16               
       mul_61_39_I2
        non_booth          *       unsigned   8x8        16               
==========================================================================
pulpino_padstop
 pulpino_top_i
  peripherals_i
   apb_conv_i
    conv_init
     inst_mac[18].inst_mac_i
      csa_tree_add_69_27_I25_groupi
      module:csa_tree_add_69_27_I25_group_10981_4332
       very_fast     csa_and_adder            8x8x8x8x8x 21      18242.12 
                                              8x8x8x8x8x                  
                                              8x8x8x8x8x                  
                                              8x8x8x8x8x                  
                                              8x8x8x8x8x                  
                                              8x8x8x8x8x                  
                                              8x8x8x8x8x                  
                                              8x8x8x8x8x                  
                                              8x8x8x8x8x                  
                                              8x8x8x8x8                   
--------------------------------------------------------------------------
       add_69_27_I25       +       unsigned   21x16      21               
       add_69_27_I24       +       unsigned   21x16      21               
       mul_61_39_I25
        non_booth          *       unsigned   8x8        16               
       add_69_27_I23       +       unsigned   21x16      21               
       mul_61_39_I24
        non_booth          *       unsigned   8x8        16               
       add_69_27_I22       +       unsigned   21x16      21               
       mul_61_39_I23
        non_booth          *       unsigned   8x8        16               
       add_69_27_I21       +       unsigned   21x16      21               
       mul_61_39_I22
        non_booth          *       unsigned   8x8        16               
       add_69_27_I20       +       unsigned   21x16      21               
       mul_61_39_I21
        non_booth          *       unsigned   8x8        16               
       add_69_27_I19       +       unsigned   21x16      21               
       mul_61_39_I20
        non_booth          *       unsigned   8x8        16               
       add_69_27_I18       +       unsigned   21x16      21               
       mul_61_39_I19
        non_booth          *       unsigned   8x8        16               
       add_69_27_I17       +       unsigned   21x16      21               
       mul_61_39_I18
        non_booth          *       unsigned   8x8        16               
       add_69_27_I16       +       unsigned   21x16      21               
       mul_61_39_I17
        non_booth          *       unsigned   8x8        16               
       add_69_27_I15       +       unsigned   21x16      21               
       mul_61_39_I16
        non_booth          *       unsigned   8x8        16               
       add_69_27_I14       +       unsigned   21x16      21               
       mul_61_39_I15
        non_booth          *       unsigned   8x8        16               
       add_69_27_I13       +       unsigned   21x16      21               
       mul_61_39_I14
        non_booth          *       unsigned   8x8        16               
       add_69_27_I12       +       unsigned   21x16      21               
       mul_61_39_I13
        non_booth          *       unsigned   8x8        16               
       add_69_27_I11       +       unsigned   21x16      21               
       mul_61_39_I12
        non_booth          *       unsigned   8x8        16               
       add_69_27_I10       +       unsigned   21x16      21               
       mul_61_39_I11
        non_booth          *       unsigned   8x8        16               
       add_69_27_I9        +       unsigned   21x16      21               
       mul_61_39_I10
        non_booth          *       unsigned   8x8        16               
       add_69_27_I8        +       unsigned   21x16      21               
       mul_61_39_I9
        non_booth          *       unsigned   8x8        16               
       add_69_27_I7        +       unsigned   21x16      21               
       mul_61_39_I8
        non_booth          *       unsigned   8x8        16               
       add_69_27_I6        +       unsigned   20x16      21               
       mul_61_39_I7
        non_booth          *       unsigned   8x8        16               
       add_69_27_I5        +       unsigned   19x16      20               
       mul_61_39_I6
        non_booth          *       unsigned   8x8        16               
       add_69_27_I4        +       unsigned   18x16      19               
       mul_61_39_I5
        non_booth          *       unsigned   8x8        16               
       add_69_27_I3        +       unsigned   17x16      18               
       mul_61_39_I4
        non_booth          *       unsigned   8x8        16               
       add_69_27_I2        +       unsigned   16x16      17               
       mul_61_39_I3
        non_booth          *       unsigned   8x8        16               
       mul_61_39_I1
        non_booth          *       unsigned   8x8        16               
       mul_61_39_I2
        non_booth          *       unsigned   8x8        16               
==========================================================================
pulpino_padstop
 pulpino_top_i
  peripherals_i
   apb_conv_i
    conv_init
     inst_mac[19].inst_mac_i
      csa_tree_add_69_27_I25_groupi
      module:csa_tree_add_69_27_I25_group_10981_4332_1
       very_fast     csa_and_adder            8x8x8x8x8x 21      18242.12 
                                              8x8x8x8x8x                  
                                              8x8x8x8x8x                  
                                              8x8x8x8x8x                  
                                              8x8x8x8x8x                  
                                              8x8x8x8x8x                  
                                              8x8x8x8x8x                  
                                              8x8x8x8x8x                  
                                              8x8x8x8x8x                  
                                              8x8x8x8x8                   
--------------------------------------------------------------------------
       add_69_27_I25       +       unsigned   21x16      21               
       add_69_27_I24       +       unsigned   21x16      21               
       mul_61_39_I25
        non_booth          *       unsigned   8x8        16               
       add_69_27_I23       +       unsigned   21x16      21               
       mul_61_39_I24
        non_booth          *       unsigned   8x8        16               
       add_69_27_I22       +       unsigned   21x16      21               
       mul_61_39_I23
        non_booth          *       unsigned   8x8        16               
       add_69_27_I21       +       unsigned   21x16      21               
       mul_61_39_I22
        non_booth          *       unsigned   8x8        16               
       add_69_27_I20       +       unsigned   21x16      21               
       mul_61_39_I21
        non_booth          *       unsigned   8x8        16               
       add_69_27_I19       +       unsigned   21x16      21               
       mul_61_39_I20
        non_booth          *       unsigned   8x8        16               
       add_69_27_I18       +       unsigned   21x16      21               
       mul_61_39_I19
        non_booth          *       unsigned   8x8        16               
       add_69_27_I17       +       unsigned   21x16      21               
       mul_61_39_I18
        non_booth          *       unsigned   8x8        16               
       add_69_27_I16       +       unsigned   21x16      21               
       mul_61_39_I17
        non_booth          *       unsigned   8x8        16               
       add_69_27_I15       +       unsigned   21x16      21               
       mul_61_39_I16
        non_booth          *       unsigned   8x8        16               
       add_69_27_I14       +       unsigned   21x16      21               
       mul_61_39_I15
        non_booth          *       unsigned   8x8        16               
       add_69_27_I13       +       unsigned   21x16      21               
       mul_61_39_I14
        non_booth          *       unsigned   8x8        16               
       add_69_27_I12       +       unsigned   21x16      21               
       mul_61_39_I13
        non_booth          *       unsigned   8x8        16               
       add_69_27_I11       +       unsigned   21x16      21               
       mul_61_39_I12
        non_booth          *       unsigned   8x8        16               
       add_69_27_I10       +       unsigned   21x16      21               
       mul_61_39_I11
        non_booth          *       unsigned   8x8        16               
       add_69_27_I9        +       unsigned   21x16      21               
       mul_61_39_I10
        non_booth          *       unsigned   8x8        16               
       add_69_27_I8        +       unsigned   21x16      21               
       mul_61_39_I9
        non_booth          *       unsigned   8x8        16               
       add_69_27_I7        +       unsigned   21x16      21               
       mul_61_39_I8
        non_booth          *       unsigned   8x8        16               
       add_69_27_I6        +       unsigned   20x16      21               
       mul_61_39_I7
        non_booth          *       unsigned   8x8        16               
       add_69_27_I5        +       unsigned   19x16      20               
       mul_61_39_I6
        non_booth          *       unsigned   8x8        16               
       add_69_27_I4        +       unsigned   18x16      19               
       mul_61_39_I5
        non_booth          *       unsigned   8x8        16               
       add_69_27_I3        +       unsigned   17x16      18               
       mul_61_39_I4
        non_booth          *       unsigned   8x8        16               
       add_69_27_I2        +       unsigned   16x16      17               
       mul_61_39_I3
        non_booth          *       unsigned   8x8        16               
       mul_61_39_I1
        non_booth          *       unsigned   8x8        16               
       mul_61_39_I2
        non_booth          *       unsigned   8x8        16               
==========================================================================
pulpino_padstop
 pulpino_top_i
  peripherals_i
   apb_conv_i
    conv_init
     inst_mac[1].inst_mac_i
      csa_tree_add_69_27_I25_groupi
      module:csa_tree_add_69_27_I25_group_10981_1
       very_fast     csa_and_adder            8x8x8x8x8x 21      18242.12 
                                              8x8x8x8x8x                  
                                              8x8x8x8x8x                  
                                              8x8x8x8x8x                  
                                              8x8x8x8x8x                  
                                              8x8x8x8x8x                  
                                              8x8x8x8x8x                  
                                              8x8x8x8x8x                  
                                              8x8x8x8x8x                  
                                              8x8x8x8x8                   
--------------------------------------------------------------------------
       add_69_27_I25       +       unsigned   21x16      21               
       add_69_27_I24       +       unsigned   21x16      21               
       mul_61_39_I25
        non_booth          *       unsigned   8x8        16               
       add_69_27_I23       +       unsigned   21x16      21               
       mul_61_39_I24
        non_booth          *       unsigned   8x8        16               
       add_69_27_I22       +       unsigned   21x16      21               
       mul_61_39_I23
        non_booth          *       unsigned   8x8        16               
       add_69_27_I21       +       unsigned   21x16      21               
       mul_61_39_I22
        non_booth          *       unsigned   8x8        16               
       add_69_27_I20       +       unsigned   21x16      21               
       mul_61_39_I21
        non_booth          *       unsigned   8x8        16               
       add_69_27_I19       +       unsigned   21x16      21               
       mul_61_39_I20
        non_booth          *       unsigned   8x8        16               
       add_69_27_I18       +       unsigned   21x16      21               
       mul_61_39_I19
        non_booth          *       unsigned   8x8        16               
       add_69_27_I17       +       unsigned   21x16      21               
       mul_61_39_I18
        non_booth          *       unsigned   8x8        16               
       add_69_27_I16       +       unsigned   21x16      21               
       mul_61_39_I17
        non_booth          *       unsigned   8x8        16               
       add_69_27_I15       +       unsigned   21x16      21               
       mul_61_39_I16
        non_booth          *       unsigned   8x8        16               
       add_69_27_I14       +       unsigned   21x16      21               
       mul_61_39_I15
        non_booth          *       unsigned   8x8        16               
       add_69_27_I13       +       unsigned   21x16      21               
       mul_61_39_I14
        non_booth          *       unsigned   8x8        16               
       add_69_27_I12       +       unsigned   21x16      21               
       mul_61_39_I13
        non_booth          *       unsigned   8x8        16               
       add_69_27_I11       +       unsigned   21x16      21               
       mul_61_39_I12
        non_booth          *       unsigned   8x8        16               
       add_69_27_I10       +       unsigned   21x16      21               
       mul_61_39_I11
        non_booth          *       unsigned   8x8        16               
       add_69_27_I9        +       unsigned   21x16      21               
       mul_61_39_I10
        non_booth          *       unsigned   8x8        16               
       add_69_27_I8        +       unsigned   21x16      21               
       mul_61_39_I9
        non_booth          *       unsigned   8x8        16               
       add_69_27_I7        +       unsigned   21x16      21               
       mul_61_39_I8
        non_booth          *       unsigned   8x8        16               
       add_69_27_I6        +       unsigned   20x16      21               
       mul_61_39_I7
        non_booth          *       unsigned   8x8        16               
       add_69_27_I5        +       unsigned   19x16      20               
       mul_61_39_I6
        non_booth          *       unsigned   8x8        16               
       add_69_27_I4        +       unsigned   18x16      19               
       mul_61_39_I5
        non_booth          *       unsigned   8x8        16               
       add_69_27_I3        +       unsigned   17x16      18               
       mul_61_39_I4
        non_booth          *       unsigned   8x8        16               
       add_69_27_I2        +       unsigned   16x16      17               
       mul_61_39_I3
        non_booth          *       unsigned   8x8        16               
       mul_61_39_I1
        non_booth          *       unsigned   8x8        16               
       mul_61_39_I2
        non_booth          *       unsigned   8x8        16               
==========================================================================
pulpino_padstop
 pulpino_top_i
  peripherals_i
   apb_conv_i
    conv_init
     inst_mac[20].inst_mac_i
      csa_tree_add_69_27_I25_groupi
      module:csa_tree_add_69_27_I25_group_10981_4332_2
       very_fast     csa_and_adder            8x8x8x8x8x 21      18242.12 
                                              8x8x8x8x8x                  
                                              8x8x8x8x8x                  
                                              8x8x8x8x8x                  
                                              8x8x8x8x8x                  
                                              8x8x8x8x8x                  
                                              8x8x8x8x8x                  
                                              8x8x8x8x8x                  
                                              8x8x8x8x8x                  
                                              8x8x8x8x8                   
--------------------------------------------------------------------------
       add_69_27_I25       +       unsigned   21x16      21               
       add_69_27_I24       +       unsigned   21x16      21               
       mul_61_39_I25
        non_booth          *       unsigned   8x8        16               
       add_69_27_I23       +       unsigned   21x16      21               
       mul_61_39_I24
        non_booth          *       unsigned   8x8        16               
       add_69_27_I22       +       unsigned   21x16      21               
       mul_61_39_I23
        non_booth          *       unsigned   8x8        16               
       add_69_27_I21       +       unsigned   21x16      21               
       mul_61_39_I22
        non_booth          *       unsigned   8x8        16               
       add_69_27_I20       +       unsigned   21x16      21               
       mul_61_39_I21
        non_booth          *       unsigned   8x8        16               
       add_69_27_I19       +       unsigned   21x16      21               
       mul_61_39_I20
        non_booth          *       unsigned   8x8        16               
       add_69_27_I18       +       unsigned   21x16      21               
       mul_61_39_I19
        non_booth          *       unsigned   8x8        16               
       add_69_27_I17       +       unsigned   21x16      21               
       mul_61_39_I18
        non_booth          *       unsigned   8x8        16               
       add_69_27_I16       +       unsigned   21x16      21               
       mul_61_39_I17
        non_booth          *       unsigned   8x8        16               
       add_69_27_I15       +       unsigned   21x16      21               
       mul_61_39_I16
        non_booth          *       unsigned   8x8        16               
       add_69_27_I14       +       unsigned   21x16      21               
       mul_61_39_I15
        non_booth          *       unsigned   8x8        16               
       add_69_27_I13       +       unsigned   21x16      21               
       mul_61_39_I14
        non_booth          *       unsigned   8x8        16               
       add_69_27_I12       +       unsigned   21x16      21               
       mul_61_39_I13
        non_booth          *       unsigned   8x8        16               
       add_69_27_I11       +       unsigned   21x16      21               
       mul_61_39_I12
        non_booth          *       unsigned   8x8        16               
       add_69_27_I10       +       unsigned   21x16      21               
       mul_61_39_I11
        non_booth          *       unsigned   8x8        16               
       add_69_27_I9        +       unsigned   21x16      21               
       mul_61_39_I10
        non_booth          *       unsigned   8x8        16               
       add_69_27_I8        +       unsigned   21x16      21               
       mul_61_39_I9
        non_booth          *       unsigned   8x8        16               
       add_69_27_I7        +       unsigned   21x16      21               
       mul_61_39_I8
        non_booth          *       unsigned   8x8        16               
       add_69_27_I6        +       unsigned   20x16      21               
       mul_61_39_I7
        non_booth          *       unsigned   8x8        16               
       add_69_27_I5        +       unsigned   19x16      20               
       mul_61_39_I6
        non_booth          *       unsigned   8x8        16               
       add_69_27_I4        +       unsigned   18x16      19               
       mul_61_39_I5
        non_booth          *       unsigned   8x8        16               
       add_69_27_I3        +       unsigned   17x16      18               
       mul_61_39_I4
        non_booth          *       unsigned   8x8        16               
       add_69_27_I2        +       unsigned   16x16      17               
       mul_61_39_I3
        non_booth          *       unsigned   8x8        16               
       mul_61_39_I1
        non_booth          *       unsigned   8x8        16               
       mul_61_39_I2
        non_booth          *       unsigned   8x8        16               
==========================================================================
pulpino_padstop
 pulpino_top_i
  peripherals_i
   apb_conv_i
    conv_init
     inst_mac[21].inst_mac_i
      csa_tree_add_69_27_I25_groupi
      module:csa_tree_add_69_27_I25_group_10981_4332_3
       very_fast     csa_and_adder            8x8x8x8x8x 21      18242.12 
                                              8x8x8x8x8x                  
                                              8x8x8x8x8x                  
                                              8x8x8x8x8x                  
                                              8x8x8x8x8x                  
                                              8x8x8x8x8x                  
                                              8x8x8x8x8x                  
                                              8x8x8x8x8x                  
                                              8x8x8x8x8x                  
                                              8x8x8x8x8                   
--------------------------------------------------------------------------
       add_69_27_I25       +       unsigned   21x16      21               
       add_69_27_I24       +       unsigned   21x16      21               
       mul_61_39_I25
        non_booth          *       unsigned   8x8        16               
       add_69_27_I23       +       unsigned   21x16      21               
       mul_61_39_I24
        non_booth          *       unsigned   8x8        16               
       add_69_27_I22       +       unsigned   21x16      21               
       mul_61_39_I23
        non_booth          *       unsigned   8x8        16               
       add_69_27_I21       +       unsigned   21x16      21               
       mul_61_39_I22
        non_booth          *       unsigned   8x8        16               
       add_69_27_I20       +       unsigned   21x16      21               
       mul_61_39_I21
        non_booth          *       unsigned   8x8        16               
       add_69_27_I19       +       unsigned   21x16      21               
       mul_61_39_I20
        non_booth          *       unsigned   8x8        16               
       add_69_27_I18       +       unsigned   21x16      21               
       mul_61_39_I19
        non_booth          *       unsigned   8x8        16               
       add_69_27_I17       +       unsigned   21x16      21               
       mul_61_39_I18
        non_booth          *       unsigned   8x8        16               
       add_69_27_I16       +       unsigned   21x16      21               
       mul_61_39_I17
        non_booth          *       unsigned   8x8        16               
       add_69_27_I15       +       unsigned   21x16      21               
       mul_61_39_I16
        non_booth          *       unsigned   8x8        16               
       add_69_27_I14       +       unsigned   21x16      21               
       mul_61_39_I15
        non_booth          *       unsigned   8x8        16               
       add_69_27_I13       +       unsigned   21x16      21               
       mul_61_39_I14
        non_booth          *       unsigned   8x8        16               
       add_69_27_I12       +       unsigned   21x16      21               
       mul_61_39_I13
        non_booth          *       unsigned   8x8        16               
       add_69_27_I11       +       unsigned   21x16      21               
       mul_61_39_I12
        non_booth          *       unsigned   8x8        16               
       add_69_27_I10       +       unsigned   21x16      21               
       mul_61_39_I11
        non_booth          *       unsigned   8x8        16               
       add_69_27_I9        +       unsigned   21x16      21               
       mul_61_39_I10
        non_booth          *       unsigned   8x8        16               
       add_69_27_I8        +       unsigned   21x16      21               
       mul_61_39_I9
        non_booth          *       unsigned   8x8        16               
       add_69_27_I7        +       unsigned   21x16      21               
       mul_61_39_I8
        non_booth          *       unsigned   8x8        16               
       add_69_27_I6        +       unsigned   20x16      21               
       mul_61_39_I7
        non_booth          *       unsigned   8x8        16               
       add_69_27_I5        +       unsigned   19x16      20               
       mul_61_39_I6
        non_booth          *       unsigned   8x8        16               
       add_69_27_I4        +       unsigned   18x16      19               
       mul_61_39_I5
        non_booth          *       unsigned   8x8        16               
       add_69_27_I3        +       unsigned   17x16      18               
       mul_61_39_I4
        non_booth          *       unsigned   8x8        16               
       add_69_27_I2        +       unsigned   16x16      17               
       mul_61_39_I3
        non_booth          *       unsigned   8x8        16               
       mul_61_39_I1
        non_booth          *       unsigned   8x8        16               
       mul_61_39_I2
        non_booth          *       unsigned   8x8        16               
==========================================================================
pulpino_padstop
 pulpino_top_i
  peripherals_i
   apb_conv_i
    conv_init
     inst_mac[22].inst_mac_i
      csa_tree_add_69_27_I25_groupi
      module:csa_tree_add_69_27_I25_group_10981_4332_4
       very_fast     csa_and_adder            8x8x8x8x8x 21      18242.12 
                                              8x8x8x8x8x                  
                                              8x8x8x8x8x                  
                                              8x8x8x8x8x                  
                                              8x8x8x8x8x                  
                                              8x8x8x8x8x                  
                                              8x8x8x8x8x                  
                                              8x8x8x8x8x                  
                                              8x8x8x8x8x                  
                                              8x8x8x8x8                   
--------------------------------------------------------------------------
       add_69_27_I25       +       unsigned   21x16      21               
       add_69_27_I24       +       unsigned   21x16      21               
       mul_61_39_I25
        non_booth          *       unsigned   8x8        16               
       add_69_27_I23       +       unsigned   21x16      21               
       mul_61_39_I24
        non_booth          *       unsigned   8x8        16               
       add_69_27_I22       +       unsigned   21x16      21               
       mul_61_39_I23
        non_booth          *       unsigned   8x8        16               
       add_69_27_I21       +       unsigned   21x16      21               
       mul_61_39_I22
        non_booth          *       unsigned   8x8        16               
       add_69_27_I20       +       unsigned   21x16      21               
       mul_61_39_I21
        non_booth          *       unsigned   8x8        16               
       add_69_27_I19       +       unsigned   21x16      21               
       mul_61_39_I20
        non_booth          *       unsigned   8x8        16               
       add_69_27_I18       +       unsigned   21x16      21               
       mul_61_39_I19
        non_booth          *       unsigned   8x8        16               
       add_69_27_I17       +       unsigned   21x16      21               
       mul_61_39_I18
        non_booth          *       unsigned   8x8        16               
       add_69_27_I16       +       unsigned   21x16      21               
       mul_61_39_I17
        non_booth          *       unsigned   8x8        16               
       add_69_27_I15       +       unsigned   21x16      21               
       mul_61_39_I16
        non_booth          *       unsigned   8x8        16               
       add_69_27_I14       +       unsigned   21x16      21               
       mul_61_39_I15
        non_booth          *       unsigned   8x8        16               
       add_69_27_I13       +       unsigned   21x16      21               
       mul_61_39_I14
        non_booth          *       unsigned   8x8        16               
       add_69_27_I12       +       unsigned   21x16      21               
       mul_61_39_I13
        non_booth          *       unsigned   8x8        16               
       add_69_27_I11       +       unsigned   21x16      21               
       mul_61_39_I12
        non_booth          *       unsigned   8x8        16               
       add_69_27_I10       +       unsigned   21x16      21               
       mul_61_39_I11
        non_booth          *       unsigned   8x8        16               
       add_69_27_I9        +       unsigned   21x16      21               
       mul_61_39_I10
        non_booth          *       unsigned   8x8        16               
       add_69_27_I8        +       unsigned   21x16      21               
       mul_61_39_I9
        non_booth          *       unsigned   8x8        16               
       add_69_27_I7        +       unsigned   21x16      21               
       mul_61_39_I8
        non_booth          *       unsigned   8x8        16               
       add_69_27_I6        +       unsigned   20x16      21               
       mul_61_39_I7
        non_booth          *       unsigned   8x8        16               
       add_69_27_I5        +       unsigned   19x16      20               
       mul_61_39_I6
        non_booth          *       unsigned   8x8        16               
       add_69_27_I4        +       unsigned   18x16      19               
       mul_61_39_I5
        non_booth          *       unsigned   8x8        16               
       add_69_27_I3        +       unsigned   17x16      18               
       mul_61_39_I4
        non_booth          *       unsigned   8x8        16               
       add_69_27_I2        +       unsigned   16x16      17               
       mul_61_39_I3
        non_booth          *       unsigned   8x8        16               
       mul_61_39_I1
        non_booth          *       unsigned   8x8        16               
       mul_61_39_I2
        non_booth          *       unsigned   8x8        16               
==========================================================================
pulpino_padstop
 pulpino_top_i
  peripherals_i
   apb_conv_i
    conv_init
     inst_mac[23].inst_mac_i
      csa_tree_add_69_27_I25_groupi
      module:csa_tree_add_69_27_I25_group_10981_4332_5
       very_fast     csa_and_adder            8x8x8x8x8x 21      18242.12 
                                              8x8x8x8x8x                  
                                              8x8x8x8x8x                  
                                              8x8x8x8x8x                  
                                              8x8x8x8x8x                  
                                              8x8x8x8x8x                  
                                              8x8x8x8x8x                  
                                              8x8x8x8x8x                  
                                              8x8x8x8x8x                  
                                              8x8x8x8x8                   
--------------------------------------------------------------------------
       add_69_27_I25       +       unsigned   21x16      21               
       add_69_27_I24       +       unsigned   21x16      21               
       mul_61_39_I25
        non_booth          *       unsigned   8x8        16               
       add_69_27_I23       +       unsigned   21x16      21               
       mul_61_39_I24
        non_booth          *       unsigned   8x8        16               
       add_69_27_I22       +       unsigned   21x16      21               
       mul_61_39_I23
        non_booth          *       unsigned   8x8        16               
       add_69_27_I21       +       unsigned   21x16      21               
       mul_61_39_I22
        non_booth          *       unsigned   8x8        16               
       add_69_27_I20       +       unsigned   21x16      21               
       mul_61_39_I21
        non_booth          *       unsigned   8x8        16               
       add_69_27_I19       +       unsigned   21x16      21               
       mul_61_39_I20
        non_booth          *       unsigned   8x8        16               
       add_69_27_I18       +       unsigned   21x16      21               
       mul_61_39_I19
        non_booth          *       unsigned   8x8        16               
       add_69_27_I17       +       unsigned   21x16      21               
       mul_61_39_I18
        non_booth          *       unsigned   8x8        16               
       add_69_27_I16       +       unsigned   21x16      21               
       mul_61_39_I17
        non_booth          *       unsigned   8x8        16               
       add_69_27_I15       +       unsigned   21x16      21               
       mul_61_39_I16
        non_booth          *       unsigned   8x8        16               
       add_69_27_I14       +       unsigned   21x16      21               
       mul_61_39_I15
        non_booth          *       unsigned   8x8        16               
       add_69_27_I13       +       unsigned   21x16      21               
       mul_61_39_I14
        non_booth          *       unsigned   8x8        16               
       add_69_27_I12       +       unsigned   21x16      21               
       mul_61_39_I13
        non_booth          *       unsigned   8x8        16               
       add_69_27_I11       +       unsigned   21x16      21               
       mul_61_39_I12
        non_booth          *       unsigned   8x8        16               
       add_69_27_I10       +       unsigned   21x16      21               
       mul_61_39_I11
        non_booth          *       unsigned   8x8        16               
       add_69_27_I9        +       unsigned   21x16      21               
       mul_61_39_I10
        non_booth          *       unsigned   8x8        16               
       add_69_27_I8        +       unsigned   21x16      21               
       mul_61_39_I9
        non_booth          *       unsigned   8x8        16               
       add_69_27_I7        +       unsigned   21x16      21               
       mul_61_39_I8
        non_booth          *       unsigned   8x8        16               
       add_69_27_I6        +       unsigned   20x16      21               
       mul_61_39_I7
        non_booth          *       unsigned   8x8        16               
       add_69_27_I5        +       unsigned   19x16      20               
       mul_61_39_I6
        non_booth          *       unsigned   8x8        16               
       add_69_27_I4        +       unsigned   18x16      19               
       mul_61_39_I5
        non_booth          *       unsigned   8x8        16               
       add_69_27_I3        +       unsigned   17x16      18               
       mul_61_39_I4
        non_booth          *       unsigned   8x8        16               
       add_69_27_I2        +       unsigned   16x16      17               
       mul_61_39_I3
        non_booth          *       unsigned   8x8        16               
       mul_61_39_I1
        non_booth          *       unsigned   8x8        16               
       mul_61_39_I2
        non_booth          *       unsigned   8x8        16               
==========================================================================
pulpino_padstop
 pulpino_top_i
  peripherals_i
   apb_conv_i
    conv_init
     inst_mac[2].inst_mac_i
      csa_tree_add_69_27_I25_groupi
      module:csa_tree_add_69_27_I25_group_10981_2
       very_fast     csa_and_adder            8x8x8x8x8x 21      18242.12 
                                              8x8x8x8x8x                  
                                              8x8x8x8x8x                  
                                              8x8x8x8x8x                  
                                              8x8x8x8x8x                  
                                              8x8x8x8x8x                  
                                              8x8x8x8x8x                  
                                              8x8x8x8x8x                  
                                              8x8x8x8x8x                  
                                              8x8x8x8x8                   
--------------------------------------------------------------------------
       add_69_27_I25       +       unsigned   21x16      21               
       add_69_27_I24       +       unsigned   21x16      21               
       mul_61_39_I25
        non_booth          *       unsigned   8x8        16               
       add_69_27_I23       +       unsigned   21x16      21               
       mul_61_39_I24
        non_booth          *       unsigned   8x8        16               
       add_69_27_I22       +       unsigned   21x16      21               
       mul_61_39_I23
        non_booth          *       unsigned   8x8        16               
       add_69_27_I21       +       unsigned   21x16      21               
       mul_61_39_I22
        non_booth          *       unsigned   8x8        16               
       add_69_27_I20       +       unsigned   21x16      21               
       mul_61_39_I21
        non_booth          *       unsigned   8x8        16               
       add_69_27_I19       +       unsigned   21x16      21               
       mul_61_39_I20
        non_booth          *       unsigned   8x8        16               
       add_69_27_I18       +       unsigned   21x16      21               
       mul_61_39_I19
        non_booth          *       unsigned   8x8        16               
       add_69_27_I17       +       unsigned   21x16      21               
       mul_61_39_I18
        non_booth          *       unsigned   8x8        16               
       add_69_27_I16       +       unsigned   21x16      21               
       mul_61_39_I17
        non_booth          *       unsigned   8x8        16               
       add_69_27_I15       +       unsigned   21x16      21               
       mul_61_39_I16
        non_booth          *       unsigned   8x8        16               
       add_69_27_I14       +       unsigned   21x16      21               
       mul_61_39_I15
        non_booth          *       unsigned   8x8        16               
       add_69_27_I13       +       unsigned   21x16      21               
       mul_61_39_I14
        non_booth          *       unsigned   8x8        16               
       add_69_27_I12       +       unsigned   21x16      21               
       mul_61_39_I13
        non_booth          *       unsigned   8x8        16               
       add_69_27_I11       +       unsigned   21x16      21               
       mul_61_39_I12
        non_booth          *       unsigned   8x8        16               
       add_69_27_I10       +       unsigned   21x16      21               
       mul_61_39_I11
        non_booth          *       unsigned   8x8        16               
       add_69_27_I9        +       unsigned   21x16      21               
       mul_61_39_I10
        non_booth          *       unsigned   8x8        16               
       add_69_27_I8        +       unsigned   21x16      21               
       mul_61_39_I9
        non_booth          *       unsigned   8x8        16               
       add_69_27_I7        +       unsigned   21x16      21               
       mul_61_39_I8
        non_booth          *       unsigned   8x8        16               
       add_69_27_I6        +       unsigned   20x16      21               
       mul_61_39_I7
        non_booth          *       unsigned   8x8        16               
       add_69_27_I5        +       unsigned   19x16      20               
       mul_61_39_I6
        non_booth          *       unsigned   8x8        16               
       add_69_27_I4        +       unsigned   18x16      19               
       mul_61_39_I5
        non_booth          *       unsigned   8x8        16               
       add_69_27_I3        +       unsigned   17x16      18               
       mul_61_39_I4
        non_booth          *       unsigned   8x8        16               
       add_69_27_I2        +       unsigned   16x16      17               
       mul_61_39_I3
        non_booth          *       unsigned   8x8        16               
       mul_61_39_I1
        non_booth          *       unsigned   8x8        16               
       mul_61_39_I2
        non_booth          *       unsigned   8x8        16               
==========================================================================
pulpino_padstop
 pulpino_top_i
  peripherals_i
   apb_conv_i
    conv_init
     inst_mac[3].inst_mac_i
      csa_tree_add_69_27_I25_groupi
      module:csa_tree_add_69_27_I25_group_10981_3
       very_fast     csa_and_adder            8x8x8x8x8x 21      18242.12 
                                              8x8x8x8x8x                  
                                              8x8x8x8x8x                  
                                              8x8x8x8x8x                  
                                              8x8x8x8x8x                  
                                              8x8x8x8x8x                  
                                              8x8x8x8x8x                  
                                              8x8x8x8x8x                  
                                              8x8x8x8x8x                  
                                              8x8x8x8x8                   
--------------------------------------------------------------------------
       add_69_27_I25       +       unsigned   21x16      21               
       add_69_27_I24       +       unsigned   21x16      21               
       mul_61_39_I25
        non_booth          *       unsigned   8x8        16               
       add_69_27_I23       +       unsigned   21x16      21               
       mul_61_39_I24
        non_booth          *       unsigned   8x8        16               
       add_69_27_I22       +       unsigned   21x16      21               
       mul_61_39_I23
        non_booth          *       unsigned   8x8        16               
       add_69_27_I21       +       unsigned   21x16      21               
       mul_61_39_I22
        non_booth          *       unsigned   8x8        16               
       add_69_27_I20       +       unsigned   21x16      21               
       mul_61_39_I21
        non_booth          *       unsigned   8x8        16               
       add_69_27_I19       +       unsigned   21x16      21               
       mul_61_39_I20
        non_booth          *       unsigned   8x8        16               
       add_69_27_I18       +       unsigned   21x16      21               
       mul_61_39_I19
        non_booth          *       unsigned   8x8        16               
       add_69_27_I17       +       unsigned   21x16      21               
       mul_61_39_I18
        non_booth          *       unsigned   8x8        16               
       add_69_27_I16       +       unsigned   21x16      21               
       mul_61_39_I17
        non_booth          *       unsigned   8x8        16               
       add_69_27_I15       +       unsigned   21x16      21               
       mul_61_39_I16
        non_booth          *       unsigned   8x8        16               
       add_69_27_I14       +       unsigned   21x16      21               
       mul_61_39_I15
        non_booth          *       unsigned   8x8        16               
       add_69_27_I13       +       unsigned   21x16      21               
       mul_61_39_I14
        non_booth          *       unsigned   8x8        16               
       add_69_27_I12       +       unsigned   21x16      21               
       mul_61_39_I13
        non_booth          *       unsigned   8x8        16               
       add_69_27_I11       +       unsigned   21x16      21               
       mul_61_39_I12
        non_booth          *       unsigned   8x8        16               
       add_69_27_I10       +       unsigned   21x16      21               
       mul_61_39_I11
        non_booth          *       unsigned   8x8        16               
       add_69_27_I9        +       unsigned   21x16      21               
       mul_61_39_I10
        non_booth          *       unsigned   8x8        16               
       add_69_27_I8        +       unsigned   21x16      21               
       mul_61_39_I9
        non_booth          *       unsigned   8x8        16               
       add_69_27_I7        +       unsigned   21x16      21               
       mul_61_39_I8
        non_booth          *       unsigned   8x8        16               
       add_69_27_I6        +       unsigned   20x16      21               
       mul_61_39_I7
        non_booth          *       unsigned   8x8        16               
       add_69_27_I5        +       unsigned   19x16      20               
       mul_61_39_I6
        non_booth          *       unsigned   8x8        16               
       add_69_27_I4        +       unsigned   18x16      19               
       mul_61_39_I5
        non_booth          *       unsigned   8x8        16               
       add_69_27_I3        +       unsigned   17x16      18               
       mul_61_39_I4
        non_booth          *       unsigned   8x8        16               
       add_69_27_I2        +       unsigned   16x16      17               
       mul_61_39_I3
        non_booth          *       unsigned   8x8        16               
       mul_61_39_I1
        non_booth          *       unsigned   8x8        16               
       mul_61_39_I2
        non_booth          *       unsigned   8x8        16               
==========================================================================
pulpino_padstop
 pulpino_top_i
  peripherals_i
   apb_conv_i
    conv_init
     inst_mac[4].inst_mac_i
      csa_tree_add_69_27_I25_groupi
      module:csa_tree_add_69_27_I25_group_10981_4
       very_fast     csa_and_adder            8x8x8x8x8x 21      18242.12 
                                              8x8x8x8x8x                  
                                              8x8x8x8x8x                  
                                              8x8x8x8x8x                  
                                              8x8x8x8x8x                  
                                              8x8x8x8x8x                  
                                              8x8x8x8x8x                  
                                              8x8x8x8x8x                  
                                              8x8x8x8x8x                  
                                              8x8x8x8x8                   
--------------------------------------------------------------------------
       add_69_27_I25       +       unsigned   21x16      21               
       add_69_27_I24       +       unsigned   21x16      21               
       mul_61_39_I25
        non_booth          *       unsigned   8x8        16               
       add_69_27_I23       +       unsigned   21x16      21               
       mul_61_39_I24
        non_booth          *       unsigned   8x8        16               
       add_69_27_I22       +       unsigned   21x16      21               
       mul_61_39_I23
        non_booth          *       unsigned   8x8        16               
       add_69_27_I21       +       unsigned   21x16      21               
       mul_61_39_I22
        non_booth          *       unsigned   8x8        16               
       add_69_27_I20       +       unsigned   21x16      21               
       mul_61_39_I21
        non_booth          *       unsigned   8x8        16               
       add_69_27_I19       +       unsigned   21x16      21               
       mul_61_39_I20
        non_booth          *       unsigned   8x8        16               
       add_69_27_I18       +       unsigned   21x16      21               
       mul_61_39_I19
        non_booth          *       unsigned   8x8        16               
       add_69_27_I17       +       unsigned   21x16      21               
       mul_61_39_I18
        non_booth          *       unsigned   8x8        16               
       add_69_27_I16       +       unsigned   21x16      21               
       mul_61_39_I17
        non_booth          *       unsigned   8x8        16               
       add_69_27_I15       +       unsigned   21x16      21               
       mul_61_39_I16
        non_booth          *       unsigned   8x8        16               
       add_69_27_I14       +       unsigned   21x16      21               
       mul_61_39_I15
        non_booth          *       unsigned   8x8        16               
       add_69_27_I13       +       unsigned   21x16      21               
       mul_61_39_I14
        non_booth          *       unsigned   8x8        16               
       add_69_27_I12       +       unsigned   21x16      21               
       mul_61_39_I13
        non_booth          *       unsigned   8x8        16               
       add_69_27_I11       +       unsigned   21x16      21               
       mul_61_39_I12
        non_booth          *       unsigned   8x8        16               
       add_69_27_I10       +       unsigned   21x16      21               
       mul_61_39_I11
        non_booth          *       unsigned   8x8        16               
       add_69_27_I9        +       unsigned   21x16      21               
       mul_61_39_I10
        non_booth          *       unsigned   8x8        16               
       add_69_27_I8        +       unsigned   21x16      21               
       mul_61_39_I9
        non_booth          *       unsigned   8x8        16               
       add_69_27_I7        +       unsigned   21x16      21               
       mul_61_39_I8
        non_booth          *       unsigned   8x8        16               
       add_69_27_I6        +       unsigned   20x16      21               
       mul_61_39_I7
        non_booth          *       unsigned   8x8        16               
       add_69_27_I5        +       unsigned   19x16      20               
       mul_61_39_I6
        non_booth          *       unsigned   8x8        16               
       add_69_27_I4        +       unsigned   18x16      19               
       mul_61_39_I5
        non_booth          *       unsigned   8x8        16               
       add_69_27_I3        +       unsigned   17x16      18               
       mul_61_39_I4
        non_booth          *       unsigned   8x8        16               
       add_69_27_I2        +       unsigned   16x16      17               
       mul_61_39_I3
        non_booth          *       unsigned   8x8        16               
       mul_61_39_I1
        non_booth          *       unsigned   8x8        16               
       mul_61_39_I2
        non_booth          *       unsigned   8x8        16               
==========================================================================
pulpino_padstop
 pulpino_top_i
  peripherals_i
   apb_conv_i
    conv_init
     inst_mac[5].inst_mac_i
      csa_tree_add_69_27_I25_groupi
      module:csa_tree_add_69_27_I25_group_10981_5
       very_fast     csa_and_adder            8x8x8x8x8x 21      18242.12 
                                              8x8x8x8x8x                  
                                              8x8x8x8x8x                  
                                              8x8x8x8x8x                  
                                              8x8x8x8x8x                  
                                              8x8x8x8x8x                  
                                              8x8x8x8x8x                  
                                              8x8x8x8x8x                  
                                              8x8x8x8x8x                  
                                              8x8x8x8x8                   
--------------------------------------------------------------------------
       add_69_27_I25       +       unsigned   21x16      21               
       add_69_27_I24       +       unsigned   21x16      21               
       mul_61_39_I25
        non_booth          *       unsigned   8x8        16               
       add_69_27_I23       +       unsigned   21x16      21               
       mul_61_39_I24
        non_booth          *       unsigned   8x8        16               
       add_69_27_I22       +       unsigned   21x16      21               
       mul_61_39_I23
        non_booth          *       unsigned   8x8        16               
       add_69_27_I21       +       unsigned   21x16      21               
       mul_61_39_I22
        non_booth          *       unsigned   8x8        16               
       add_69_27_I20       +       unsigned   21x16      21               
       mul_61_39_I21
        non_booth          *       unsigned   8x8        16               
       add_69_27_I19       +       unsigned   21x16      21               
       mul_61_39_I20
        non_booth          *       unsigned   8x8        16               
       add_69_27_I18       +       unsigned   21x16      21               
       mul_61_39_I19
        non_booth          *       unsigned   8x8        16               
       add_69_27_I17       +       unsigned   21x16      21               
       mul_61_39_I18
        non_booth          *       unsigned   8x8        16               
       add_69_27_I16       +       unsigned   21x16      21               
       mul_61_39_I17
        non_booth          *       unsigned   8x8        16               
       add_69_27_I15       +       unsigned   21x16      21               
       mul_61_39_I16
        non_booth          *       unsigned   8x8        16               
       add_69_27_I14       +       unsigned   21x16      21               
       mul_61_39_I15
        non_booth          *       unsigned   8x8        16               
       add_69_27_I13       +       unsigned   21x16      21               
       mul_61_39_I14
        non_booth          *       unsigned   8x8        16               
       add_69_27_I12       +       unsigned   21x16      21               
       mul_61_39_I13
        non_booth          *       unsigned   8x8        16               
       add_69_27_I11       +       unsigned   21x16      21               
       mul_61_39_I12
        non_booth          *       unsigned   8x8        16               
       add_69_27_I10       +       unsigned   21x16      21               
       mul_61_39_I11
        non_booth          *       unsigned   8x8        16               
       add_69_27_I9        +       unsigned   21x16      21               
       mul_61_39_I10
        non_booth          *       unsigned   8x8        16               
       add_69_27_I8        +       unsigned   21x16      21               
       mul_61_39_I9
        non_booth          *       unsigned   8x8        16               
       add_69_27_I7        +       unsigned   21x16      21               
       mul_61_39_I8
        non_booth          *       unsigned   8x8        16               
       add_69_27_I6        +       unsigned   20x16      21               
       mul_61_39_I7
        non_booth          *       unsigned   8x8        16               
       add_69_27_I5        +       unsigned   19x16      20               
       mul_61_39_I6
        non_booth          *       unsigned   8x8        16               
       add_69_27_I4        +       unsigned   18x16      19               
       mul_61_39_I5
        non_booth          *       unsigned   8x8        16               
       add_69_27_I3        +       unsigned   17x16      18               
       mul_61_39_I4
        non_booth          *       unsigned   8x8        16               
       add_69_27_I2        +       unsigned   16x16      17               
       mul_61_39_I3
        non_booth          *       unsigned   8x8        16               
       mul_61_39_I1
        non_booth          *       unsigned   8x8        16               
       mul_61_39_I2
        non_booth          *       unsigned   8x8        16               
==========================================================================
pulpino_padstop
 pulpino_top_i
  peripherals_i
   apb_conv_i
    conv_init
     inst_mac[6].inst_mac_i
      csa_tree_add_69_27_I25_groupi
      module:csa_tree_add_69_27_I25_group_10981_4306
       very_fast     csa_and_adder            8x8x8x8x8x 21      18242.12 
                                              8x8x8x8x8x                  
                                              8x8x8x8x8x                  
                                              8x8x8x8x8x                  
                                              8x8x8x8x8x                  
                                              8x8x8x8x8x                  
                                              8x8x8x8x8x                  
                                              8x8x8x8x8x                  
                                              8x8x8x8x8x                  
                                              8x8x8x8x8                   
--------------------------------------------------------------------------
       add_69_27_I25       +       unsigned   21x16      21               
       add_69_27_I24       +       unsigned   21x16      21               
       mul_61_39_I25
        non_booth          *       unsigned   8x8        16               
       add_69_27_I23       +       unsigned   21x16      21               
       mul_61_39_I24
        non_booth          *       unsigned   8x8        16               
       add_69_27_I22       +       unsigned   21x16      21               
       mul_61_39_I23
        non_booth          *       unsigned   8x8        16               
       add_69_27_I21       +       unsigned   21x16      21               
       mul_61_39_I22
        non_booth          *       unsigned   8x8        16               
       add_69_27_I20       +       unsigned   21x16      21               
       mul_61_39_I21
        non_booth          *       unsigned   8x8        16               
       add_69_27_I19       +       unsigned   21x16      21               
       mul_61_39_I20
        non_booth          *       unsigned   8x8        16               
       add_69_27_I18       +       unsigned   21x16      21               
       mul_61_39_I19
        non_booth          *       unsigned   8x8        16               
       add_69_27_I17       +       unsigned   21x16      21               
       mul_61_39_I18
        non_booth          *       unsigned   8x8        16               
       add_69_27_I16       +       unsigned   21x16      21               
       mul_61_39_I17
        non_booth          *       unsigned   8x8        16               
       add_69_27_I15       +       unsigned   21x16      21               
       mul_61_39_I16
        non_booth          *       unsigned   8x8        16               
       add_69_27_I14       +       unsigned   21x16      21               
       mul_61_39_I15
        non_booth          *       unsigned   8x8        16               
       add_69_27_I13       +       unsigned   21x16      21               
       mul_61_39_I14
        non_booth          *       unsigned   8x8        16               
       add_69_27_I12       +       unsigned   21x16      21               
       mul_61_39_I13
        non_booth          *       unsigned   8x8        16               
       add_69_27_I11       +       unsigned   21x16      21               
       mul_61_39_I12
        non_booth          *       unsigned   8x8        16               
       add_69_27_I10       +       unsigned   21x16      21               
       mul_61_39_I11
        non_booth          *       unsigned   8x8        16               
       add_69_27_I9        +       unsigned   21x16      21               
       mul_61_39_I10
        non_booth          *       unsigned   8x8        16               
       add_69_27_I8        +       unsigned   21x16      21               
       mul_61_39_I9
        non_booth          *       unsigned   8x8        16               
       add_69_27_I7        +       unsigned   21x16      21               
       mul_61_39_I8
        non_booth          *       unsigned   8x8        16               
       add_69_27_I6        +       unsigned   20x16      21               
       mul_61_39_I7
        non_booth          *       unsigned   8x8        16               
       add_69_27_I5        +       unsigned   19x16      20               
       mul_61_39_I6
        non_booth          *       unsigned   8x8        16               
       add_69_27_I4        +       unsigned   18x16      19               
       mul_61_39_I5
        non_booth          *       unsigned   8x8        16               
       add_69_27_I3        +       unsigned   17x16      18               
       mul_61_39_I4
        non_booth          *       unsigned   8x8        16               
       add_69_27_I2        +       unsigned   16x16      17               
       mul_61_39_I3
        non_booth          *       unsigned   8x8        16               
       mul_61_39_I1
        non_booth          *       unsigned   8x8        16               
       mul_61_39_I2
        non_booth          *       unsigned   8x8        16               
==========================================================================
pulpino_padstop
 pulpino_top_i
  peripherals_i
   apb_conv_i
    conv_init
     inst_mac[7].inst_mac_i
      csa_tree_add_69_27_I25_groupi
      module:csa_tree_add_69_27_I25_group_10981_4306_1
       very_fast     csa_and_adder            8x8x8x8x8x 21      18242.12 
                                              8x8x8x8x8x                  
                                              8x8x8x8x8x                  
                                              8x8x8x8x8x                  
                                              8x8x8x8x8x                  
                                              8x8x8x8x8x                  
                                              8x8x8x8x8x                  
                                              8x8x8x8x8x                  
                                              8x8x8x8x8x                  
                                              8x8x8x8x8                   
--------------------------------------------------------------------------
       add_69_27_I25       +       unsigned   21x16      21               
       add_69_27_I24       +       unsigned   21x16      21               
       mul_61_39_I25
        non_booth          *       unsigned   8x8        16               
       add_69_27_I23       +       unsigned   21x16      21               
       mul_61_39_I24
        non_booth          *       unsigned   8x8        16               
       add_69_27_I22       +       unsigned   21x16      21               
       mul_61_39_I23
        non_booth          *       unsigned   8x8        16               
       add_69_27_I21       +       unsigned   21x16      21               
       mul_61_39_I22
        non_booth          *       unsigned   8x8        16               
       add_69_27_I20       +       unsigned   21x16      21               
       mul_61_39_I21
        non_booth          *       unsigned   8x8        16               
       add_69_27_I19       +       unsigned   21x16      21               
       mul_61_39_I20
        non_booth          *       unsigned   8x8        16               
       add_69_27_I18       +       unsigned   21x16      21               
       mul_61_39_I19
        non_booth          *       unsigned   8x8        16               
       add_69_27_I17       +       unsigned   21x16      21               
       mul_61_39_I18
        non_booth          *       unsigned   8x8        16               
       add_69_27_I16       +       unsigned   21x16      21               
       mul_61_39_I17
        non_booth          *       unsigned   8x8        16               
       add_69_27_I15       +       unsigned   21x16      21               
       mul_61_39_I16
        non_booth          *       unsigned   8x8        16               
       add_69_27_I14       +       unsigned   21x16      21               
       mul_61_39_I15
        non_booth          *       unsigned   8x8        16               
       add_69_27_I13       +       unsigned   21x16      21               
       mul_61_39_I14
        non_booth          *       unsigned   8x8        16               
       add_69_27_I12       +       unsigned   21x16      21               
       mul_61_39_I13
        non_booth          *       unsigned   8x8        16               
       add_69_27_I11       +       unsigned   21x16      21               
       mul_61_39_I12
        non_booth          *       unsigned   8x8        16               
       add_69_27_I10       +       unsigned   21x16      21               
       mul_61_39_I11
        non_booth          *       unsigned   8x8        16               
       add_69_27_I9        +       unsigned   21x16      21               
       mul_61_39_I10
        non_booth          *       unsigned   8x8        16               
       add_69_27_I8        +       unsigned   21x16      21               
       mul_61_39_I9
        non_booth          *       unsigned   8x8        16               
       add_69_27_I7        +       unsigned   21x16      21               
       mul_61_39_I8
        non_booth          *       unsigned   8x8        16               
       add_69_27_I6        +       unsigned   20x16      21               
       mul_61_39_I7
        non_booth          *       unsigned   8x8        16               
       add_69_27_I5        +       unsigned   19x16      20               
       mul_61_39_I6
        non_booth          *       unsigned   8x8        16               
       add_69_27_I4        +       unsigned   18x16      19               
       mul_61_39_I5
        non_booth          *       unsigned   8x8        16               
       add_69_27_I3        +       unsigned   17x16      18               
       mul_61_39_I4
        non_booth          *       unsigned   8x8        16               
       add_69_27_I2        +       unsigned   16x16      17               
       mul_61_39_I3
        non_booth          *       unsigned   8x8        16               
       mul_61_39_I1
        non_booth          *       unsigned   8x8        16               
       mul_61_39_I2
        non_booth          *       unsigned   8x8        16               
==========================================================================
pulpino_padstop
 pulpino_top_i
  peripherals_i
   apb_conv_i
    conv_init
     inst_mac[8].inst_mac_i
      csa_tree_add_69_27_I25_groupi
      module:csa_tree_add_69_27_I25_group_10981_4306_2
       very_fast     csa_and_adder            8x8x8x8x8x 21      18242.12 
                                              8x8x8x8x8x                  
                                              8x8x8x8x8x                  
                                              8x8x8x8x8x                  
                                              8x8x8x8x8x                  
                                              8x8x8x8x8x                  
                                              8x8x8x8x8x                  
                                              8x8x8x8x8x                  
                                              8x8x8x8x8x                  
                                              8x8x8x8x8                   
--------------------------------------------------------------------------
       add_69_27_I25       +       unsigned   21x16      21               
       add_69_27_I24       +       unsigned   21x16      21               
       mul_61_39_I25
        non_booth          *       unsigned   8x8        16               
       add_69_27_I23       +       unsigned   21x16      21               
       mul_61_39_I24
        non_booth          *       unsigned   8x8        16               
       add_69_27_I22       +       unsigned   21x16      21               
       mul_61_39_I23
        non_booth          *       unsigned   8x8        16               
       add_69_27_I21       +       unsigned   21x16      21               
       mul_61_39_I22
        non_booth          *       unsigned   8x8        16               
       add_69_27_I20       +       unsigned   21x16      21               
       mul_61_39_I21
        non_booth          *       unsigned   8x8        16               
       add_69_27_I19       +       unsigned   21x16      21               
       mul_61_39_I20
        non_booth          *       unsigned   8x8        16               
       add_69_27_I18       +       unsigned   21x16      21               
       mul_61_39_I19
        non_booth          *       unsigned   8x8        16               
       add_69_27_I17       +       unsigned   21x16      21               
       mul_61_39_I18
        non_booth          *       unsigned   8x8        16               
       add_69_27_I16       +       unsigned   21x16      21               
       mul_61_39_I17
        non_booth          *       unsigned   8x8        16               
       add_69_27_I15       +       unsigned   21x16      21               
       mul_61_39_I16
        non_booth          *       unsigned   8x8        16               
       add_69_27_I14       +       unsigned   21x16      21               
       mul_61_39_I15
        non_booth          *       unsigned   8x8        16               
       add_69_27_I13       +       unsigned   21x16      21               
       mul_61_39_I14
        non_booth          *       unsigned   8x8        16               
       add_69_27_I12       +       unsigned   21x16      21               
       mul_61_39_I13
        non_booth          *       unsigned   8x8        16               
       add_69_27_I11       +       unsigned   21x16      21               
       mul_61_39_I12
        non_booth          *       unsigned   8x8        16               
       add_69_27_I10       +       unsigned   21x16      21               
       mul_61_39_I11
        non_booth          *       unsigned   8x8        16               
       add_69_27_I9        +       unsigned   21x16      21               
       mul_61_39_I10
        non_booth          *       unsigned   8x8        16               
       add_69_27_I8        +       unsigned   21x16      21               
       mul_61_39_I9
        non_booth          *       unsigned   8x8        16               
       add_69_27_I7        +       unsigned   21x16      21               
       mul_61_39_I8
        non_booth          *       unsigned   8x8        16               
       add_69_27_I6        +       unsigned   20x16      21               
       mul_61_39_I7
        non_booth          *       unsigned   8x8        16               
       add_69_27_I5        +       unsigned   19x16      20               
       mul_61_39_I6
        non_booth          *       unsigned   8x8        16               
       add_69_27_I4        +       unsigned   18x16      19               
       mul_61_39_I5
        non_booth          *       unsigned   8x8        16               
       add_69_27_I3        +       unsigned   17x16      18               
       mul_61_39_I4
        non_booth          *       unsigned   8x8        16               
       add_69_27_I2        +       unsigned   16x16      17               
       mul_61_39_I3
        non_booth          *       unsigned   8x8        16               
       mul_61_39_I1
        non_booth          *       unsigned   8x8        16               
       mul_61_39_I2
        non_booth          *       unsigned   8x8        16               
==========================================================================
pulpino_padstop
 pulpino_top_i
  peripherals_i
   apb_conv_i
    conv_init
     inst_mac[9].inst_mac_i
      csa_tree_add_69_27_I25_groupi
      module:csa_tree_add_69_27_I25_group_10981_4306_3
       very_fast     csa_and_adder            8x8x8x8x8x 21      18242.12 
                                              8x8x8x8x8x                  
                                              8x8x8x8x8x                  
                                              8x8x8x8x8x                  
                                              8x8x8x8x8x                  
                                              8x8x8x8x8x                  
                                              8x8x8x8x8x                  
                                              8x8x8x8x8x                  
                                              8x8x8x8x8x                  
                                              8x8x8x8x8                   
--------------------------------------------------------------------------
       add_69_27_I25       +       unsigned   21x16      21               
       add_69_27_I24       +       unsigned   21x16      21               
       mul_61_39_I25
        non_booth          *       unsigned   8x8        16               
       add_69_27_I23       +       unsigned   21x16      21               
       mul_61_39_I24
        non_booth          *       unsigned   8x8        16               
       add_69_27_I22       +       unsigned   21x16      21               
       mul_61_39_I23
        non_booth          *       unsigned   8x8        16               
       add_69_27_I21       +       unsigned   21x16      21               
       mul_61_39_I22
        non_booth          *       unsigned   8x8        16               
       add_69_27_I20       +       unsigned   21x16      21               
       mul_61_39_I21
        non_booth          *       unsigned   8x8        16               
       add_69_27_I19       +       unsigned   21x16      21               
       mul_61_39_I20
        non_booth          *       unsigned   8x8        16               
       add_69_27_I18       +       unsigned   21x16      21               
       mul_61_39_I19
        non_booth          *       unsigned   8x8        16               
       add_69_27_I17       +       unsigned   21x16      21               
       mul_61_39_I18
        non_booth          *       unsigned   8x8        16               
       add_69_27_I16       +       unsigned   21x16      21               
       mul_61_39_I17
        non_booth          *       unsigned   8x8        16               
       add_69_27_I15       +       unsigned   21x16      21               
       mul_61_39_I16
        non_booth          *       unsigned   8x8        16               
       add_69_27_I14       +       unsigned   21x16      21               
       mul_61_39_I15
        non_booth          *       unsigned   8x8        16               
       add_69_27_I13       +       unsigned   21x16      21               
       mul_61_39_I14
        non_booth          *       unsigned   8x8        16               
       add_69_27_I12       +       unsigned   21x16      21               
       mul_61_39_I13
        non_booth          *       unsigned   8x8        16               
       add_69_27_I11       +       unsigned   21x16      21               
       mul_61_39_I12
        non_booth          *       unsigned   8x8        16               
       add_69_27_I10       +       unsigned   21x16      21               
       mul_61_39_I11
        non_booth          *       unsigned   8x8        16               
       add_69_27_I9        +       unsigned   21x16      21               
       mul_61_39_I10
        non_booth          *       unsigned   8x8        16               
       add_69_27_I8        +       unsigned   21x16      21               
       mul_61_39_I9
        non_booth          *       unsigned   8x8        16               
       add_69_27_I7        +       unsigned   21x16      21               
       mul_61_39_I8
        non_booth          *       unsigned   8x8        16               
       add_69_27_I6        +       unsigned   20x16      21               
       mul_61_39_I7
        non_booth          *       unsigned   8x8        16               
       add_69_27_I5        +       unsigned   19x16      20               
       mul_61_39_I6
        non_booth          *       unsigned   8x8        16               
       add_69_27_I4        +       unsigned   18x16      19               
       mul_61_39_I5
        non_booth          *       unsigned   8x8        16               
       add_69_27_I3        +       unsigned   17x16      18               
       mul_61_39_I4
        non_booth          *       unsigned   8x8        16               
       add_69_27_I2        +       unsigned   16x16      17               
       mul_61_39_I3
        non_booth          *       unsigned   8x8        16               
       mul_61_39_I1
        non_booth          *       unsigned   8x8        16               
       mul_61_39_I2
        non_booth          *       unsigned   8x8        16               
==========================================================================
pulpino_padstop
 pulpino_top_i
  peripherals_i
   axi_spi_slave_i
    axi_spi_slave_i
     u_axiplug
      add_154_29
      module:add_unsigned_2
       slow                +       unsigned   32x3       32        149.76 
==========================================================================

      Type        CellArea  Percentage 
---------------------------------------
datapath modules  464460.36      27.04 
external muxes        19.24       0.00 
others           1253181.95      72.96 
---------------------------------------
total            1717661.55     100.00 

