****************************************
Report : constraint
	-all_violators
	-path slack_only
Design : pulpino_padstop
Version: O-2018.06-SP5
Date   : Sat May 24 17:07:13 2025
****************************************


   max_delay/setup ('clock_gating_default' group)

   Endpoint                                                  Slack
   -----------------------------------------------------------------
   pulpino_top_i/axi_interconnect_i/axi_node_i/_RESP_BLOCK_GEN[0].RESP_BLOCK/DW_ADDR_DEC/MASTER_ID_FIFO/cg_cell/g14/B
                                                             -0.29  (VIOLATED)
   pulpino_top_i/axi_interconnect_i/axi_node_i/_RESP_BLOCK_GEN[2].RESP_BLOCK/DW_ADDR_DEC/MASTER_ID_FIFO/cg_cell/g14/B
                                                             -0.27  (VIOLATED)
   pulpino_top_i/core_region_i/axi_slice_core2axi/WITH_SLICE.axi_slice_i/w_buffer_i/buffer_i/cg_cell/g14/B
                                                             -0.21  (VIOLATED)
   pulpino_top_i/core_region_i/axi_slice_core2axi/WITH_SLICE.axi_slice_i/ar_buffer_i/buffer_i/cg_cell/g14/B
                                                             -0.19  (VIOLATED)
   pulpino_top_i/core_region_i/axi_slice_core2axi/WITH_SLICE.axi_slice_i/aw_buffer_i/buffer_i/cg_cell/g14/B
                                                             -0.16  (VIOLATED)
   pulpino_top_i/axi_interconnect_i/axi_node_i/_RESP_BLOCK_GEN[1].RESP_BLOCK/DW_ADDR_DEC/MASTER_ID_FIFO/cg_cell/g14/B
                                                             -0.11  (VIOLATED)
   pulpino_top_i/core_region_i/CORE.RISCV_CORE/core_clock_gate_i/g13/B
                                                             -0.08  (VIOLATED)

   max_delay/setup ('clk' group)

   Endpoint                                                  Slack
   -----------------------------------------------------------------
   pulpino_top_i/core_region_i/instr_mem/sp_ram_wrap_i/bank2_byte0/A[7]
                                                             -0.73  (VIOLATED)
   pulpino_top_i/core_region_i/instr_mem/sp_ram_wrap_i/bank2_byte1/A[7]
                                                             -0.72  (VIOLATED)
   pulpino_top_i/core_region_i/instr_mem/sp_ram_wrap_i/bank2_byte2/A[7]
                                                             -0.70  (VIOLATED)
   pulpino_top_i/core_region_i/instr_mem/sp_ram_wrap_i/bank2_byte0/D[1]
                                                             -0.70  (VIOLATED)
   pulpino_top_i/core_region_i/instr_mem/sp_ram_wrap_i/bank2_byte3/D[1]
                                                             -0.67  (VIOLATED)
   pulpino_top_i/core_region_i/instr_mem/sp_ram_wrap_i/bank2_byte3/A[7]
                                                             -0.66  (VIOLATED)
   pulpino_top_i/core_region_i/data_mem/bank3_byte2/D[4]     -0.61  (VIOLATED)
   pulpino_top_i/core_region_i/data_mem/bank3_byte2/D[2]     -0.61  (VIOLATED)
   pulpino_top_i/core_region_i/instr_mem/sp_ram_wrap_i/bank3_byte0/A[7]
                                                             -0.61  (VIOLATED)
   pulpino_top_i/core_region_i/instr_mem/sp_ram_wrap_i/bank2_byte3/D[7]
                                                             -0.60  (VIOLATED)
   pulpino_top_i/core_region_i/instr_mem/sp_ram_wrap_i/bank2_byte3/D[2]
                                                             -0.59  (VIOLATED)
   pulpino_top_i/core_region_i/data_mem/bank3_byte2/D[3]     -0.59  (VIOLATED)
   pulpino_top_i/core_region_i/instr_mem/sp_ram_wrap_i/bank3_byte2/A[9]
                                                             -0.58  (VIOLATED)
   pulpino_top_i/core_region_i/instr_mem/sp_ram_wrap_i/bank2_byte0/A[9]
                                                             -0.57  (VIOLATED)
   pulpino_top_i/core_region_i/instr_mem/sp_ram_wrap_i/bank2_byte0/A[8]
                                                             -0.57  (VIOLATED)
   pulpino_top_i/core_region_i/instr_mem/sp_ram_wrap_i/bank2_byte2/D[7]
                                                             -0.57  (VIOLATED)
   pulpino_top_i/core_region_i/instr_mem/sp_ram_wrap_i/bank2_byte1/A[9]
                                                             -0.57  (VIOLATED)
   pulpino_top_i/core_region_i/instr_mem/sp_ram_wrap_i/bank2_byte1/A[8]
                                                             -0.57  (VIOLATED)
   pulpino_top_i/core_region_i/instr_mem/sp_ram_wrap_i/bank2_byte2/D[0]
                                                             -0.56  (VIOLATED)
   pulpino_top_i/core_region_i/data_mem/bank3_byte1/D[3]     -0.56  (VIOLATED)
   pulpino_top_i/core_region_i/instr_mem/sp_ram_wrap_i/bank3_byte3/A[9]
                                                             -0.56  (VIOLATED)
   pulpino_top_i/core_region_i/instr_mem/sp_ram_wrap_i/bank3_byte1/A[2]
                                                             -0.56  (VIOLATED)
   pulpino_top_i/core_region_i/instr_mem/sp_ram_wrap_i/bank2_byte0/A[3]
                                                             -0.56  (VIOLATED)
   pulpino_top_i/core_region_i/instr_mem/sp_ram_wrap_i/bank2_byte1/A[3]
                                                             -0.55  (VIOLATED)
   pulpino_top_i/core_region_i/instr_mem/sp_ram_wrap_i/bank2_byte2/A[9]
                                                             -0.55  (VIOLATED)
   pulpino_top_i/core_region_i/instr_mem/sp_ram_wrap_i/bank3_byte0/A[2]
                                                             -0.55  (VIOLATED)
   pulpino_top_i/core_region_i/instr_mem/sp_ram_wrap_i/bank2_byte2/A[8]
                                                             -0.55  (VIOLATED)
   pulpino_top_i/core_region_i/instr_mem/sp_ram_wrap_i/bank2_byte2/A[3]
                                                             -0.53  (VIOLATED)
   pulpino_top_i/core_region_i/instr_mem/sp_ram_wrap_i/bank2_byte2/D[5]
                                                             -0.53  (VIOLATED)
   pulpino_top_i/core_region_i/instr_mem/sp_ram_wrap_i/bank2_byte2/D[2]
                                                             -0.53  (VIOLATED)
   pulpino_top_i/core_region_i/data_mem/bank3_byte2/D[5]     -0.52  (VIOLATED)
   pulpino_top_i/core_region_i/CORE.RISCV_CORE/if_stage_i/instr_rdata_id_o_reg[12]/TI
                                                             -0.52  (VIOLATED)
   pulpino_top_i/core_region_i/instr_mem/sp_ram_wrap_i/bank3_byte1/A[7]
                                                             -0.52  (VIOLATED)
   pulpino_top_i/core_region_i/instr_mem/sp_ram_wrap_i/bank2_byte3/A[9]
                                                             -0.51  (VIOLATED)
   pulpino_top_i/core_region_i/instr_mem/sp_ram_wrap_i/bank2_byte0/A[4]
                                                             -0.51  (VIOLATED)
   pulpino_top_i/core_region_i/CORE.RISCV_CORE/if_stage_i/instr_rdata_id_o_reg[13]/TI
                                                             -0.51  (VIOLATED)
   pulpino_top_i/core_region_i/instr_mem/sp_ram_wrap_i/bank2_byte3/A[8]
                                                             -0.51  (VIOLATED)
   pulpino_top_i/core_region_i/instr_mem/sp_ram_wrap_i/bank2_byte3/D[3]
                                                             -0.51  (VIOLATED)
   pulpino_top_i/core_region_i/CORE.RISCV_CORE/if_stage_i/instr_rdata_id_o_reg[20]/TI
                                                             -0.51  (VIOLATED)
   pulpino_top_i/core_region_i/instr_mem/sp_ram_wrap_i/bank2_byte3/D[4]
                                                             -0.51  (VIOLATED)
   pulpino_top_i/core_region_i/instr_mem/sp_ram_wrap_i/bank2_byte1/A[4]
                                                             -0.51  (VIOLATED)
   pulpino_top_i/core_region_i/CORE.RISCV_CORE/if_stage_i/instr_rdata_id_o_reg[21]/TI
                                                             -0.51  (VIOLATED)
   pulpino_top_i/core_region_i/instr_mem/sp_ram_wrap_i/bank2_byte0/A[2]
                                                             -0.50  (VIOLATED)
   pulpino_top_i/core_region_i/instr_mem/sp_ram_wrap_i/bank2_byte2/D[6]
                                                             -0.50  (VIOLATED)
   pulpino_top_i/peripherals_i/axi_spi_slave_i/axi_spi_slave_i/u_syncro/rdwr_reg_reg[0]/D
                                                             -0.50  (VIOLATED)
   pulpino_top_i/core_region_i/instr_mem/sp_ram_wrap_i/bank2_byte3/D[0]
                                                             -0.50  (VIOLATED)
   pulpino_top_i/core_region_i/instr_mem/sp_ram_wrap_i/bank2_byte2/WEN
                                                             -0.50  (VIOLATED)
   pulpino_top_i/core_region_i/CORE.RISCV_CORE/if_stage_i/instr_rdata_id_o_reg[17]/TI
                                                             -0.50  (VIOLATED)
   pulpino_top_i/core_region_i/instr_mem/sp_ram_wrap_i/bank2_byte1/A[2]
                                                             -0.50  (VIOLATED)
   pulpino_top_i/core_region_i/instr_mem/sp_ram_wrap_i/bank0_byte0/A[9]
                                                             -0.50  (VIOLATED)
   pulpino_top_i/core_region_i/data_mem/bank0_byte1/D[3]     -0.49  (VIOLATED)
   pulpino_top_i/core_region_i/CORE.RISCV_CORE/if_stage_i/illegal_c_insn_id_o_reg/TI
                                                             -0.49  (VIOLATED)
   pulpino_top_i/core_region_i/CORE.RISCV_CORE/if_stage_i/instr_rdata_id_o_reg[23]/TI
                                                             -0.49  (VIOLATED)
   pulpino_top_i/core_region_i/CORE.RISCV_CORE/if_stage_i/instr_rdata_id_o_reg[15]/TI
                                                             -0.49  (VIOLATED)
   pulpino_top_i/core_region_i/instr_mem/sp_ram_wrap_i/bank2_byte3/A[3]
                                                             -0.49  (VIOLATED)
   pulpino_top_i/core_region_i/CORE.RISCV_CORE/if_stage_i/instr_rdata_id_o_reg[24]/TI
                                                             -0.49  (VIOLATED)
   pulpino_top_i/peripherals_i/apb_timer_i/TIMER_GEN[0].timer_i/cycle_counter_q_reg[11]/D
                                                             -0.49  (VIOLATED)
   pulpino_top_i/core_region_i/CORE.RISCV_CORE/if_stage_i/instr_rdata_id_o_reg[19]/TI
                                                             -0.49  (VIOLATED)
   pulpino_top_i/axi_interconnect_i/axi_node_i/_RESP_BLOCK_GEN[2].RESP_BLOCK/BR_ALLOC/outstanding_counter_reg[4]/D
                                                             -0.49  (VIOLATED)
   pulpino_top_i/core_region_i/instr_mem/sp_ram_wrap_i/bank2_byte2/A[4]
                                                             -0.49  (VIOLATED)
   pulpino_top_i/core_region_i/instr_mem/sp_ram_wrap_i/bank2_byte2/D[1]
                                                             -0.48  (VIOLATED)
   pulpino_top_i/core_region_i/data_mem/bank3_byte1/D[0]     -0.48  (VIOLATED)
   pulpino_top_i/core_region_i/CORE.RISCV_CORE/if_stage_i/instr_rdata_id_o_reg[14]/TI
                                                             -0.48  (VIOLATED)
   pulpino_top_i/axi_interconnect_i/axi_node_i/_RESP_BLOCK_GEN[2].RESP_BLOCK/BR_ALLOC/outstanding_counter_reg[0]/D
                                                             -0.48  (VIOLATED)
   pulpino_top_i/core_region_i/instr_mem/sp_ram_wrap_i/bank0_byte1/A[9]
                                                             -0.47  (VIOLATED)
   pulpino_top_i/core_region_i/data_mem/bank3_byte2/D[1]     -0.47  (VIOLATED)
   pulpino_top_i/core_region_i/data_mem/bank3_byte2/D[6]     -0.47  (VIOLATED)
   pulpino_top_i/core_region_i/CORE.RISCV_CORE/if_stage_i/instr_rdata_id_o_reg[25]/TI
                                                             -0.47  (VIOLATED)
   pulpino_top_i/core_region_i/CORE.RISCV_CORE/if_stage_i/instr_rdata_id_o_reg[5]/TI
                                                             -0.47  (VIOLATED)
   pulpino_top_i/peripherals_i/apb_timer_i/TIMER_GEN[0].timer_i/cycle_counter_q_reg[10]/D
                                                             -0.47  (VIOLATED)
   pulpino_top_i/core_region_i/CORE.RISCV_CORE/if_stage_i/instr_rdata_id_o_reg[26]/TI
                                                             -0.47  (VIOLATED)
   pulpino_top_i/core_region_i/CORE.RISCV_CORE/id_stage_i/alu_operand_b_ex_o_reg[17]/TI
                                                             -0.47  (VIOLATED)
   pulpino_top_i/core_region_i/data_mem/bank3_byte1/D[5]     -0.46  (VIOLATED)
   pulpino_top_i/core_region_i/CORE.RISCV_CORE/if_stage_i/instr_rdata_id_o_reg[27]/TI
                                                             -0.46  (VIOLATED)
   pulpino_top_i/core_region_i/CORE.RISCV_CORE/if_stage_i/prefetch_32.prefetch_buffer_i/fifo_i/addr_Q_reg[1][2]/TE
                                                             -0.46  (VIOLATED)
   pulpino_top_i/peripherals_i/apb_gpio_i/r_status_reg[16]/D
                                                             -0.46  (VIOLATED)
   pulpino_top_i/core_region_i/CORE.RISCV_CORE/if_stage_i/prefetch_32.prefetch_buffer_i/fifo_i/addr_Q_reg[1][3]/TE
                                                             -0.46  (VIOLATED)
   pulpino_top_i/core_region_i/CORE.RISCV_CORE/if_stage_i/prefetch_32.prefetch_buffer_i/fifo_i/addr_Q_reg[1][4]/TE
                                                             -0.46  (VIOLATED)
   pulpino_top_i/core_region_i/CORE.RISCV_CORE/if_stage_i/prefetch_32.prefetch_buffer_i/fifo_i/addr_Q_reg[1][5]/TE
                                                             -0.46  (VIOLATED)
   pulpino_top_i/core_region_i/CORE.RISCV_CORE/if_stage_i/prefetch_32.prefetch_buffer_i/fifo_i/addr_Q_reg[1][7]/TE
                                                             -0.46  (VIOLATED)
   pulpino_top_i/core_region_i/CORE.RISCV_CORE/if_stage_i/prefetch_32.prefetch_buffer_i/fifo_i/addr_Q_reg[1][6]/TE
                                                             -0.46  (VIOLATED)
   pulpino_top_i/core_region_i/CORE.RISCV_CORE/if_stage_i/prefetch_32.prefetch_buffer_i/fifo_i/addr_Q_reg[1][8]/TE
                                                             -0.46  (VIOLATED)
   pulpino_top_i/core_region_i/CORE.RISCV_CORE/if_stage_i/prefetch_32.prefetch_buffer_i/fifo_i/addr_Q_reg[1][9]/TE
                                                             -0.46  (VIOLATED)
   pulpino_top_i/axi_interconnect_i/axi_node_i/_RESP_BLOCK_GEN[2].RESP_BLOCK/BR_ALLOC/outstanding_counter_reg[6]/D
                                                             -0.46  (VIOLATED)
   pulpino_top_i/core_region_i/CORE.RISCV_CORE/if_stage_i/prefetch_32.prefetch_buffer_i/fifo_i/addr_Q_reg[1][10]/TE
                                                             -0.46  (VIOLATED)
   pulpino_top_i/core_region_i/CORE.RISCV_CORE/id_stage_i/alu_operand_b_ex_o_reg[20]/TI
                                                             -0.46  (VIOLATED)
   pulpino_top_i/core_region_i/CORE.RISCV_CORE/id_stage_i/mult_dot_op_c_ex_o_reg[17]/D
                                                             -0.46  (VIOLATED)
   pulpino_top_i/core_region_i/CORE.RISCV_CORE/if_stage_i/prefetch_32.prefetch_buffer_i/fifo_i/addr_Q_reg[1][11]/TE
                                                             -0.46  (VIOLATED)
   pulpino_top_i/core_region_i/CORE.RISCV_CORE/if_stage_i/instr_rdata_id_o_reg[2]/TI
                                                             -0.46  (VIOLATED)
   pulpino_top_i/core_region_i/instr_mem/sp_ram_wrap_i/bank3_byte0/A[9]
                                                             -0.46  (VIOLATED)
   pulpino_top_i/peripherals_i/apb_timer_i/TIMER_GEN[0].timer_i/cycle_counter_q_reg[12]/D
                                                             -0.46  (VIOLATED)
   pulpino_top_i/axi_interconnect_i/axi_node_i/_RESP_BLOCK_GEN[2].RESP_BLOCK/BR_ALLOC/outstanding_counter_reg[5]/D
                                                             -0.46  (VIOLATED)
   pulpino_top_i/core_region_i/CORE.RISCV_CORE/if_stage_i/instr_rdata_id_o_reg[22]/TI
                                                             -0.46  (VIOLATED)
   pulpino_top_i/core_region_i/CORE.RISCV_CORE/id_stage_i/mult_operand_c_ex_o_reg[17]/D
                                                             -0.46  (VIOLATED)
   pulpino_top_i/peripherals_i/apb_gpio_i/r_status_reg[18]/D
                                                             -0.46  (VIOLATED)
   pulpino_top_i/core_region_i/CORE.RISCV_CORE/id_stage_i/registers_i/mem_reg[11][16]/D
                                                             -0.46  (VIOLATED)
   pulpino_top_i/core_region_i/CORE.RISCV_CORE/id_stage_i/alu_operand_c_ex_o_reg[17]/D
                                                             -0.45  (VIOLATED)
   pulpino_top_i/core_region_i/CORE.RISCV_CORE/if_stage_i/instr_rdata_id_o_reg[9]/TI
                                                             -0.45  (VIOLATED)
   pulpino_top_i/core_region_i/CORE.RISCV_CORE/id_stage_i/mult_dot_op_c_ex_o_reg[20]/D
                                                             -0.45  (VIOLATED)
   pulpino_top_i/core_region_i/instr_mem/sp_ram_wrap_i/bank3_byte2/A[3]
                                                             -0.45  (VIOLATED)
   pulpino_top_i/core_region_i/CORE.RISCV_CORE/if_stage_i/instr_rdata_id_o_reg[18]/TI
                                                             -0.45  (VIOLATED)
   pulpino_top_i/peripherals_i/apb_timer_i/TIMER_GEN[0].timer_i/cycle_counter_q_reg[19]/D
                                                             -0.45  (VIOLATED)
   pulpino_top_i/core_region_i/CORE.RISCV_CORE/if_stage_i/instr_rdata_id_o_reg[30]/TI
                                                             -0.45  (VIOLATED)
   pulpino_top_i/core_region_i/CORE.RISCV_CORE/if_stage_i/instr_rdata_id_o_reg[6]/TI
                                                             -0.45  (VIOLATED)
   pulpino_top_i/core_region_i/CORE.RISCV_CORE/if_stage_i/prefetch_32.prefetch_buffer_i/fifo_i/rdata_Q_reg[0][21]/D
                                                             -0.45  (VIOLATED)
   pulpino_top_i/peripherals_i/apb_timer_i/TIMER_GEN[0].timer_i/cycle_counter_q_reg[17]/D
                                                             -0.45  (VIOLATED)
   pulpino_top_i/core_region_i/CORE.RISCV_CORE/if_stage_i/instr_rdata_id_o_reg[16]/TI
                                                             -0.45  (VIOLATED)
   pulpino_top_i/core_region_i/data_mem/bank2_byte0/D[3]     -0.45  (VIOLATED)
   pulpino_top_i/core_region_i/CORE.RISCV_CORE/if_stage_i/prefetch_32.prefetch_buffer_i/fifo_i/rdata_Q_reg[0][20]/D
                                                             -0.45  (VIOLATED)
   pulpino_top_i/peripherals_i/apb_timer_i/TIMER_GEN[0].timer_i/cycle_counter_q_reg[13]/D
                                                             -0.45  (VIOLATED)
   pulpino_top_i/core_region_i/instr_mem/sp_ram_wrap_i/bank2_byte3/A[4]
                                                             -0.45  (VIOLATED)
   pulpino_top_i/peripherals_i/apb_timer_i/TIMER_GEN[0].timer_i/cycle_counter_q_reg[14]/D
                                                             -0.45  (VIOLATED)
   pulpino_top_i/core_region_i/CORE.RISCV_CORE/if_stage_i/prefetch_32.prefetch_buffer_i/fifo_i/rdata_Q_reg[0][19]/D
                                                             -0.45  (VIOLATED)
   pulpino_top_i/core_region_i/CORE.RISCV_CORE/id_stage_i/alu_operand_c_ex_o_reg[20]/D
                                                             -0.45  (VIOLATED)
   pulpino_top_i/core_region_i/CORE.RISCV_CORE/if_stage_i/prefetch_32.prefetch_buffer_i/fifo_i/addr_Q_reg[1][12]/TE
                                                             -0.45  (VIOLATED)
   pulpino_top_i/core_region_i/CORE.RISCV_CORE/if_stage_i/prefetch_32.prefetch_buffer_i/fifo_i/rdata_Q_reg[2][20]/D
                                                             -0.45  (VIOLATED)
   pulpino_top_i/peripherals_i/apb_timer_i/TIMER_GEN[0].timer_i/cycle_counter_q_reg[4]/D
                                                             -0.45  (VIOLATED)
   pulpino_top_i/core_region_i/CORE.RISCV_CORE/id_stage_i/alu_operand_b_ex_o_reg[16]/TI
                                                             -0.45  (VIOLATED)
   pulpino_top_i/core_region_i/CORE.RISCV_CORE/id_stage_i/mult_operand_c_ex_o_reg[20]/D
                                                             -0.45  (VIOLATED)
   pulpino_top_i/peripherals_i/apb_timer_i/TIMER_GEN[0].timer_i/cycle_counter_q_reg[3]/D
                                                             -0.45  (VIOLATED)
   pulpino_top_i/core_region_i/CORE.RISCV_CORE/if_stage_i/prefetch_32.prefetch_buffer_i/fifo_i/rdata_Q_reg[0][22]/D
                                                             -0.45  (VIOLATED)
   pulpino_top_i/core_region_i/CORE.RISCV_CORE/if_stage_i/prefetch_32.prefetch_buffer_i/fifo_i/rdata_Q_reg[0][18]/D
                                                             -0.45  (VIOLATED)
   pulpino_top_i/peripherals_i/apb_timer_i/TIMER_GEN[0].timer_i/cycle_counter_q_reg[16]/D
                                                             -0.45  (VIOLATED)
   pulpino_top_i/core_region_i/CORE.RISCV_CORE/if_stage_i/prefetch_32.prefetch_buffer_i/fifo_i/addr_Q_reg[1][13]/TE
                                                             -0.45  (VIOLATED)
   pulpino_top_i/core_region_i/instr_mem/sp_ram_wrap_i/bank3_byte0/A[8]
                                                             -0.45  (VIOLATED)
   pulpino_top_i/core_region_i/CORE.RISCV_CORE/id_stage_i/registers_i/mem_reg[13][16]/D
                                                             -0.45  (VIOLATED)
   pulpino_top_i/core_region_i/CORE.RISCV_CORE/id_stage_i/registers_i/mem_reg[6][20]/D
                                                             -0.45  (VIOLATED)
   pulpino_top_i/peripherals_i/apb_timer_i/TIMER_GEN[0].timer_i/cycle_counter_q_reg[15]/D
                                                             -0.45  (VIOLATED)
   pulpino_top_i/core_region_i/CORE.RISCV_CORE/id_stage_i/registers_i/mem_reg[4][20]/D
                                                             -0.45  (VIOLATED)
   pulpino_top_i/core_region_i/instr_mem/sp_ram_wrap_i/bank2_byte3/D[5]
                                                             -0.45  (VIOLATED)
   pulpino_top_i/core_region_i/CORE.RISCV_CORE/if_stage_i/instr_rdata_id_o_reg[0]/TI
                                                             -0.45  (VIOLATED)
   pulpino_top_i/core_region_i/CORE.RISCV_CORE/if_stage_i/prefetch_32.prefetch_buffer_i/fifo_i/addr_Q_reg[1][14]/TE
                                                             -0.45  (VIOLATED)
   pulpino_top_i/peripherals_i/apb_timer_i/TIMER_GEN[1].timer_i/cycle_counter_q_reg[23]/D
                                                             -0.45  (VIOLATED)
   pulpino_top_i/core_region_i/CORE.RISCV_CORE/id_stage_i/registers_i/mem_reg[5][20]/D
                                                             -0.45  (VIOLATED)
   pulpino_top_i/core_region_i/CORE.RISCV_CORE/id_stage_i/registers_i/mem_reg[7][16]/D
                                                             -0.45  (VIOLATED)
   pulpino_top_i/core_region_i/CORE.RISCV_CORE/if_stage_i/prefetch_32.prefetch_buffer_i/fifo_i/rdata_Q_reg[2][10]/D
                                                             -0.45  (VIOLATED)
   pulpino_top_i/core_region_i/CORE.RISCV_CORE/if_stage_i/prefetch_32.prefetch_buffer_i/fifo_i/rdata_Q_reg[0][29]/D
                                                             -0.45  (VIOLATED)
   pulpino_top_i/core_region_i/CORE.RISCV_CORE/if_stage_i/prefetch_32.prefetch_buffer_i/fifo_i/rdata_Q_reg[0][30]/D
                                                             -0.45  (VIOLATED)
   pulpino_top_i/core_region_i/CORE.RISCV_CORE/if_stage_i/prefetch_32.prefetch_buffer_i/fifo_i/rdata_Q_reg[0][26]/D
                                                             -0.45  (VIOLATED)
   pulpino_top_i/core_region_i/data_mem/bank2_byte0/D[5]     -0.45  (VIOLATED)
   pulpino_top_i/core_region_i/CORE.RISCV_CORE/if_stage_i/prefetch_32.prefetch_buffer_i/fifo_i/rdata_Q_reg[2][12]/D
                                                             -0.45  (VIOLATED)
   pulpino_top_i/core_region_i/CORE.RISCV_CORE/if_stage_i/prefetch_32.prefetch_buffer_i/fifo_i/addr_Q_reg[1][15]/TE
                                                             -0.45  (VIOLATED)
   pulpino_top_i/core_region_i/CORE.RISCV_CORE/if_stage_i/prefetch_32.prefetch_buffer_i/fifo_i/rdata_Q_reg[0][27]/D
                                                             -0.45  (VIOLATED)
   pulpino_top_i/core_region_i/CORE.RISCV_CORE/id_stage_i/registers_i/mem_reg[15][20]/D
                                                             -0.44  (VIOLATED)
   pulpino_top_i/core_region_i/data_mem/bank3_byte1/D[2]     -0.44  (VIOLATED)
   pulpino_top_i/core_region_i/CORE.RISCV_CORE/id_stage_i/registers_i/mem_reg[12][16]/D
                                                             -0.44  (VIOLATED)
   pulpino_top_i/core_region_i/CORE.RISCV_CORE/if_stage_i/prefetch_32.prefetch_buffer_i/fifo_i/rdata_Q_reg[2][5]/D
                                                             -0.44  (VIOLATED)
   pulpino_top_i/peripherals_i/apb_timer_i/TIMER_GEN[0].timer_i/cycle_counter_q_reg[1]/D
                                                             -0.44  (VIOLATED)
   pulpino_top_i/core_region_i/CORE.RISCV_CORE/if_stage_i/instr_rdata_id_o_reg[4]/TI
                                                             -0.44  (VIOLATED)
   pulpino_top_i/core_region_i/CORE.RISCV_CORE/if_stage_i/prefetch_32.prefetch_buffer_i/fifo_i/rdata_Q_reg[2][2]/D
                                                             -0.44  (VIOLATED)
   pulpino_top_i/core_region_i/CORE.RISCV_CORE/id_stage_i/registers_i/mem_reg[9][16]/D
                                                             -0.44  (VIOLATED)
   pulpino_top_i/core_region_i/CORE.RISCV_CORE/if_stage_i/prefetch_32.prefetch_buffer_i/fifo_i/rdata_Q_reg[2][14]/D
                                                             -0.44  (VIOLATED)
   pulpino_top_i/peripherals_i/apb_timer_i/TIMER_GEN[0].timer_i/cycle_counter_q_reg[2]/D
                                                             -0.44  (VIOLATED)
   pulpino_top_i/core_region_i/CORE.RISCV_CORE/if_stage_i/prefetch_32.prefetch_buffer_i/instr_addr_q_reg[1]/D
                                                             -0.44  (VIOLATED)
   pulpino_top_i/core_region_i/CORE.RISCV_CORE/if_stage_i/prefetch_32.prefetch_buffer_i/fifo_i/rdata_Q_reg[0][28]/D
                                                             -0.44  (VIOLATED)
   pulpino_top_i/peripherals_i/apb_timer_i/TIMER_GEN[0].timer_i/cycle_counter_q_reg[8]/D
                                                             -0.44  (VIOLATED)
   pulpino_top_i/core_region_i/CORE.RISCV_CORE/if_stage_i/prefetch_32.prefetch_buffer_i/fifo_i/rdata_Q_reg[2][4]/D
                                                             -0.44  (VIOLATED)
   pulpino_top_i/core_region_i/CORE.RISCV_CORE/if_stage_i/prefetch_32.prefetch_buffer_i/fifo_i/rdata_Q_reg[0][12]/D
                                                             -0.44  (VIOLATED)
   pulpino_top_i/core_region_i/CORE.RISCV_CORE/if_stage_i/prefetch_32.prefetch_buffer_i/fifo_i/rdata_Q_reg[2][19]/D
                                                             -0.44  (VIOLATED)
   pulpino_top_i/core_region_i/CORE.RISCV_CORE/if_stage_i/prefetch_32.prefetch_buffer_i/fifo_i/rdata_Q_reg[2][13]/D
                                                             -0.44  (VIOLATED)
   pulpino_top_i/peripherals_i/apb_timer_i/TIMER_GEN[0].timer_i/cycle_counter_q_reg[6]/D
                                                             -0.44  (VIOLATED)
   pulpino_top_i/core_region_i/CORE.RISCV_CORE/if_stage_i/prefetch_32.prefetch_buffer_i/fifo_i/rdata_Q_reg[2][11]/D
                                                             -0.44  (VIOLATED)
   pulpino_top_i/core_region_i/CORE.RISCV_CORE/if_stage_i/prefetch_32.prefetch_buffer_i/fifo_i/rdata_Q_reg[0][5]/D
                                                             -0.44  (VIOLATED)
   pulpino_top_i/peripherals_i/apb_timer_i/TIMER_GEN[0].timer_i/cycle_counter_q_reg[7]/D
                                                             -0.44  (VIOLATED)
   pulpino_top_i/core_region_i/CORE.RISCV_CORE/if_stage_i/prefetch_32.prefetch_buffer_i/fifo_i/rdata_Q_reg[0][4]/D
                                                             -0.44  (VIOLATED)
   pulpino_top_i/core_region_i/CORE.RISCV_CORE/if_stage_i/prefetch_32.prefetch_buffer_i/fifo_i/rdata_Q_reg[2][18]/D
                                                             -0.44  (VIOLATED)
   pulpino_top_i/core_region_i/CORE.RISCV_CORE/if_stage_i/instr_rdata_id_o_reg[11]/TI
                                                             -0.44  (VIOLATED)
   pulpino_top_i/core_region_i/data_mem/bank0_byte1/D[5]     -0.44  (VIOLATED)
   pulpino_top_i/core_region_i/instr_mem/sp_ram_wrap_i/bank1_byte3/CSN
                                                             -0.44  (VIOLATED)
   pulpino_top_i/core_region_i/CORE.RISCV_CORE/if_stage_i/prefetch_32.prefetch_buffer_i/instr_addr_q_reg[0]/D
                                                             -0.44  (VIOLATED)
   pulpino_top_i/core_region_i/CORE.RISCV_CORE/if_stage_i/prefetch_32.prefetch_buffer_i/fifo_i/rdata_Q_reg[2][3]/D
                                                             -0.44  (VIOLATED)
   pulpino_top_i/core_region_i/CORE.RISCV_CORE/id_stage_i/registers_i/mem_reg[14][16]/D
                                                             -0.44  (VIOLATED)
   pulpino_top_i/core_region_i/CORE.RISCV_CORE/if_stage_i/prefetch_32.prefetch_buffer_i/fifo_i/rdata_Q_reg[2][6]/D
                                                             -0.44  (VIOLATED)
   pulpino_top_i/core_region_i/CORE.RISCV_CORE/id_stage_i/mult_dot_op_b_ex_o_reg[17]/D
                                                             -0.44  (VIOLATED)
   pulpino_top_i/core_region_i/data_mem/bank3_byte1/D[1]     -0.44  (VIOLATED)
   pulpino_top_i/core_region_i/CORE.RISCV_CORE/if_stage_i/instr_rdata_id_o_reg[28]/TI
                                                             -0.44  (VIOLATED)
   pulpino_top_i/core_region_i/CORE.RISCV_CORE/id_stage_i/alu_operand_b_ex_o_reg[27]/TI
                                                             -0.44  (VIOLATED)
   pulpino_top_i/core_region_i/CORE.RISCV_CORE/id_stage_i/mult_dot_op_c_ex_o_reg[31]/D
                                                             -0.44  (VIOLATED)
   pulpino_top_i/core_region_i/CORE.RISCV_CORE/id_stage_i/mult_operand_c_ex_o_reg[31]/D
                                                             -0.44  (VIOLATED)
   pulpino_top_i/core_region_i/instr_mem/sp_ram_wrap_i/bank3_byte1/A[8]
                                                             -0.44  (VIOLATED)
   pulpino_top_i/peripherals_i/apb_timer_i/TIMER_GEN[0].timer_i/cycle_counter_q_reg[5]/D
                                                             -0.44  (VIOLATED)
   pulpino_top_i/core_region_i/CORE.RISCV_CORE/id_stage_i/alu_operand_b_ex_o_reg[28]/TI
                                                             -0.44  (VIOLATED)
   pulpino_top_i/core_region_i/CORE.RISCV_CORE/if_stage_i/prefetch_32.prefetch_buffer_i/fifo_i/rdata_Q_reg[0][6]/D
                                                             -0.44  (VIOLATED)
   pulpino_top_i/peripherals_i/apb_timer_i/TIMER_GEN[0].timer_i/cycle_counter_q_reg[9]/D
                                                             -0.44  (VIOLATED)
   pulpino_top_i/core_region_i/CORE.RISCV_CORE/id_stage_i/mult_operand_b_ex_o_reg[17]/D
                                                             -0.44  (VIOLATED)
   pulpino_top_i/core_region_i/CORE.RISCV_CORE/if_stage_i/prefetch_32.prefetch_buffer_i/fifo_i/rdata_Q_reg[1][15]/D
                                                             -0.44  (VIOLATED)
   pulpino_top_i/core_region_i/CORE.RISCV_CORE/if_stage_i/prefetch_32.prefetch_buffer_i/fifo_i/rdata_Q_reg[2][7]/D
                                                             -0.44  (VIOLATED)
   pulpino_top_i/core_region_i/CORE.RISCV_CORE/id_stage_i/mult_dot_op_a_ex_o_reg[17]/D
                                                             -0.44  (VIOLATED)
   pulpino_top_i/core_region_i/instr_mem/sp_ram_wrap_i/bank3_byte3/A[3]
                                                             -0.44  (VIOLATED)
   pulpino_top_i/core_region_i/data_mem/bank3_byte2/D[0]     -0.44  (VIOLATED)
   pulpino_top_i/core_region_i/CORE.RISCV_CORE/id_stage_i/alu_operand_c_ex_o_reg[31]/D
                                                             -0.44  (VIOLATED)
   pulpino_top_i/core_region_i/CORE.RISCV_CORE/id_stage_i/registers_i/mem_reg[8][16]/D
                                                             -0.44  (VIOLATED)
   pulpino_top_i/core_region_i/CORE.RISCV_CORE/id_stage_i/mult_operand_c_ex_o_reg[16]/D
                                                             -0.43  (VIOLATED)
   pulpino_top_i/core_region_i/CORE.RISCV_CORE/if_stage_i/instr_rdata_id_o_reg[7]/TI
                                                             -0.43  (VIOLATED)
   pulpino_top_i/core_region_i/CORE.RISCV_CORE/if_stage_i/prefetch_32.prefetch_buffer_i/fifo_i/valid_Q_reg[1]/D
                                                             -0.43  (VIOLATED)
   pulpino_top_i/core_region_i/CORE.RISCV_CORE/if_stage_i/prefetch_32.prefetch_buffer_i/fifo_i/rdata_Q_reg[2][21]/D
                                                             -0.43  (VIOLATED)
   pulpino_top_i/core_region_i/CORE.RISCV_CORE/if_stage_i/prefetch_32.prefetch_buffer_i/fifo_i/rdata_Q_reg[2][22]/D
                                                             -0.43  (VIOLATED)
   pulpino_top_i/core_region_i/CORE.RISCV_CORE/if_stage_i/prefetch_32.prefetch_buffer_i/fifo_i/rdata_Q_reg[0][2]/D
                                                             -0.43  (VIOLATED)
   pulpino_top_i/core_region_i/instr_mem_axi_if/axi_mem_if_SP_i/Slave_r_buffer_LP/buffer_i/FIFO_REGISTERS_reg[2][14]/D
                                                             -0.43  (VIOLATED)
   pulpino_top_i/core_region_i/instr_mem_axi_if/axi_mem_if_SP_i/Slave_r_buffer_LP/buffer_i/FIFO_REGISTERS_reg[3][14]/D
                                                             -0.43  (VIOLATED)
   pulpino_top_i/core_region_i/instr_mem/sp_ram_wrap_i/bank2_byte0/CSN
                                                             -0.43  (VIOLATED)
   pulpino_top_i/axi_interconnect_i/axi_node_i/_RESP_BLOCK_GEN[2].RESP_BLOCK/BR_ALLOC/outstanding_counter_reg[1]/D
                                                             -0.43  (VIOLATED)
   pulpino_top_i/core_region_i/CORE.RISCV_CORE/if_stage_i/prefetch_32.prefetch_buffer_i/fifo_i/rdata_Q_reg[1][29]/D
                                                             -0.43  (VIOLATED)
   pulpino_top_i/core_region_i/instr_mem_axi_if/axi_mem_if_SP_i/Slave_r_buffer_LP/buffer_i/FIFO_REGISTERS_reg[0][14]/D
                                                             -0.43  (VIOLATED)
   pulpino_top_i/core_region_i/instr_mem_axi_if/axi_mem_if_SP_i/Slave_r_buffer_LP/buffer_i/FIFO_REGISTERS_reg[1][14]/D
                                                             -0.43  (VIOLATED)
   pulpino_top_i/core_region_i/CORE.RISCV_CORE/id_stage_i/mult_dot_op_a_ex_o_reg[16]/D
                                                             -0.43  (VIOLATED)
   pulpino_top_i/core_region_i/CORE.RISCV_CORE/if_stage_i/prefetch_32.prefetch_buffer_i/fifo_i/rdata_Q_reg[0][3]/D
                                                             -0.43  (VIOLATED)
   pulpino_top_i/peripherals_i/apb_timer_i/TIMER_GEN[0].timer_i/cycle_counter_q_reg[31]/D
                                                             -0.43  (VIOLATED)
   pulpino_top_i/core_region_i/CORE.RISCV_CORE/if_stage_i/prefetch_32.prefetch_buffer_i/fifo_i/rdata_Q_reg[0][13]/D
                                                             -0.43  (VIOLATED)
   pulpino_top_i/core_region_i/CORE.RISCV_CORE/if_stage_i/prefetch_32.prefetch_buffer_i/fifo_i/rdata_Q_reg[0][14]/D
                                                             -0.43  (VIOLATED)
   pulpino_top_i/core_region_i/CORE.RISCV_CORE/if_stage_i/prefetch_32.prefetch_buffer_i/fifo_i/rdata_Q_reg[1][11]/D
                                                             -0.43  (VIOLATED)
   pulpino_top_i/core_region_i/CORE.RISCV_CORE/if_stage_i/prefetch_32.prefetch_buffer_i/fifo_i/rdata_Q_reg[0][10]/D
                                                             -0.43  (VIOLATED)
   pulpino_top_i/core_region_i/instr_mem/sp_ram_wrap_i/bank3_byte2/A[8]
                                                             -0.43  (VIOLATED)
   pulpino_top_i/core_region_i/CORE.RISCV_CORE/id_stage_i/mult_operand_a_ex_o_reg[17]/D
                                                             -0.43  (VIOLATED)
   pulpino_top_i/core_region_i/CORE.RISCV_CORE/if_stage_i/prefetch_32.prefetch_buffer_i/fifo_i/valid_Q_reg[3]/D
                                                             -0.43  (VIOLATED)
   pulpino_top_i/core_region_i/CORE.RISCV_CORE/if_stage_i/prefetch_32.prefetch_buffer_i/fifo_i/rdata_Q_reg[0][11]/D
                                                             -0.43  (VIOLATED)
   pulpino_top_i/core_region_i/CORE.RISCV_CORE/id_stage_i/alu_operand_a_ex_o_reg[27]/D
                                                             -0.43  (VIOLATED)
   pulpino_top_i/core_region_i/instr_mem/sp_ram_wrap_i/bank1_byte2/CSN
                                                             -0.43  (VIOLATED)
   pulpino_top_i/core_region_i/CORE.RISCV_CORE/id_stage_i/alu_operand_a_ex_o_reg[17]/D
                                                             -0.43  (VIOLATED)
   pulpino_top_i/core_region_i/CORE.RISCV_CORE/id_stage_i/mult_operand_a_ex_o_reg[27]/D
                                                             -0.43  (VIOLATED)
   pulpino_top_i/core_region_i/CORE.RISCV_CORE/id_stage_i/mult_dot_op_a_ex_o_reg[27]/D
                                                             -0.43  (VIOLATED)
   pulpino_top_i/core_region_i/CORE.RISCV_CORE/id_stage_i/mult_dot_op_c_ex_o_reg[16]/D
                                                             -0.43  (VIOLATED)
   pulpino_top_i/core_region_i/CORE.RISCV_CORE/if_stage_i/prefetch_32.prefetch_buffer_i/fifo_i/rdata_Q_reg[2][17]/D
                                                             -0.43  (VIOLATED)
   pulpino_top_i/core_region_i/CORE.RISCV_CORE/id_stage_i/alu_operand_c_ex_o_reg[16]/D
                                                             -0.43  (VIOLATED)
   pulpino_top_i/core_region_i/CORE.RISCV_CORE/id_stage_i/mult_operand_a_ex_o_reg[16]/D
                                                             -0.43  (VIOLATED)
   pulpino_top_i/core_region_i/CORE.RISCV_CORE/if_stage_i/instr_rdata_id_o_reg[8]/TI
                                                             -0.43  (VIOLATED)
   pulpino_top_i/core_region_i/CORE.RISCV_CORE/if_stage_i/prefetch_32.prefetch_buffer_i/fifo_i/rdata_Q_reg[1][12]/D
                                                             -0.43  (VIOLATED)
   pulpino_top_i/core_region_i/CORE.RISCV_CORE/id_stage_i/registers_i/mem_reg[2][20]/D
                                                             -0.43  (VIOLATED)
   pulpino_top_i/core_region_i/instr_mem/sp_ram_wrap_i/bank3_byte0/A[3]
                                                             -0.43  (VIOLATED)
   pulpino_top_i/core_region_i/CORE.RISCV_CORE/if_stage_i/prefetch_32.prefetch_buffer_i/fifo_i/rdata_Q_reg[2][16]/D
                                                             -0.43  (VIOLATED)
   pulpino_top_i/core_region_i/CORE.RISCV_CORE/id_stage_i/alu_operand_a_ex_o_reg[16]/D
                                                             -0.43  (VIOLATED)
   pulpino_top_i/core_region_i/CORE.RISCV_CORE/if_stage_i/prefetch_32.prefetch_buffer_i/fifo_i/rdata_Q_reg[1][18]/D
                                                             -0.43  (VIOLATED)
   pulpino_top_i/core_region_i/CORE.RISCV_CORE/if_stage_i/prefetch_32.prefetch_buffer_i/fifo_i/rdata_Q_reg[2][1]/D
                                                             -0.43  (VIOLATED)
   pulpino_top_i/core_region_i/CORE.RISCV_CORE/id_stage_i/registers_i/mem_reg[9][11]/D
                                                             -0.43  (VIOLATED)
   pulpino_top_i/core_region_i/CORE.RISCV_CORE/if_stage_i/prefetch_32.prefetch_buffer_i/fifo_i/rdata_Q_reg[1][10]/D
                                                             -0.43  (VIOLATED)
   pulpino_top_i/core_region_i/CORE.RISCV_CORE/if_stage_i/prefetch_32.prefetch_buffer_i/fifo_i/rdata_Q_reg[1][5]/D
                                                             -0.43  (VIOLATED)
   pulpino_top_i/core_region_i/CORE.RISCV_CORE/if_stage_i/prefetch_32.prefetch_buffer_i/fifo_i/addr_Q_reg[0][15]/D
                                                             -0.43  (VIOLATED)
   pulpino_top_i/core_region_i/CORE.RISCV_CORE/if_stage_i/prefetch_32.prefetch_buffer_i/fifo_i/valid_Q_reg[0]/D
                                                             -0.43  (VIOLATED)
   pulpino_top_i/core_region_i/CORE.RISCV_CORE/if_stage_i/prefetch_32.prefetch_buffer_i/fifo_i/rdata_Q_reg[1][20]/D
                                                             -0.43  (VIOLATED)
   pulpino_top_i/core_region_i/CORE.RISCV_CORE/if_stage_i/prefetch_32.prefetch_buffer_i/fifo_i/rdata_Q_reg[1][9]/D
                                                             -0.43  (VIOLATED)
   pulpino_top_i/core_region_i/CORE.RISCV_CORE/if_stage_i/prefetch_32.prefetch_buffer_i/fifo_i/rdata_Q_reg[2][31]/D
                                                             -0.43  (VIOLATED)
   pulpino_top_i/core_region_i/CORE.RISCV_CORE/id_stage_i/mult_dot_op_c_ex_o_reg[24]/D
                                                             -0.43  (VIOLATED)
   pulpino_top_i/core_region_i/CORE.RISCV_CORE/id_stage_i/mult_operand_c_ex_o_reg[24]/D
                                                             -0.43  (VIOLATED)
   pulpino_top_i/core_region_i/CORE.RISCV_CORE/if_stage_i/prefetch_32.prefetch_buffer_i/fifo_i/rdata_Q_reg[1][3]/D
                                                             -0.43  (VIOLATED)
   pulpino_top_i/core_region_i/CORE.RISCV_CORE/if_stage_i/prefetch_32.prefetch_buffer_i/fifo_i/rdata_Q_reg[1][8]/D
                                                             -0.43  (VIOLATED)
   pulpino_top_i/axi_interconnect_i/axi_node_i/_RESP_BLOCK_GEN[2].RESP_BLOCK/BR_ALLOC/outstanding_counter_reg[2]/D
                                                             -0.43  (VIOLATED)
   pulpino_top_i/core_region_i/CORE.RISCV_CORE/if_stage_i/instr_rdata_id_o_reg[31]/D
                                                             -0.43  (VIOLATED)
   pulpino_top_i/core_region_i/CORE.RISCV_CORE/id_stage_i/registers_i/mem_reg[7][7]/D
                                                             -0.43  (VIOLATED)
   pulpino_top_i/peripherals_i/apb_gpio_i/r_status_reg[12]/D
                                                             -0.43  (VIOLATED)
   pulpino_top_i/core_region_i/CORE.RISCV_CORE/if_stage_i/prefetch_32.prefetch_buffer_i/fifo_i/rdata_Q_reg[1][2]/D
                                                             -0.43  (VIOLATED)
   pulpino_top_i/core_region_i/data_mem/bank2_byte1/D[3]     -0.43  (VIOLATED)
   pulpino_top_i/core_region_i/CORE.RISCV_CORE/id_stage_i/registers_i/mem_reg[7][5]/D
                                                             -0.43  (VIOLATED)
   pulpino_top_i/peripherals_i/axi2apb_i/genblk1.axi2apb_i/RDATA_Q_reg[8]/D
                                                             -0.43  (VIOLATED)
   pulpino_top_i/core_region_i/CORE.RISCV_CORE/if_stage_i/prefetch_32.prefetch_buffer_i/fifo_i/rdata_Q_reg[1][7]/D
                                                             -0.43  (VIOLATED)
   pulpino_top_i/core_region_i/CORE.RISCV_CORE/if_stage_i/prefetch_32.prefetch_buffer_i/fifo_i/rdata_Q_reg[1][19]/D
                                                             -0.43  (VIOLATED)
   pulpino_top_i/core_region_i/CORE.RISCV_CORE/id_stage_i/hwloop_regs_i/hwlp_counter_q_reg[1][17]/D
                                                             -0.43  (VIOLATED)
   pulpino_top_i/core_region_i/CORE.RISCV_CORE/id_stage_i/registers_i/mem_reg[13][11]/D
                                                             -0.43  (VIOLATED)
   pulpino_top_i/core_region_i/instr_mem/sp_ram_wrap_i/bank2_byte1/CSN
                                                             -0.43  (VIOLATED)
   pulpino_top_i/core_region_i/CORE.RISCV_CORE/id_stage_i/registers_i/mem_reg[3][20]/D
                                                             -0.43  (VIOLATED)
   pulpino_top_i/core_region_i/CORE.RISCV_CORE/if_stage_i/prefetch_32.prefetch_buffer_i/fifo_i/rdata_Q_reg[2][24]/D
                                                             -0.43  (VIOLATED)
   pulpino_top_i/core_region_i/CORE.RISCV_CORE/if_stage_i/prefetch_32.prefetch_buffer_i/fifo_i/rdata_Q_reg[1][4]/D
                                                             -0.43  (VIOLATED)
   pulpino_top_i/core_region_i/CORE.RISCV_CORE/if_stage_i/prefetch_32.prefetch_buffer_i/fifo_i/rdata_Q_reg[2][23]/D
                                                             -0.43  (VIOLATED)
   pulpino_top_i/core_region_i/CORE.RISCV_CORE/id_stage_i/registers_i/mem_reg[7][26]/D
                                                             -0.43  (VIOLATED)
   pulpino_top_i/core_region_i/CORE.RISCV_CORE/if_stage_i/prefetch_32.prefetch_buffer_i/fifo_i/rdata_Q_reg[1][21]/D
                                                             -0.43  (VIOLATED)
   pulpino_top_i/core_region_i/CORE.RISCV_CORE/if_stage_i/prefetch_32.prefetch_buffer_i/fifo_i/addr_Q_reg[1][16]/TE
                                                             -0.43  (VIOLATED)
   pulpino_top_i/core_region_i/CORE.RISCV_CORE/if_stage_i/prefetch_32.prefetch_buffer_i/fifo_i/rdata_Q_reg[0][8]/D
                                                             -0.43  (VIOLATED)
   pulpino_top_i/core_region_i/CORE.RISCV_CORE/if_stage_i/instr_rdata_id_o_reg[10]/TI
                                                             -0.43  (VIOLATED)
   pulpino_top_i/core_region_i/CORE.RISCV_CORE/id_stage_i/hwloop_regs_i/hwlp_counter_q_reg[0][17]/D
                                                             -0.43  (VIOLATED)
   pulpino_top_i/core_region_i/CORE.RISCV_CORE/if_stage_i/prefetch_32.prefetch_buffer_i/fifo_i/rdata_Q_reg[0][9]/D
                                                             -0.42  (VIOLATED)
   pulpino_top_i/core_region_i/CORE.RISCV_CORE/if_stage_i/prefetch_32.prefetch_buffer_i/fifo_i/rdata_Q_reg[2][0]/D
                                                             -0.42  (VIOLATED)
   pulpino_top_i/core_region_i/CORE.RISCV_CORE/if_stage_i/instr_rdata_id_o_reg[28]/TE
                                                             -0.42  (VIOLATED)
   pulpino_top_i/core_region_i/CORE.RISCV_CORE/if_stage_i/prefetch_32.prefetch_buffer_i/fifo_i/rdata_Q_reg[1][6]/D
                                                             -0.42  (VIOLATED)
   pulpino_top_i/core_region_i/CORE.RISCV_CORE/id_stage_i/alu_operand_c_ex_o_reg[24]/D
                                                             -0.42  (VIOLATED)
   pulpino_top_i/core_region_i/CORE.RISCV_CORE/if_stage_i/prefetch_32.prefetch_buffer_i/fifo_i/rdata_Q_reg[0][7]/D
                                                             -0.42  (VIOLATED)
   pulpino_top_i/core_region_i/CORE.RISCV_CORE/id_stage_i/mult_operand_b_ex_o_reg[20]/D
                                                             -0.42  (VIOLATED)
   pulpino_top_i/core_region_i/CORE.RISCV_CORE/if_stage_i/prefetch_32.prefetch_buffer_i/fifo_i/rdata_Q_reg[0][15]/D
                                                             -0.42  (VIOLATED)
   pulpino_top_i/core_region_i/CORE.RISCV_CORE/if_stage_i/prefetch_32.prefetch_buffer_i/fifo_i/rdata_Q_reg[2][25]/D
                                                             -0.42  (VIOLATED)
   pulpino_top_i/core_region_i/CORE.RISCV_CORE/if_stage_i/instr_rdata_id_o_reg[27]/TE
                                                             -0.42  (VIOLATED)
   pulpino_top_i/peripherals_i/apb_timer_i/TIMER_GEN[1].timer_i/cycle_counter_q_reg[11]/D
                                                             -0.42  (VIOLATED)
   pulpino_top_i/core_region_i/CORE.RISCV_CORE/if_stage_i/prefetch_32.prefetch_buffer_i/fifo_i/rdata_Q_reg[1][22]/D
                                                             -0.42  (VIOLATED)
   pulpino_top_i/core_region_i/CORE.RISCV_CORE/id_stage_i/alu_operand_b_ex_o_reg[26]/TI
                                                             -0.42  (VIOLATED)
   pulpino_top_i/peripherals_i/apb_timer_i/TIMER_GEN[1].timer_i/cycle_counter_q_reg[24]/D
                                                             -0.42  (VIOLATED)
   pulpino_top_i/core_region_i/CORE.RISCV_CORE/id_stage_i/registers_i/mem_reg[7][2]/D
                                                             -0.42  (VIOLATED)
   pulpino_top_i/core_region_i/CORE.RISCV_CORE/if_stage_i/instr_rdata_id_o_reg[29]/TE
                                                             -0.42  (VIOLATED)
   pulpino_top_i/core_region_i/CORE.RISCV_CORE/if_stage_i/is_compressed_id_o_reg/TE
                                                             -0.42  (VIOLATED)
   pulpino_top_i/core_region_i/CORE.RISCV_CORE/if_stage_i/instr_rdata_id_o_reg[10]/TE
                                                             -0.42  (VIOLATED)
   pulpino_top_i/peripherals_i/apb_timer_i/TIMER_GEN[1].timer_i/cycle_counter_q_reg[22]/D
                                                             -0.42  (VIOLATED)
   pulpino_top_i/core_region_i/CORE.RISCV_CORE/id_stage_i/registers_i/mem_reg[7][11]/D
                                                             -0.42  (VIOLATED)
   pulpino_top_i/core_region_i/CORE.RISCV_CORE/id_stage_i/registers_i/mem_reg[7][4]/D
                                                             -0.42  (VIOLATED)
   pulpino_top_i/core_region_i/CORE.RISCV_CORE/id_stage_i/hwloop_regs_i/hwlp_counter_q_reg[0][31]/D
                                                             -0.42  (VIOLATED)
   pulpino_top_i/core_region_i/instr_mem/sp_ram_wrap_i/bank2_byte2/D[3]
                                                             -0.42  (VIOLATED)
   pulpino_top_i/core_region_i/CORE.RISCV_CORE/if_stage_i/instr_rdata_id_o_reg[4]/TE
                                                             -0.42  (VIOLATED)
   pulpino_top_i/core_region_i/CORE.RISCV_CORE/if_stage_i/instr_rdata_id_o_reg[9]/TE
                                                             -0.42  (VIOLATED)
   pulpino_top_i/core_region_i/CORE.RISCV_CORE/if_stage_i/instr_rdata_id_o_reg[6]/TE
                                                             -0.42  (VIOLATED)
   pulpino_top_i/core_region_i/CORE.RISCV_CORE/id_stage_i/registers_i/mem_reg[10][11]/D
                                                             -0.42  (VIOLATED)
   pulpino_top_i/core_region_i/CORE.RISCV_CORE/if_stage_i/prefetch_32.prefetch_buffer_i/fifo_i/rdata_Q_reg[0][31]/D
                                                             -0.42  (VIOLATED)
   pulpino_top_i/core_region_i/CORE.RISCV_CORE/if_stage_i/prefetch_32.prefetch_buffer_i/fifo_i/addr_Q_reg[0][1]/D
                                                             -0.42  (VIOLATED)
   pulpino_top_i/core_region_i/CORE.RISCV_CORE/if_stage_i/illegal_c_insn_id_o_reg/TE
                                                             -0.42  (VIOLATED)
   pulpino_top_i/core_region_i/CORE.RISCV_CORE/id_stage_i/registers_i/mem_reg[7][1]/D
                                                             -0.42  (VIOLATED)
   pulpino_top_i/core_region_i/CORE.RISCV_CORE/if_stage_i/prefetch_32.prefetch_buffer_i/fifo_i/rdata_Q_reg[0][23]/D
                                                             -0.42  (VIOLATED)
   pulpino_top_i/core_region_i/CORE.RISCV_CORE/if_stage_i/prefetch_32.prefetch_buffer_i/hwlp_CS_reg[0]/D
                                                             -0.42  (VIOLATED)
   pulpino_top_i/peripherals_i/apb_timer_i/TIMER_GEN[1].timer_i/cycle_counter_q_reg[25]/D
                                                             -0.42  (VIOLATED)
   pulpino_top_i/core_region_i/CORE.RISCV_CORE/if_stage_i/prefetch_32.prefetch_buffer_i/fifo_i/rdata_Q_reg[0][24]/D
                                                             -0.42  (VIOLATED)
   pulpino_top_i/core_region_i/CORE.RISCV_CORE/if_stage_i/instr_rdata_id_o_reg[0]/TE
                                                             -0.42  (VIOLATED)
   pulpino_top_i/core_region_i/CORE.RISCV_CORE/if_stage_i/instr_rdata_id_o_reg[17]/TE
                                                             -0.42  (VIOLATED)
   pulpino_top_i/core_region_i/CORE.RISCV_CORE/if_stage_i/instr_rdata_id_o_reg[5]/TE
                                                             -0.42  (VIOLATED)
   pulpino_top_i/core_region_i/CORE.RISCV_CORE/id_stage_i/alu_operand_b_ex_o_reg[19]/TI
                                                             -0.42  (VIOLATED)
   pulpino_top_i/core_region_i/CORE.RISCV_CORE/if_stage_i/prefetch_32.prefetch_buffer_i/fifo_i/rdata_Q_reg[1][14]/D
                                                             -0.42  (VIOLATED)
   pulpino_top_i/core_region_i/CORE.RISCV_CORE/if_stage_i/prefetch_32.prefetch_buffer_i/fifo_i/rdata_Q_reg[0][17]/D
                                                             -0.42  (VIOLATED)
   pulpino_top_i/core_region_i/CORE.RISCV_CORE/if_stage_i/prefetch_32.prefetch_buffer_i/instr_addr_q_reg[31]/D
                                                             -0.42  (VIOLATED)
   pulpino_top_i/core_region_i/CORE.RISCV_CORE/id_stage_i/alu_operand_b_ex_o_reg[31]/TI
                                                             -0.42  (VIOLATED)
   pulpino_top_i/core_region_i/CORE.RISCV_CORE/if_stage_i/prefetch_32.prefetch_buffer_i/fifo_i/rdata_Q_reg[2][29]/D
                                                             -0.42  (VIOLATED)
   pulpino_top_i/core_region_i/CORE.RISCV_CORE/if_stage_i/instr_rdata_id_o_reg[2]/TE
                                                             -0.42  (VIOLATED)
   pulpino_top_i/core_region_i/CORE.RISCV_CORE/id_stage_i/mult_dot_op_b_ex_o_reg[20]/D
                                                             -0.42  (VIOLATED)
   pulpino_top_i/core_region_i/CORE.RISCV_CORE/if_stage_i/prefetch_32.prefetch_buffer_i/fifo_i/rdata_Q_reg[1][16]/D
                                                             -0.42  (VIOLATED)
   pulpino_top_i/core_region_i/CORE.RISCV_CORE/id_stage_i/registers_i/mem_reg[7][28]/D
                                                             -0.42  (VIOLATED)
   pulpino_top_i/core_region_i/CORE.RISCV_CORE/if_stage_i/prefetch_32.prefetch_buffer_i/fifo_i/rdata_Q_reg[1][13]/D
                                                             -0.42  (VIOLATED)
   pulpino_top_i/core_region_i/CORE.RISCV_CORE/if_stage_i/prefetch_32.prefetch_buffer_i/fifo_i/rdata_Q_reg[0][25]/D
                                                             -0.42  (VIOLATED)
   pulpino_top_i/core_region_i/CORE.RISCV_CORE/if_stage_i/instr_rdata_id_o_reg[7]/TE
                                                             -0.42  (VIOLATED)
   pulpino_top_i/core_region_i/CORE.RISCV_CORE/id_stage_i/hwloop_regs_i/hwlp_counter_q_reg[1][16]/D
                                                             -0.42  (VIOLATED)
   pulpino_top_i/core_region_i/CORE.RISCV_CORE/id_stage_i/registers_i/mem_reg[7][27]/D
                                                             -0.42  (VIOLATED)
   pulpino_top_i/peripherals_i/apb_timer_i/TIMER_GEN[0].timer_i/cycle_counter_q_reg[18]/D
                                                             -0.42  (VIOLATED)
   pulpino_top_i/axi_interconnect_i/axi_node_i/_RESP_BLOCK_GEN[2].RESP_BLOCK/BR_ALLOC/outstanding_counter_reg[9]/TI
                                                             -0.42  (VIOLATED)
   pulpino_top_i/core_region_i/CORE.RISCV_CORE/id_stage_i/mult_dot_op_c_ex_o_reg[10]/D
                                                             -0.42  (VIOLATED)
   pulpino_top_i/core_region_i/CORE.RISCV_CORE/id_stage_i/hwloop_regs_i/hwlp_counter_q_reg[0][16]/D
                                                             -0.42  (VIOLATED)
   pulpino_top_i/core_region_i/CORE.RISCV_CORE/if_stage_i/prefetch_32.prefetch_buffer_i/fifo_i/rdata_Q_reg[0][16]/D
                                                             -0.42  (VIOLATED)
   pulpino_top_i/core_region_i/CORE.RISCV_CORE/id_stage_i/hwloop_regs_i/hwlp_counter_q_reg[0][30]/D
                                                             -0.42  (VIOLATED)
   pulpino_top_i/core_region_i/CORE.RISCV_CORE/if_stage_i/instr_rdata_id_o_reg[3]/TE
                                                             -0.42  (VIOLATED)
   pulpino_top_i/core_region_i/CORE.RISCV_CORE/if_stage_i/prefetch_32.prefetch_buffer_i/fifo_i/addr_Q_reg[0][13]/D
                                                             -0.42  (VIOLATED)
   pulpino_top_i/core_region_i/CORE.RISCV_CORE/id_stage_i/registers_i/mem_reg[7][10]/D
                                                             -0.42  (VIOLATED)
   pulpino_top_i/core_region_i/CORE.RISCV_CORE/id_stage_i/registers_i/mem_reg[7][12]/D
                                                             -0.42  (VIOLATED)
   pulpino_top_i/core_region_i/CORE.RISCV_CORE/if_stage_i/prefetch_32.prefetch_buffer_i/fifo_i/addr_Q_reg[0][10]/D
                                                             -0.42  (VIOLATED)
   pulpino_top_i/core_region_i/CORE.RISCV_CORE/if_stage_i/prefetch_32.prefetch_buffer_i/fifo_i/rdata_Q_reg[0][1]/D
                                                             -0.42  (VIOLATED)
   pulpino_top_i/core_region_i/CORE.RISCV_CORE/id_stage_i/alu_operand_b_ex_o_reg[24]/TI
                                                             -0.42  (VIOLATED)
   pulpino_top_i/core_region_i/CORE.RISCV_CORE/if_stage_i/instr_rdata_id_o_reg[8]/TE
                                                             -0.42  (VIOLATED)
   pulpino_top_i/core_region_i/CORE.RISCV_CORE/if_stage_i/prefetch_32.prefetch_buffer_i/fifo_i/rdata_Q_reg[0][0]/D
                                                             -0.42  (VIOLATED)
   pulpino_top_i/core_region_i/CORE.RISCV_CORE/if_stage_i/prefetch_32.prefetch_buffer_i/fifo_i/addr_Q_reg[0][11]/D
                                                             -0.42  (VIOLATED)
   pulpino_top_i/core_region_i/CORE.RISCV_CORE/id_stage_i/mult_operand_c_ex_o_reg[10]/D
                                                             -0.42  (VIOLATED)
   pulpino_top_i/core_region_i/CORE.RISCV_CORE/if_stage_i/prefetch_32.prefetch_buffer_i/fifo_i/is_hwlp_Q_reg[0]/D
                                                             -0.42  (VIOLATED)
   pulpino_top_i/core_region_i/instr_mem/sp_ram_wrap_i/bank2_byte0/D[6]
                                                             -0.42  (VIOLATED)
   pulpino_top_i/core_region_i/CORE.RISCV_CORE/id_stage_i/registers_i/mem_reg[8][20]/D
                                                             -0.42  (VIOLATED)
   pulpino_top_i/core_region_i/CORE.RISCV_CORE/id_stage_i/alu_operand_b_ex_o_reg[23]/TI
                                                             -0.42  (VIOLATED)
   pulpino_top_i/core_region_i/instr_mem/sp_ram_wrap_i/bank1_byte1/CSN
                                                             -0.42  (VIOLATED)
   pulpino_top_i/core_region_i/CORE.RISCV_CORE/if_stage_i/prefetch_32.prefetch_buffer_i/fifo_i/addr_Q_reg[0][5]/D
                                                             -0.42  (VIOLATED)
   pulpino_top_i/core_region_i/CORE.RISCV_CORE/id_stage_i/registers_i/mem_reg[7][3]/D
                                                             -0.42  (VIOLATED)
   pulpino_top_i/core_region_i/CORE.RISCV_CORE/id_stage_i/mult_dot_op_a_ex_o_reg[20]/D
                                                             -0.41  (VIOLATED)
   pulpino_top_i/peripherals_i/apb_timer_i/TIMER_GEN[1].timer_i/cycle_counter_q_reg[18]/D
                                                             -0.41  (VIOLATED)
   pulpino_top_i/core_region_i/CORE.RISCV_CORE/if_stage_i/prefetch_32.prefetch_buffer_i/fifo_i/rdata_Q_reg[1][25]/D
                                                             -0.41  (VIOLATED)
   pulpino_top_i/core_region_i/CORE.RISCV_CORE/id_stage_i/registers_i/mem_reg[9][20]/D
                                                             -0.41  (VIOLATED)
   pulpino_top_i/core_region_i/CORE.RISCV_CORE/id_stage_i/mult_operand_a_ex_o_reg[20]/D
                                                             -0.41  (VIOLATED)
   pulpino_top_i/core_region_i/CORE.RISCV_CORE/if_stage_i/prefetch_32.prefetch_buffer_i/fifo_i/addr_Q_reg[0][3]/D
                                                             -0.41  (VIOLATED)
   pulpino_top_i/core_region_i/CORE.RISCV_CORE/id_stage_i/registers_i/mem_reg[7][6]/D
                                                             -0.41  (VIOLATED)
   pulpino_top_i/core_region_i/CORE.RISCV_CORE/id_stage_i/registers_i/mem_reg[7][23]/D
                                                             -0.41  (VIOLATED)
   pulpino_top_i/core_region_i/instr_mem/sp_ram_wrap_i/bank2_byte3/D[6]
                                                             -0.41  (VIOLATED)
   pulpino_top_i/core_region_i/CORE.RISCV_CORE/if_stage_i/prefetch_32.prefetch_buffer_i/fifo_i/addr_Q_reg[0][9]/D
                                                             -0.41  (VIOLATED)
   pulpino_top_i/core_region_i/CORE.RISCV_CORE/id_stage_i/alu_operand_b_ex_o_reg[18]/TI
                                                             -0.41  (VIOLATED)
   pulpino_top_i/peripherals_i/axi2apb_i/genblk1.axi2apb_i/RDATA_Q_reg[25]/D
                                                             -0.41  (VIOLATED)
   pulpino_top_i/core_region_i/CORE.RISCV_CORE/if_stage_i/prefetch_32.prefetch_buffer_i/fifo_i/addr_Q_reg[0][7]/D
                                                             -0.41  (VIOLATED)
   pulpino_top_i/core_region_i/CORE.RISCV_CORE/id_stage_i/registers_i/mem_reg[28][25]/D
                                                             -0.41  (VIOLATED)
   pulpino_top_i/core_region_i/CORE.RISCV_CORE/id_stage_i/mult_dot_op_c_ex_o_reg[27]/D
                                                             -0.41  (VIOLATED)
   pulpino_top_i/core_region_i/CORE.RISCV_CORE/if_stage_i/prefetch_32.prefetch_buffer_i/fifo_i/rdata_Q_reg[1][31]/D
                                                             -0.41  (VIOLATED)
   pulpino_top_i/core_region_i/CORE.RISCV_CORE/id_stage_i/alu_operand_a_ex_o_reg[20]/D
                                                             -0.41  (VIOLATED)
   pulpino_top_i/core_region_i/CORE.RISCV_CORE/if_stage_i/prefetch_32.prefetch_buffer_i/fifo_i/addr_Q_reg[0][12]/D
                                                             -0.41  (VIOLATED)
   pulpino_top_i/core_region_i/CORE.RISCV_CORE/if_stage_i/prefetch_32.prefetch_buffer_i/fifo_i/addr_Q_reg[0][6]/D
                                                             -0.41  (VIOLATED)
   pulpino_top_i/core_region_i/CORE.RISCV_CORE/id_stage_i/registers_i/mem_reg[26][25]/D
                                                             -0.41  (VIOLATED)
   pulpino_top_i/core_region_i/CORE.RISCV_CORE/if_stage_i/prefetch_32.prefetch_buffer_i/fifo_i/addr_Q_reg[1][17]/TE
                                                             -0.41  (VIOLATED)
   pulpino_top_i/core_region_i/CORE.RISCV_CORE/if_stage_i/prefetch_32.prefetch_buffer_i/fifo_i/rdata_Q_reg[1][0]/D
                                                             -0.41  (VIOLATED)
   pulpino_top_i/core_region_i/CORE.RISCV_CORE/id_stage_i/alu_operand_c_ex_o_reg[10]/D
                                                             -0.41  (VIOLATED)
   pulpino_top_i/core_region_i/CORE.RISCV_CORE/if_stage_i/prefetch_32.prefetch_buffer_i/fifo_i/addr_Q_reg[0][0]/D
                                                             -0.41  (VIOLATED)
   pulpino_top_i/core_region_i/CORE.RISCV_CORE/if_stage_i/prefetch_32.prefetch_buffer_i/fifo_i/addr_Q_reg[0][14]/D
                                                             -0.41  (VIOLATED)
   pulpino_top_i/core_region_i/CORE.RISCV_CORE/if_stage_i/prefetch_32.prefetch_buffer_i/fifo_i/rdata_Q_reg[1][28]/D
                                                             -0.41  (VIOLATED)
   pulpino_top_i/core_region_i/data_mem/bank0_byte1/D[4]     -0.41  (VIOLATED)
   pulpino_top_i/core_region_i/CORE.RISCV_CORE/id_stage_i/mult_operand_b_ex_o_reg[24]/D
                                                             -0.41  (VIOLATED)
   pulpino_top_i/core_region_i/CORE.RISCV_CORE/id_stage_i/registers_i/mem_reg[31][28]/D
                                                             -0.41  (VIOLATED)
   pulpino_top_i/core_region_i/CORE.RISCV_CORE/id_stage_i/registers_i/mem_reg[29][25]/D
                                                             -0.41  (VIOLATED)
   pulpino_top_i/core_region_i/instr_mem/sp_ram_wrap_i/bank3_byte3/A[8]
                                                             -0.41  (VIOLATED)
   pulpino_top_i/core_region_i/CORE.RISCV_CORE/id_stage_i/mult_dot_op_b_ex_o_reg[24]/D
                                                             -0.41  (VIOLATED)
   pulpino_top_i/core_region_i/instr_mem/sp_ram_wrap_i/bank2_byte2/CSN
                                                             -0.41  (VIOLATED)
   pulpino_top_i/core_region_i/CORE.RISCV_CORE/id_stage_i/registers_i/mem_reg[7][9]/D
                                                             -0.41  (VIOLATED)
   pulpino_top_i/core_region_i/CORE.RISCV_CORE/if_stage_i/prefetch_32.prefetch_buffer_i/fifo_i/rdata_Q_reg[1][1]/D
                                                             -0.41  (VIOLATED)
   pulpino_top_i/core_region_i/CORE.RISCV_CORE/id_stage_i/registers_i/mem_reg[11][30]/D
                                                             -0.41  (VIOLATED)
   pulpino_top_i/core_region_i/CORE.RISCV_CORE/if_stage_i/prefetch_32.prefetch_buffer_i/instr_addr_q_reg[26]/D
                                                             -0.41  (VIOLATED)
   pulpino_top_i/core_region_i/CORE.RISCV_CORE/id_stage_i/registers_i/mem_reg[7][30]/D
                                                             -0.41  (VIOLATED)
   pulpino_top_i/core_region_i/CORE.RISCV_CORE/if_stage_i/instr_rdata_id_o_reg[30]/TE
                                                             -0.41  (VIOLATED)
   pulpino_top_i/core_region_i/CORE.RISCV_CORE/id_stage_i/alu_operand_b_ex_o_reg[10]/TI
                                                             -0.41  (VIOLATED)
   pulpino_top_i/core_region_i/CORE.RISCV_CORE/id_stage_i/registers_i/mem_reg[27][25]/D
                                                             -0.41  (VIOLATED)
   pulpino_top_i/core_region_i/CORE.RISCV_CORE/id_stage_i/registers_i/mem_reg[10][30]/D
                                                             -0.41  (VIOLATED)
   pulpino_top_i/core_region_i/CORE.RISCV_CORE/if_stage_i/prefetch_32.prefetch_buffer_i/fifo_i/rdata_Q_reg[1][24]/D
                                                             -0.41  (VIOLATED)
   pulpino_top_i/core_region_i/CORE.RISCV_CORE/id_stage_i/registers_i/mem_reg[7][24]/D
                                                             -0.41  (VIOLATED)
   pulpino_top_i/core_region_i/CORE.RISCV_CORE/if_stage_i/prefetch_32.prefetch_buffer_i/fifo_i/addr_Q_reg[0][8]/D
                                                             -0.41  (VIOLATED)
   pulpino_top_i/core_region_i/CORE.RISCV_CORE/if_stage_i/instr_rdata_id_o_reg[25]/TE
                                                             -0.41  (VIOLATED)
   pulpino_top_i/core_region_i/instr_mem/sp_ram_wrap_i/bank2_byte2/D[4]
                                                             -0.41  (VIOLATED)
   pulpino_top_i/core_region_i/CORE.RISCV_CORE/id_stage_i/alu_operand_b_ex_o_reg[21]/TI
                                                             -0.41  (VIOLATED)
   pulpino_top_i/peripherals_i/axi2apb_i/genblk1.axi2apb_i/RDATA_Q_reg[24]/D
                                                             -0.41  (VIOLATED)
   pulpino_top_i/core_region_i/CORE.RISCV_CORE/if_stage_i/prefetch_32.prefetch_buffer_i/instr_addr_q_reg[24]/D
                                                             -0.41  (VIOLATED)
   pulpino_top_i/core_region_i/CORE.RISCV_CORE/id_stage_i/registers_i/mem_reg[8][30]/D
                                                             -0.41  (VIOLATED)
   pulpino_top_i/core_region_i/CORE.RISCV_CORE/id_stage_i/registers_i/mem_reg[1][11]/D
                                                             -0.41  (VIOLATED)
   pulpino_top_i/core_region_i/CORE.RISCV_CORE/if_stage_i/prefetch_32.prefetch_buffer_i/fifo_i/rdata_Q_reg[1][17]/D
                                                             -0.41  (VIOLATED)
   pulpino_top_i/core_region_i/CORE.RISCV_CORE/if_stage_i/prefetch_32.prefetch_buffer_i/CS_reg[0]/D
                                                             -0.41  (VIOLATED)
   pulpino_top_i/core_region_i/CORE.RISCV_CORE/id_stage_i/alu_operand_b_ex_o_reg[25]/TI
                                                             -0.41  (VIOLATED)
   pulpino_top_i/core_region_i/CORE.RISCV_CORE/if_stage_i/prefetch_32.prefetch_buffer_i/fifo_i/addr_Q_reg[1][18]/TE
                                                             -0.41  (VIOLATED)
   pulpino_top_i/core_region_i/CORE.RISCV_CORE/id_stage_i/registers_i/mem_reg[30][25]/D
                                                             -0.41  (VIOLATED)
   pulpino_top_i/core_region_i/CORE.RISCV_CORE/if_stage_i/prefetch_32.prefetch_buffer_i/fifo_i/addr_Q_reg[1][19]/TE
                                                             -0.41  (VIOLATED)
   pulpino_top_i/core_region_i/instr_mem/sp_ram_wrap_i/bank1_byte1/D[6]
                                                             -0.41  (VIOLATED)
   pulpino_top_i/core_region_i/CORE.RISCV_CORE/if_stage_i/prefetch_32.prefetch_buffer_i/fifo_i/addr_Q_reg[1][20]/TE
                                                             -0.41  (VIOLATED)
   pulpino_top_i/core_region_i/CORE.RISCV_CORE/if_stage_i/prefetch_32.prefetch_buffer_i/fifo_i/addr_Q_reg[0][4]/D
                                                             -0.41  (VIOLATED)
   pulpino_top_i/core_region_i/CORE.RISCV_CORE/if_stage_i/prefetch_32.prefetch_buffer_i/fifo_i/addr_Q_reg[1][31]/TE
                                                             -0.41  (VIOLATED)
   pulpino_top_i/core_region_i/CORE.RISCV_CORE/id_stage_i/registers_i/mem_reg[25][25]/D
                                                             -0.41  (VIOLATED)
   pulpino_top_i/core_region_i/CORE.RISCV_CORE/id_stage_i/registers_i/mem_reg[24][28]/D
                                                             -0.41  (VIOLATED)
   pulpino_top_i/core_region_i/CORE.RISCV_CORE/if_stage_i/prefetch_32.prefetch_buffer_i/fifo_i/addr_Q_reg[1][30]/TE
                                                             -0.41  (VIOLATED)
   pulpino_top_i/core_region_i/CORE.RISCV_CORE/id_stage_i/registers_i/mem_reg[10][20]/D
                                                             -0.41  (VIOLATED)
   pulpino_top_i/core_region_i/CORE.RISCV_CORE/id_stage_i/registers_i/mem_reg[12][17]/D
                                                             -0.41  (VIOLATED)
   pulpino_top_i/core_region_i/CORE.RISCV_CORE/id_stage_i/registers_i/mem_reg[12][30]/D
                                                             -0.41  (VIOLATED)
   pulpino_top_i/core_region_i/CORE.RISCV_CORE/id_stage_i/registers_i/mem_reg[7][17]/D
                                                             -0.41  (VIOLATED)
   pulpino_top_i/peripherals_i/axi2apb_i/genblk1.axi2apb_i/RDATA_Q_reg[4]/D
                                                             -0.41  (VIOLATED)
   pulpino_top_i/core_region_i/CORE.RISCV_CORE/id_stage_i/mult_operand_c_ex_o_reg[27]/D
                                                             -0.41  (VIOLATED)
   pulpino_top_i/core_region_i/CORE.RISCV_CORE/id_stage_i/registers_i/mem_reg[13][17]/D
                                                             -0.41  (VIOLATED)
   pulpino_top_i/core_region_i/CORE.RISCV_CORE/id_stage_i/registers_i/mem_reg[24][25]/D
                                                             -0.41  (VIOLATED)
   pulpino_top_i/core_region_i/CORE.RISCV_CORE/if_stage_i/prefetch_32.prefetch_buffer_i/fifo_i/addr_Q_reg[1][29]/TE
                                                             -0.41  (VIOLATED)
   pulpino_top_i/core_region_i/CORE.RISCV_CORE/id_stage_i/alu_operand_c_ex_o_reg[27]/D
                                                             -0.41  (VIOLATED)
   pulpino_top_i/core_region_i/CORE.RISCV_CORE/if_stage_i/instr_rdata_id_o_reg[26]/TE
                                                             -0.41  (VIOLATED)
   pulpino_top_i/core_region_i/CORE.RISCV_CORE/if_stage_i/prefetch_32.prefetch_buffer_i/fifo_i/addr_Q_reg[0][2]/D
                                                             -0.41  (VIOLATED)
   pulpino_top_i/core_region_i/CORE.RISCV_CORE/id_stage_i/mult_dot_op_c_ex_o_reg[30]/D
                                                             -0.41  (VIOLATED)
   pulpino_top_i/core_region_i/CORE.RISCV_CORE/id_stage_i/registers_i/mem_reg[9][30]/D
                                                             -0.41  (VIOLATED)
   pulpino_top_i/core_region_i/CORE.RISCV_CORE/id_stage_i/registers_i/mem_reg[7][20]/D
                                                             -0.41  (VIOLATED)
   pulpino_top_i/core_region_i/CORE.RISCV_CORE/id_stage_i/registers_i/mem_reg[31][25]/D
                                                             -0.41  (VIOLATED)
   pulpino_top_i/core_region_i/CORE.RISCV_CORE/if_stage_i/prefetch_32.prefetch_buffer_i/fifo_i/addr_Q_reg[1][28]/TE
                                                             -0.41  (VIOLATED)
   pulpino_top_i/core_region_i/CORE.RISCV_CORE/if_stage_i/prefetch_32.prefetch_buffer_i/fifo_i/addr_Q_reg[1][21]/TE
                                                             -0.41  (VIOLATED)
   pulpino_top_i/core_region_i/CORE.RISCV_CORE/id_stage_i/registers_i/mem_reg[12][20]/D
                                                             -0.41  (VIOLATED)
   pulpino_top_i/peripherals_i/apb_timer_i/TIMER_GEN[1].timer_i/regs_q_reg[0][30]/D
                                                             -0.41  (VIOLATED)
   pulpino_top_i/core_region_i/CORE.RISCV_CORE/id_stage_i/registers_i/mem_reg[14][28]/D
                                                             -0.41  (VIOLATED)
   pulpino_top_i/core_region_i/CORE.RISCV_CORE/if_stage_i/prefetch_32.prefetch_buffer_i/fifo_i/addr_Q_reg[1][22]/TE
                                                             -0.40  (VIOLATED)
   pulpino_top_i/core_region_i/CORE.RISCV_CORE/id_stage_i/registers_i/mem_reg[25][28]/D
                                                             -0.40  (VIOLATED)
   pulpino_top_i/core_region_i/CORE.RISCV_CORE/if_stage_i/prefetch_32.prefetch_buffer_i/fifo_i/valid_Q_reg[2]/D
                                                             -0.40  (VIOLATED)
   pulpino_top_i/core_region_i/CORE.RISCV_CORE/if_stage_i/prefetch_32.prefetch_buffer_i/fifo_i/addr_Q_reg[1][23]/TE
                                                             -0.40  (VIOLATED)
   pulpino_top_i/core_region_i/CORE.RISCV_CORE/id_stage_i/alu_operand_b_ex_o_reg[30]/TI
                                                             -0.40  (VIOLATED)
   pulpino_top_i/core_region_i/CORE.RISCV_CORE/id_stage_i/registers_i/mem_reg[1][30]/D
                                                             -0.40  (VIOLATED)
   pulpino_top_i/core_region_i/CORE.RISCV_CORE/id_stage_i/alu_operand_c_ex_o_reg[30]/D
                                                             -0.40  (VIOLATED)
   pulpino_top_i/core_region_i/instr_mem_axi_if/axi_mem_if_SP_i/Slave_r_buffer_LP/buffer_i/FIFO_REGISTERS_reg[1][12]/D
                                                             -0.40  (VIOLATED)
   pulpino_top_i/core_region_i/instr_mem_axi_if/axi_mem_if_SP_i/Slave_r_buffer_LP/buffer_i/FIFO_REGISTERS_reg[3][12]/D
                                                             -0.40  (VIOLATED)
   pulpino_top_i/core_region_i/CORE.RISCV_CORE/id_stage_i/registers_i/mem_reg[12][28]/D
                                                             -0.40  (VIOLATED)
   pulpino_top_i/core_region_i/instr_mem_axi_if/axi_mem_if_SP_i/Slave_r_buffer_LP/buffer_i/FIFO_REGISTERS_reg[0][12]/D
                                                             -0.40  (VIOLATED)
   pulpino_top_i/core_region_i/instr_mem_axi_if/axi_mem_if_SP_i/Slave_r_buffer_LP/buffer_i/FIFO_REGISTERS_reg[2][12]/D
                                                             -0.40  (VIOLATED)
   pulpino_top_i/core_region_i/CORE.RISCV_CORE/id_stage_i/registers_i/mem_reg[13][30]/D
                                                             -0.40  (VIOLATED)
   pulpino_top_i/core_region_i/CORE.RISCV_CORE/if_stage_i/prefetch_32.prefetch_buffer_i/fifo_i/addr_Q_reg[1][27]/TE
                                                             -0.40  (VIOLATED)
   pulpino_top_i/core_region_i/CORE.RISCV_CORE/id_stage_i/registers_i/mem_reg[7][22]/D
                                                             -0.40  (VIOLATED)
   pulpino_top_i/core_region_i/CORE.RISCV_CORE/id_stage_i/mult_dot_op_c_ex_o_reg[19]/D
                                                             -0.40  (VIOLATED)
   pulpino_top_i/core_region_i/CORE.RISCV_CORE/id_stage_i/registers_i/mem_reg[14][30]/D
                                                             -0.40  (VIOLATED)
   pulpino_top_i/core_region_i/instr_mem/sp_ram_wrap_i/bank3_byte0/D[1]
                                                             -0.40  (VIOLATED)
   pulpino_top_i/core_region_i/CORE.RISCV_CORE/id_stage_i/registers_i/mem_reg[27][15]/D
                                                             -0.40  (VIOLATED)
   pulpino_top_i/core_region_i/CORE.RISCV_CORE/id_stage_i/registers_i/mem_reg[26][19]/D
                                                             -0.40  (VIOLATED)
   pulpino_top_i/core_region_i/CORE.RISCV_CORE/if_stage_i/prefetch_32.prefetch_buffer_i/fifo_i/addr_Q_reg[1][26]/TE
                                                             -0.40  (VIOLATED)
   pulpino_top_i/core_region_i/CORE.RISCV_CORE/id_stage_i/alu_operand_c_ex_o_reg[29]/D
                                                             -0.40  (VIOLATED)
   pulpino_top_i/core_region_i/CORE.RISCV_CORE/id_stage_i/mult_operand_c_ex_o_reg[23]/D
                                                             -0.40  (VIOLATED)
   pulpino_top_i/core_region_i/CORE.RISCV_CORE/id_stage_i/registers_i/mem_reg[11][20]/D
                                                             -0.40  (VIOLATED)
   pulpino_top_i/core_region_i/CORE.RISCV_CORE/id_stage_i/registers_i/mem_reg[11][2]/D
                                                             -0.40  (VIOLATED)
   pulpino_top_i/core_region_i/CORE.RISCV_CORE/if_stage_i/prefetch_32.prefetch_buffer_i/fifo_i/addr_Q_reg[0][17]/D
                                                             -0.40  (VIOLATED)
   pulpino_top_i/core_region_i/CORE.RISCV_CORE/id_stage_i/mult_operand_c_ex_o_reg[29]/D
                                                             -0.40  (VIOLATED)
   pulpino_top_i/core_region_i/CORE.RISCV_CORE/id_stage_i/mult_dot_op_c_ex_o_reg[29]/D
                                                             -0.40  (VIOLATED)
   pulpino_top_i/core_region_i/CORE.RISCV_CORE/id_stage_i/mult_operand_c_ex_o_reg[19]/D
                                                             -0.40  (VIOLATED)
   pulpino_top_i/core_region_i/CORE.RISCV_CORE/id_stage_i/registers_i/mem_reg[9][17]/D
                                                             -0.40  (VIOLATED)
   pulpino_top_i/core_region_i/CORE.RISCV_CORE/id_stage_i/alu_operand_c_ex_o_reg[23]/D
                                                             -0.40  (VIOLATED)
   pulpino_top_i/core_region_i/CORE.RISCV_CORE/id_stage_i/registers_i/mem_reg[13][25]/D
                                                             -0.40  (VIOLATED)
   pulpino_top_i/core_region_i/CORE.RISCV_CORE/id_stage_i/registers_i/mem_reg[14][25]/D
                                                             -0.40  (VIOLATED)
   pulpino_top_i/core_region_i/CORE.RISCV_CORE/id_stage_i/registers_i/mem_reg[28][19]/D
                                                             -0.40  (VIOLATED)
   pulpino_top_i/peripherals_i/apb_timer_i/TIMER_GEN[1].timer_i/cycle_counter_q_reg[10]/D
                                                             -0.40  (VIOLATED)
   pulpino_top_i/core_region_i/CORE.RISCV_CORE/ex_stage_i/alu_i/int_div.div_i/AReg_DP_reg[6]/D
                                                             -0.40  (VIOLATED)
   pulpino_top_i/core_region_i/CORE.RISCV_CORE/id_stage_i/alu_operand_c_ex_o_reg[19]/D
                                                             -0.40  (VIOLATED)
   pulpino_top_i/core_region_i/CORE.RISCV_CORE/id_stage_i/registers_i/mem_reg[28][28]/D
                                                             -0.40  (VIOLATED)
   pulpino_top_i/core_region_i/CORE.RISCV_CORE/if_stage_i/prefetch_32.prefetch_buffer_i/fifo_i/addr_Q_reg[1][24]/TE
                                                             -0.40  (VIOLATED)
   pulpino_top_i/axi_interconnect_i/axi_node_i/_RESP_BLOCK_GEN[1].RESP_BLOCK/BW_ALLOC/outstanding_counter_reg[6]/D
                                                             -0.40  (VIOLATED)
   pulpino_top_i/core_region_i/instr_mem/sp_ram_wrap_i/bank3_byte3/D[1]
                                                             -0.40  (VIOLATED)
   pulpino_top_i/core_region_i/CORE.RISCV_CORE/id_stage_i/registers_i/mem_reg[1][25]/D
                                                             -0.40  (VIOLATED)
   pulpino_top_i/core_region_i/instr_mem/sp_ram_wrap_i/bank3_byte0/A[4]
                                                             -0.40  (VIOLATED)
   pulpino_top_i/core_region_i/axi_slice_core2axi/WITH_SLICE.axi_slice_i/ar_buffer_i/buffer_i/FIFO_REGISTERS_reg[0][20]/TE
                                                             -0.40  (VIOLATED)
   pulpino_top_i/core_region_i/CORE.RISCV_CORE/id_stage_i/mult_dot_op_c_ex_o_reg[23]/D
                                                             -0.40  (VIOLATED)
   pulpino_top_i/core_region_i/axi_slice_core2axi/WITH_SLICE.axi_slice_i/ar_buffer_i/buffer_i/FIFO_REGISTERS_reg[0][19]/TE
                                                             -0.40  (VIOLATED)
   pulpino_top_i/core_region_i/axi_slice_core2axi/WITH_SLICE.axi_slice_i/ar_buffer_i/buffer_i/FIFO_REGISTERS_reg[0][21]/TE
                                                             -0.40  (VIOLATED)
   pulpino_top_i/core_region_i/axi_slice_core2axi/WITH_SLICE.axi_slice_i/ar_buffer_i/buffer_i/FIFO_REGISTERS_reg[0][32]/TE
                                                             -0.40  (VIOLATED)
   pulpino_top_i/core_region_i/axi_slice_core2axi/WITH_SLICE.axi_slice_i/ar_buffer_i/buffer_i/FIFO_REGISTERS_reg[0][26]/TE
                                                             -0.40  (VIOLATED)
   pulpino_top_i/core_region_i/CORE.RISCV_CORE/id_stage_i/mult_dot_op_a_ex_o_reg[11]/D
                                                             -0.40  (VIOLATED)
   pulpino_top_i/core_region_i/CORE.RISCV_CORE/id_stage_i/mult_operand_a_ex_o_reg[11]/D
                                                             -0.40  (VIOLATED)
   pulpino_top_i/core_region_i/axi_slice_core2axi/WITH_SLICE.axi_slice_i/ar_buffer_i/buffer_i/FIFO_REGISTERS_reg[0][25]/TE
                                                             -0.40  (VIOLATED)
   pulpino_top_i/core_region_i/CORE.RISCV_CORE/id_stage_i/alu_operand_b_ex_o_reg[13]/TI
                                                             -0.40  (VIOLATED)
   pulpino_top_i/core_region_i/CORE.RISCV_CORE/id_stage_i/mult_operand_b_ex_o_reg[28]/D
                                                             -0.40  (VIOLATED)
   pulpino_top_i/core_region_i/axi_slice_core2axi/WITH_SLICE.axi_slice_i/ar_buffer_i/buffer_i/FIFO_REGISTERS_reg[0][22]/TE
                                                             -0.40  (VIOLATED)
   pulpino_top_i/core_region_i/CORE.RISCV_CORE/if_stage_i/prefetch_32.prefetch_buffer_i/fifo_i/addr_Q_reg[0][19]/D
                                                             -0.40  (VIOLATED)
   pulpino_top_i/core_region_i/CORE.RISCV_CORE/if_stage_i/prefetch_32.prefetch_buffer_i/fifo_i/rdata_Q_reg[1][23]/D
                                                             -0.40  (VIOLATED)
   pulpino_top_i/core_region_i/CORE.RISCV_CORE/id_stage_i/registers_i/mem_reg[7][29]/D
                                                             -0.40  (VIOLATED)
   pulpino_top_i/core_region_i/CORE.RISCV_CORE/id_stage_i/registers_i/mem_reg[14][7]/D
                                                             -0.40  (VIOLATED)
   pulpino_top_i/core_region_i/instr_mem/sp_ram_wrap_i/bank2_byte0/A[0]
                                                             -0.40  (VIOLATED)
   pulpino_top_i/core_region_i/CORE.RISCV_CORE/if_stage_i/prefetch_32.prefetch_buffer_i/fifo_i/rdata_Q_reg[1][30]/D
                                                             -0.40  (VIOLATED)
   pulpino_top_i/core_region_i/CORE.RISCV_CORE/id_stage_i/registers_i/mem_reg[30][30]/D
                                                             -0.40  (VIOLATED)
   pulpino_top_i/core_region_i/CORE.RISCV_CORE/if_stage_i/prefetch_32.prefetch_buffer_i/fifo_i/addr_Q_reg[1][25]/TE
                                                             -0.40  (VIOLATED)
   pulpino_top_i/core_region_i/axi_slice_core2axi/WITH_SLICE.axi_slice_i/ar_buffer_i/buffer_i/FIFO_REGISTERS_reg[0][31]/TE
                                                             -0.40  (VIOLATED)
   pulpino_top_i/core_region_i/CORE.RISCV_CORE/id_stage_i/registers_i/mem_reg[3][24]/D
                                                             -0.40  (VIOLATED)
   pulpino_top_i/peripherals_i/apb_timer_i/TIMER_GEN[1].timer_i/cycle_counter_q_reg[9]/D
                                                             -0.40  (VIOLATED)
   pulpino_top_i/peripherals_i/apb_gpio_i/r_status_reg[13]/D
                                                             -0.40  (VIOLATED)
   pulpino_top_i/core_region_i/CORE.RISCV_CORE/id_stage_i/registers_i/mem_reg[3][5]/D
                                                             -0.40  (VIOLATED)
   pulpino_top_i/core_region_i/CORE.RISCV_CORE/if_stage_i/prefetch_32.prefetch_buffer_i/fifo_i/addr_Q_reg[0][16]/D
                                                             -0.40  (VIOLATED)
   pulpino_top_i/core_region_i/axi_slice_core2axi/WITH_SLICE.axi_slice_i/ar_buffer_i/buffer_i/FIFO_REGISTERS_reg[0][33]/TE
                                                             -0.40  (VIOLATED)
   pulpino_top_i/core_region_i/CORE.RISCV_CORE/ex_stage_i/alu_i/int_div.div_i/AReg_DP_reg[5]/D
                                                             -0.40  (VIOLATED)
   pulpino_top_i/core_region_i/CORE.RISCV_CORE/if_stage_i/prefetch_32.prefetch_buffer_i/fifo_i/addr_Q_reg[0][30]/D
                                                             -0.40  (VIOLATED)
   pulpino_top_i/core_region_i/CORE.RISCV_CORE/id_stage_i/mult_dot_op_a_ex_o_reg[30]/D
                                                             -0.40  (VIOLATED)
   pulpino_top_i/core_region_i/CORE.RISCV_CORE/id_stage_i/alu_operand_a_ex_o_reg[11]/D
                                                             -0.40  (VIOLATED)
   pulpino_top_i/core_region_i/instr_mem/sp_ram_wrap_i/bank2_byte0/D[0]
                                                             -0.40  (VIOLATED)
   pulpino_top_i/core_region_i/axi_slice_core2axi/WITH_SLICE.axi_slice_i/ar_buffer_i/buffer_i/FIFO_REGISTERS_reg[0][30]/TE
                                                             -0.40  (VIOLATED)
   pulpino_top_i/core_region_i/CORE.RISCV_CORE/id_stage_i/alu_operand_b_ex_o_reg[29]/TI
                                                             -0.40  (VIOLATED)
   pulpino_top_i/core_region_i/CORE.RISCV_CORE/if_stage_i/prefetch_32.prefetch_buffer_i/fifo_i/rdata_Q_reg[3][8]/D
                                                             -0.40  (VIOLATED)
   pulpino_top_i/core_region_i/CORE.RISCV_CORE/if_stage_i/prefetch_32.prefetch_buffer_i/fifo_i/rdata_Q_reg[3][29]/D
                                                             -0.40  (VIOLATED)
   pulpino_top_i/core_region_i/CORE.RISCV_CORE/id_stage_i/mult_dot_op_a_ex_o_reg[31]/D
                                                             -0.40  (VIOLATED)
   pulpino_top_i/core_region_i/instr_mem/sp_ram_wrap_i/bank1_byte2/D[4]
                                                             -0.40  (VIOLATED)
   pulpino_top_i/core_region_i/CORE.RISCV_CORE/if_stage_i/prefetch_32.prefetch_buffer_i/fifo_i/addr_Q_reg[0][20]/D
                                                             -0.40  (VIOLATED)
   pulpino_top_i/core_region_i/CORE.RISCV_CORE/if_stage_i/prefetch_32.prefetch_buffer_i/fifo_i/rdata_Q_reg[3][12]/D
                                                             -0.40  (VIOLATED)
   pulpino_top_i/core_region_i/CORE.RISCV_CORE/id_stage_i/alu_operand_a_ex_o_reg[30]/D
                                                             -0.40  (VIOLATED)
   pulpino_top_i/core_region_i/axi_slice_core2axi/WITH_SLICE.axi_slice_i/ar_buffer_i/buffer_i/FIFO_REGISTERS_reg[0][27]/TE
                                                             -0.40  (VIOLATED)
   pulpino_top_i/core_region_i/CORE.RISCV_CORE/id_stage_i/registers_i/mem_reg[9][27]/D
                                                             -0.40  (VIOLATED)
   pulpino_top_i/core_region_i/CORE.RISCV_CORE/id_stage_i/mult_operand_a_ex_o_reg[30]/D
                                                             -0.40  (VIOLATED)
   pulpino_top_i/core_region_i/CORE.RISCV_CORE/if_stage_i/prefetch_32.prefetch_buffer_i/instr_addr_q_reg[23]/D
                                                             -0.40  (VIOLATED)
   pulpino_top_i/peripherals_i/axi_spi_slave_i/axi_spi_slave_i/u_axiplug/tx_counter_reg[15]/D
                                                             -0.40  (VIOLATED)
   pulpino_top_i/core_region_i/CORE.RISCV_CORE/id_stage_i/mult_operand_a_ex_o_reg[31]/D
                                                             -0.40  (VIOLATED)
   pulpino_top_i/core_region_i/data_mem_axi_if/axi_mem_if_SP_i/READ_CTRL/CountBurst_CS_reg[8]/D
                                                             -0.40  (VIOLATED)
   pulpino_top_i/core_region_i/CORE.RISCV_CORE/id_stage_i/hwloop_regs_i/hwlp_counter_q_reg[1][28]/D
                                                             -0.40  (VIOLATED)
   pulpino_top_i/core_region_i/CORE.RISCV_CORE/id_stage_i/registers_i/mem_reg[25][30]/D
                                                             -0.40  (VIOLATED)
   pulpino_top_i/core_region_i/CORE.RISCV_CORE/if_stage_i/prefetch_32.prefetch_buffer_i/fifo_i/addr_Q_reg[0][28]/D
                                                             -0.40  (VIOLATED)
   pulpino_top_i/core_region_i/CORE.RISCV_CORE/id_stage_i/mult_dot_op_a_ex_o_reg[29]/D
                                                             -0.40  (VIOLATED)
   pulpino_top_i/core_region_i/CORE.RISCV_CORE/id_stage_i/registers_i/mem_reg[12][25]/D
                                                             -0.40  (VIOLATED)
   pulpino_top_i/core_region_i/CORE.RISCV_CORE/ex_stage_i/alu_i/int_div.div_i/AReg_DP_reg[4]/D
                                                             -0.39  (VIOLATED)
   pulpino_top_i/core_region_i/axi_slice_core2axi/WITH_SLICE.axi_slice_i/ar_buffer_i/buffer_i/FIFO_REGISTERS_reg[0][28]/TE
                                                             -0.39  (VIOLATED)
   pulpino_top_i/core_region_i/CORE.RISCV_CORE/id_stage_i/mult_operand_a_ex_o_reg[29]/D
                                                             -0.39  (VIOLATED)
   pulpino_top_i/core_region_i/CORE.RISCV_CORE/if_stage_i/prefetch_32.prefetch_buffer_i/fifo_i/rdata_Q_reg[1][26]/D
                                                             -0.39  (VIOLATED)
   pulpino_top_i/core_region_i/CORE.RISCV_CORE/if_stage_i/prefetch_32.prefetch_buffer_i/fifo_i/rdata_Q_reg[1][27]/D
                                                             -0.39  (VIOLATED)
   pulpino_top_i/core_region_i/CORE.RISCV_CORE/id_stage_i/registers_i/mem_reg[27][28]/D
                                                             -0.39  (VIOLATED)
   pulpino_top_i/core_region_i/CORE.RISCV_CORE/id_stage_i/registers_i/mem_reg[8][28]/D
                                                             -0.39  (VIOLATED)
   pulpino_top_i/core_region_i/CORE.RISCV_CORE/if_stage_i/prefetch_32.prefetch_buffer_i/instr_addr_q_reg[15]/D
                                                             -0.39  (VIOLATED)
   pulpino_top_i/core_region_i/CORE.RISCV_CORE/id_stage_i/alu_operand_a_ex_o_reg[29]/D
                                                             -0.39  (VIOLATED)
   pulpino_top_i/core_region_i/instr_mem/sp_ram_wrap_i/bank1_byte3/D[7]
                                                             -0.39  (VIOLATED)
   pulpino_top_i/core_region_i/CORE.RISCV_CORE/id_stage_i/mult_operand_c_ex_o_reg[30]/D
                                                             -0.39  (VIOLATED)
   pulpino_top_i/core_region_i/axi_slice_core2axi/WITH_SLICE.axi_slice_i/ar_buffer_i/buffer_i/FIFO_REGISTERS_reg[0][29]/TE
                                                             -0.39  (VIOLATED)
   pulpino_top_i/core_region_i/CORE.RISCV_CORE/id_stage_i/alu_operand_a_ex_o_reg[31]/D
                                                             -0.39  (VIOLATED)
   pulpino_top_i/core_region_i/axi_slice_core2axi/WITH_SLICE.axi_slice_i/ar_buffer_i/buffer_i/FIFO_REGISTERS_reg[0][24]/TE
                                                             -0.39  (VIOLATED)
   pulpino_top_i/peripherals_i/apb_timer_i/TIMER_GEN[1].timer_i/cycle_counter_q_reg[13]/D
                                                             -0.39  (VIOLATED)
   pulpino_top_i/core_region_i/CORE.RISCV_CORE/if_stage_i/prefetch_32.prefetch_buffer_i/fifo_i/addr_Q_reg[0][22]/D
                                                             -0.39  (VIOLATED)
   pulpino_top_i/core_region_i/CORE.RISCV_CORE/id_stage_i/registers_i/mem_reg[9][2]/D
                                                             -0.39  (VIOLATED)
   pulpino_top_i/core_region_i/CORE.RISCV_CORE/id_stage_i/registers_i/mem_reg[12][29]/D
                                                             -0.39  (VIOLATED)
   pulpino_top_i/core_region_i/CORE.RISCV_CORE/if_stage_i/prefetch_32.prefetch_buffer_i/fifo_i/addr_Q_reg[0][31]/D
                                                             -0.39  (VIOLATED)
   pulpino_top_i/core_region_i/axi_slice_core2axi/WITH_SLICE.axi_slice_i/ar_buffer_i/buffer_i/FIFO_REGISTERS_reg[0][34]/TE
                                                             -0.39  (VIOLATED)
   pulpino_top_i/core_region_i/CORE.RISCV_CORE/id_stage_i/registers_i/mem_reg[13][28]/D
                                                             -0.39  (VIOLATED)
   pulpino_top_i/core_region_i/axi_slice_core2axi/WITH_SLICE.axi_slice_i/ar_buffer_i/buffer_i/FIFO_REGISTERS_reg[0][18]/TE
                                                             -0.39  (VIOLATED)
   pulpino_top_i/core_region_i/axi_slice_core2axi/WITH_SLICE.axi_slice_i/ar_buffer_i/buffer_i/FIFO_REGISTERS_reg[0][23]/TE
                                                             -0.39  (VIOLATED)
   pulpino_top_i/core_region_i/CORE.RISCV_CORE/id_stage_i/registers_i/mem_reg[29][19]/D
                                                             -0.39  (VIOLATED)
   pulpino_top_i/core_region_i/CORE.RISCV_CORE/ex_stage_i/alu_i/int_div.div_i/AReg_DP_reg[10]/D
                                                             -0.39  (VIOLATED)
   pulpino_top_i/core_region_i/CORE.RISCV_CORE/id_stage_i/registers_i/mem_reg[10][16]/D
                                                             -0.39  (VIOLATED)
   pulpino_top_i/core_region_i/CORE.RISCV_CORE/if_stage_i/prefetch_32.prefetch_buffer_i/instr_addr_q_reg[20]/D
                                                             -0.39  (VIOLATED)
   pulpino_top_i/core_region_i/CORE.RISCV_CORE/if_stage_i/prefetch_32.prefetch_buffer_i/fifo_i/addr_Q_reg[0][18]/D
                                                             -0.39  (VIOLATED)
   pulpino_top_i/core_region_i/CORE.RISCV_CORE/id_stage_i/registers_i/mem_reg[27][19]/D
                                                             -0.39  (VIOLATED)
   pulpino_top_i/core_region_i/CORE.RISCV_CORE/id_stage_i/registers_i/mem_reg[31][19]/D
                                                             -0.39  (VIOLATED)
   pulpino_top_i/core_region_i/CORE.RISCV_CORE/if_stage_i/prefetch_32.prefetch_buffer_i/fifo_i/rdata_Q_reg[3][7]/D
                                                             -0.39  (VIOLATED)
   pulpino_top_i/core_region_i/CORE.RISCV_CORE/if_stage_i/prefetch_32.prefetch_buffer_i/instr_addr_q_reg[27]/D
                                                             -0.39  (VIOLATED)
   pulpino_top_i/axi_interconnect_i/axi_node_i/_RESP_BLOCK_GEN[2].RESP_BLOCK/BR_ALLOC/outstanding_counter_reg[7]/D
                                                             -0.39  (VIOLATED)
   pulpino_top_i/core_region_i/CORE.RISCV_CORE/id_stage_i/registers_i/mem_reg[25][19]/D
                                                             -0.39  (VIOLATED)
   pulpino_top_i/core_region_i/CORE.RISCV_CORE/ex_stage_i/alu_i/int_div.div_i/AReg_DP_reg[30]/D
                                                             -0.39  (VIOLATED)
   pulpino_top_i/core_region_i/CORE.RISCV_CORE/if_stage_i/prefetch_32.prefetch_buffer_i/instr_addr_q_reg[22]/D
                                                             -0.39  (VIOLATED)
   pulpino_top_i/core_region_i/CORE.RISCV_CORE/id_stage_i/registers_i/mem_reg[26][30]/D
                                                             -0.39  (VIOLATED)
   pulpino_top_i/core_region_i/instr_mem/sp_ram_wrap_i/bank1_byte1/D[1]
                                                             -0.39  (VIOLATED)
   pulpino_top_i/core_region_i/instr_mem/sp_ram_wrap_i/bank2_byte1/A[0]
                                                             -0.39  (VIOLATED)
   pulpino_top_i/core_region_i/CORE.RISCV_CORE/if_stage_i/instr_rdata_id_o_reg[3]/TI
                                                             -0.39  (VIOLATED)
   pulpino_top_i/core_region_i/CORE.RISCV_CORE/id_stage_i/registers_i/mem_reg[28][30]/D
                                                             -0.39  (VIOLATED)
   pulpino_top_i/core_region_i/CORE.RISCV_CORE/id_stage_i/registers_i/mem_reg[21][10]/D
                                                             -0.39  (VIOLATED)
   pulpino_top_i/core_region_i/CORE.RISCV_CORE/id_stage_i/registers_i/mem_reg[7][25]/D
                                                             -0.39  (VIOLATED)
   pulpino_top_i/core_region_i/CORE.RISCV_CORE/ex_stage_i/alu_i/int_div.div_i/AReg_DP_reg[11]/D
                                                             -0.39  (VIOLATED)
   pulpino_top_i/core_region_i/CORE.RISCV_CORE/if_stage_i/prefetch_32.prefetch_buffer_i/fifo_i/rdata_Q_reg[3][2]/D
                                                             -0.39  (VIOLATED)
   pulpino_top_i/core_region_i/CORE.RISCV_CORE/if_stage_i/prefetch_32.prefetch_buffer_i/instr_addr_q_reg[28]/D
                                                             -0.39  (VIOLATED)
   pulpino_top_i/core_region_i/CORE.RISCV_CORE/ex_stage_i/alu_i/int_div.div_i/AReg_DP_reg[12]/D
                                                             -0.39  (VIOLATED)
   pulpino_top_i/core_region_i/CORE.RISCV_CORE/if_stage_i/prefetch_32.prefetch_buffer_i/fifo_i/rdata_Q_reg[3][26]/D
                                                             -0.39  (VIOLATED)
   pulpino_top_i/core_region_i/CORE.RISCV_CORE/if_stage_i/prefetch_32.prefetch_buffer_i/instr_addr_q_reg[30]/D
                                                             -0.39  (VIOLATED)
   pulpino_top_i/core_region_i/CORE.RISCV_CORE/id_stage_i/registers_i/mem_reg[26][28]/D
                                                             -0.39  (VIOLATED)
   pulpino_top_i/core_region_i/CORE.RISCV_CORE/if_stage_i/prefetch_32.prefetch_buffer_i/fifo_i/rdata_Q_reg[3][19]/D
                                                             -0.39  (VIOLATED)
   pulpino_top_i/core_region_i/CORE.RISCV_CORE/if_stage_i/prefetch_32.prefetch_buffer_i/fifo_i/addr_Q_reg[0][21]/D
                                                             -0.39  (VIOLATED)
   pulpino_top_i/core_region_i/CORE.RISCV_CORE/if_stage_i/prefetch_32.prefetch_buffer_i/instr_addr_q_reg[29]/D
                                                             -0.39  (VIOLATED)
   pulpino_top_i/core_region_i/CORE.RISCV_CORE/id_stage_i/mult_operand_a_ex_o_reg[8]/D
                                                             -0.39  (VIOLATED)
   pulpino_top_i/core_region_i/CORE.RISCV_CORE/if_stage_i/prefetch_32.prefetch_buffer_i/fifo_i/rdata_Q_reg[3][27]/D
                                                             -0.39  (VIOLATED)
   pulpino_top_i/core_region_i/CORE.RISCV_CORE/if_stage_i/prefetch_32.prefetch_buffer_i/fifo_i/rdata_Q_reg[3][10]/D
                                                             -0.39  (VIOLATED)
   pulpino_top_i/core_region_i/CORE.RISCV_CORE/if_stage_i/prefetch_32.prefetch_buffer_i/instr_addr_q_reg[25]/D
                                                             -0.39  (VIOLATED)
   pulpino_top_i/core_region_i/CORE.RISCV_CORE/if_stage_i/prefetch_32.prefetch_buffer_i/fifo_i/addr_Q_reg[0][25]/D
                                                             -0.39  (VIOLATED)
   pulpino_top_i/core_region_i/CORE.RISCV_CORE/id_stage_i/registers_i/mem_reg[14][31]/D
                                                             -0.39  (VIOLATED)
   pulpino_top_i/core_region_i/CORE.RISCV_CORE/if_stage_i/prefetch_32.prefetch_buffer_i/fifo_i/rdata_Q_reg[3][21]/D
                                                             -0.39  (VIOLATED)
   pulpino_top_i/core_region_i/CORE.RISCV_CORE/id_stage_i/registers_i/mem_reg[31][30]/D
                                                             -0.39  (VIOLATED)
   pulpino_top_i/core_region_i/CORE.RISCV_CORE/id_stage_i/registers_i/mem_reg[29][28]/D
                                                             -0.39  (VIOLATED)
   pulpino_top_i/core_region_i/CORE.RISCV_CORE/if_stage_i/prefetch_32.prefetch_buffer_i/fifo_i/rdata_Q_reg[3][11]/D
                                                             -0.39  (VIOLATED)
   pulpino_top_i/core_region_i/CORE.RISCV_CORE/id_stage_i/mult_dot_op_a_ex_o_reg[21]/D
                                                             -0.39  (VIOLATED)
   pulpino_top_i/core_region_i/CORE.RISCV_CORE/id_stage_i/registers_i/mem_reg[14][12]/D
                                                             -0.39  (VIOLATED)
   pulpino_top_i/core_region_i/CORE.RISCV_CORE/ex_stage_i/alu_i/int_div.div_i/AReg_DP_reg[7]/D
                                                             -0.39  (VIOLATED)
   pulpino_top_i/core_region_i/CORE.RISCV_CORE/if_stage_i/prefetch_32.prefetch_buffer_i/instr_addr_q_reg[17]/D
                                                             -0.39  (VIOLATED)
   pulpino_top_i/core_region_i/CORE.RISCV_CORE/id_stage_i/registers_i/mem_reg[8][8]/D
                                                             -0.39  (VIOLATED)
   pulpino_top_i/core_region_i/CORE.RISCV_CORE/if_stage_i/prefetch_32.prefetch_buffer_i/fifo_i/rdata_Q_reg[3][28]/D
                                                             -0.39  (VIOLATED)
   pulpino_top_i/core_region_i/CORE.RISCV_CORE/id_stage_i/registers_i/mem_reg[24][19]/D
                                                             -0.39  (VIOLATED)
   pulpino_top_i/core_region_i/data_mem/bank3_byte1/D[7]     -0.39  (VIOLATED)
   pulpino_top_i/core_region_i/CORE.RISCV_CORE/ex_stage_i/alu_i/int_div.div_i/AReg_DP_reg[14]/D
                                                             -0.39  (VIOLATED)
   pulpino_top_i/core_region_i/CORE.RISCV_CORE/if_stage_i/prefetch_32.prefetch_buffer_i/fifo_i/rdata_Q_reg[3][9]/D
                                                             -0.39  (VIOLATED)
   pulpino_top_i/core_region_i/CORE.RISCV_CORE/id_stage_i/registers_i/mem_reg[29][29]/D
                                                             -0.39  (VIOLATED)
   pulpino_top_i/core_region_i/CORE.RISCV_CORE/if_stage_i/prefetch_32.prefetch_buffer_i/fifo_i/addr_Q_reg[0][29]/D
                                                             -0.39  (VIOLATED)
   pulpino_top_i/core_region_i/CORE.RISCV_CORE/if_stage_i/prefetch_32.prefetch_buffer_i/fifo_i/rdata_Q_reg[2][28]/D
                                                             -0.39  (VIOLATED)
   pulpino_top_i/core_region_i/CORE.RISCV_CORE/if_stage_i/prefetch_32.prefetch_buffer_i/fifo_i/rdata_Q_reg[3][4]/D
                                                             -0.39  (VIOLATED)
   pulpino_top_i/core_region_i/CORE.RISCV_CORE/id_stage_i/registers_i/mem_reg[24][30]/D
                                                             -0.39  (VIOLATED)
   pulpino_top_i/core_region_i/CORE.RISCV_CORE/if_stage_i/prefetch_32.prefetch_buffer_i/fifo_i/rdata_Q_reg[3][30]/D
                                                             -0.39  (VIOLATED)
   pulpino_top_i/core_region_i/CORE.RISCV_CORE/if_stage_i/prefetch_32.prefetch_buffer_i/fifo_i/rdata_Q_reg[3][6]/D
                                                             -0.39  (VIOLATED)
   pulpino_top_i/core_region_i/CORE.RISCV_CORE/if_stage_i/prefetch_32.prefetch_buffer_i/fifo_i/rdata_Q_reg[3][5]/D
                                                             -0.39  (VIOLATED)
   pulpino_top_i/core_region_i/CORE.RISCV_CORE/id_stage_i/registers_i/mem_reg[14][8]/D
                                                             -0.39  (VIOLATED)
   pulpino_top_i/core_region_i/CORE.RISCV_CORE/id_stage_i/hwloop_regs_i/hwlp_counter_q_reg[1][29]/D
                                                             -0.39  (VIOLATED)
   pulpino_top_i/core_region_i/CORE.RISCV_CORE/if_stage_i/prefetch_32.prefetch_buffer_i/fifo_i/rdata_Q_reg[3][14]/D
                                                             -0.39  (VIOLATED)
   pulpino_top_i/core_region_i/CORE.RISCV_CORE/id_stage_i/registers_i/mem_reg[12][24]/D
                                                             -0.39  (VIOLATED)
   pulpino_top_i/core_region_i/CORE.RISCV_CORE/ex_stage_i/alu_i/int_div.div_i/AReg_DP_reg[13]/D
                                                             -0.39  (VIOLATED)
   pulpino_top_i/core_region_i/CORE.RISCV_CORE/if_stage_i/prefetch_32.prefetch_buffer_i/instr_addr_q_reg[21]/D
                                                             -0.39  (VIOLATED)
   pulpino_top_i/core_region_i/CORE.RISCV_CORE/if_stage_i/prefetch_32.prefetch_buffer_i/fifo_i/rdata_Q_reg[3][3]/D
                                                             -0.39  (VIOLATED)
   pulpino_top_i/peripherals_i/apb_timer_i/TIMER_GEN[1].timer_i/cycle_counter_q_reg[28]/D
                                                             -0.39  (VIOLATED)
   pulpino_top_i/core_region_i/CORE.RISCV_CORE/ex_stage_i/alu_i/int_div.div_i/AReg_DP_reg[2]/D
                                                             -0.39  (VIOLATED)
   pulpino_top_i/core_region_i/CORE.RISCV_CORE/id_stage_i/registers_i/mem_reg[21][16]/D
                                                             -0.39  (VIOLATED)
   pulpino_top_i/core_region_i/CORE.RISCV_CORE/if_stage_i/prefetch_32.prefetch_buffer_i/fifo_i/rdata_Q_reg[3][15]/D
                                                             -0.39  (VIOLATED)
   pulpino_top_i/core_region_i/CORE.RISCV_CORE/if_stage_i/prefetch_32.prefetch_buffer_i/fifo_i/addr_Q_reg[0][23]/D
                                                             -0.39  (VIOLATED)
   pulpino_top_i/core_region_i/CORE.RISCV_CORE/id_stage_i/registers_i/mem_reg[7][8]/D
                                                             -0.39  (VIOLATED)
   pulpino_top_i/core_region_i/CORE.RISCV_CORE/ex_stage_i/alu_i/int_div.div_i/AReg_DP_reg[0]/D
                                                             -0.39  (VIOLATED)
   pulpino_top_i/core_region_i/CORE.RISCV_CORE/if_stage_i/pc_id_o_reg[22]/TE
                                                             -0.39  (VIOLATED)
   pulpino_top_i/core_region_i/CORE.RISCV_CORE/if_stage_i/pc_id_o_reg[24]/TE
                                                             -0.39  (VIOLATED)
   pulpino_top_i/core_region_i/CORE.RISCV_CORE/if_stage_i/pc_id_o_reg[25]/TE
                                                             -0.39  (VIOLATED)
   pulpino_top_i/core_region_i/CORE.RISCV_CORE/if_stage_i/pc_id_o_reg[27]/TE
                                                             -0.39  (VIOLATED)
   pulpino_top_i/core_region_i/CORE.RISCV_CORE/id_stage_i/registers_i/mem_reg[9][29]/D
                                                             -0.39  (VIOLATED)
   pulpino_top_i/core_region_i/CORE.RISCV_CORE/if_stage_i/pc_id_o_reg[21]/TE
                                                             -0.39  (VIOLATED)
   pulpino_top_i/core_region_i/CORE.RISCV_CORE/if_stage_i/pc_id_o_reg[26]/TE
                                                             -0.39  (VIOLATED)
   pulpino_top_i/core_region_i/axi_slice_core2axi/WITH_SLICE.axi_slice_i/w_buffer_i/buffer_i/FIFO_REGISTERS_reg[0][28]/TE
                                                             -0.39  (VIOLATED)
   pulpino_top_i/core_region_i/axi_slice_core2axi/WITH_SLICE.axi_slice_i/w_buffer_i/buffer_i/FIFO_REGISTERS_reg[0][31]/TE
                                                             -0.39  (VIOLATED)
   pulpino_top_i/core_region_i/axi_slice_core2axi/WITH_SLICE.axi_slice_i/w_buffer_i/buffer_i/FIFO_REGISTERS_reg[0][32]/TE
                                                             -0.39  (VIOLATED)
   pulpino_top_i/core_region_i/CORE.RISCV_CORE/id_stage_i/registers_i/mem_reg[8][24]/D
                                                             -0.39  (VIOLATED)
   pulpino_top_i/core_region_i/CORE.RISCV_CORE/if_stage_i/prefetch_32.prefetch_buffer_i/instr_addr_q_reg[18]/D
                                                             -0.39  (VIOLATED)
   pulpino_top_i/core_region_i/axi_slice_core2axi/WITH_SLICE.axi_slice_i/w_buffer_i/buffer_i/FIFO_REGISTERS_reg[0][29]/TE
                                                             -0.39  (VIOLATED)
   pulpino_top_i/core_region_i/CORE.RISCV_CORE/if_stage_i/prefetch_32.prefetch_buffer_i/fifo_i/addr_Q_reg[0][24]/D
                                                             -0.39  (VIOLATED)
   pulpino_top_i/core_region_i/axi_slice_core2axi/WITH_SLICE.axi_slice_i/w_buffer_i/buffer_i/FIFO_REGISTERS_reg[0][30]/TE
                                                             -0.39  (VIOLATED)
   pulpino_top_i/core_region_i/CORE.RISCV_CORE/id_stage_i/hwloop_regs_i/hwlp_counter_q_reg[0][29]/D
                                                             -0.39  (VIOLATED)
   pulpino_top_i/core_region_i/instr_mem/sp_ram_wrap_i/bank3_byte2/A[4]
                                                             -0.39  (VIOLATED)
   pulpino_top_i/core_region_i/CORE.RISCV_CORE/id_stage_i/registers_i/mem_reg[24][29]/D
                                                             -0.39  (VIOLATED)
   pulpino_top_i/core_region_i/CORE.RISCV_CORE/if_stage_i/prefetch_32.prefetch_buffer_i/fifo_i/rdata_Q_reg[3][13]/D
                                                             -0.39  (VIOLATED)
   pulpino_top_i/core_region_i/CORE.RISCV_CORE/ex_stage_i/alu_i/int_div.div_i/AReg_DP_reg[8]/D
                                                             -0.39  (VIOLATED)
   pulpino_top_i/core_region_i/CORE.RISCV_CORE/id_stage_i/registers_i/mem_reg[27][30]/D
                                                             -0.39  (VIOLATED)
   pulpino_top_i/core_region_i/CORE.RISCV_CORE/id_stage_i/registers_i/mem_reg[8][29]/D
                                                             -0.39  (VIOLATED)
   pulpino_top_i/core_region_i/data_mem_axi_if/axi_mem_if_SP_i/READ_CTRL/CountBurst_CS_reg[7]/D
                                                             -0.39  (VIOLATED)
   pulpino_top_i/core_region_i/CORE.RISCV_CORE/id_stage_i/registers_i/mem_reg[13][29]/D
                                                             -0.39  (VIOLATED)
   pulpino_top_i/core_region_i/CORE.RISCV_CORE/id_stage_i/registers_i/mem_reg[17][16]/D
                                                             -0.39  (VIOLATED)
   pulpino_top_i/core_region_i/CORE.RISCV_CORE/id_stage_i/registers_i/mem_reg[29][30]/D
                                                             -0.39  (VIOLATED)
   pulpino_top_i/core_region_i/CORE.RISCV_CORE/id_stage_i/mult_operand_a_ex_o_reg[21]/D
                                                             -0.39  (VIOLATED)
   pulpino_top_i/core_region_i/CORE.RISCV_CORE/id_stage_i/mult_operand_c_ex_o_reg[3]/D
                                                             -0.39  (VIOLATED)
   pulpino_top_i/core_region_i/axi_slice_core2axi/WITH_SLICE.axi_slice_i/w_buffer_i/buffer_i/FIFO_REGISTERS_reg[0][13]/TE
                                                             -0.39  (VIOLATED)
   pulpino_top_i/core_region_i/axi_slice_core2axi/WITH_SLICE.axi_slice_i/w_buffer_i/buffer_i/FIFO_REGISTERS_reg[0][15]/TE
                                                             -0.39  (VIOLATED)
   pulpino_top_i/core_region_i/axi_slice_core2axi/WITH_SLICE.axi_slice_i/w_buffer_i/buffer_i/FIFO_REGISTERS_reg[0][16]/TE
                                                             -0.39  (VIOLATED)
   pulpino_top_i/core_region_i/axi_slice_core2axi/WITH_SLICE.axi_slice_i/w_buffer_i/buffer_i/FIFO_REGISTERS_reg[0][14]/TE
                                                             -0.39  (VIOLATED)
   pulpino_top_i/core_region_i/CORE.RISCV_CORE/id_stage_i/registers_i/mem_reg[12][27]/D
                                                             -0.39  (VIOLATED)
   pulpino_top_i/core_region_i/CORE.RISCV_CORE/ex_stage_i/alu_i/int_div.div_i/AReg_DP_reg[1]/D
                                                             -0.39  (VIOLATED)
   pulpino_top_i/core_region_i/CORE.RISCV_CORE/if_stage_i/prefetch_32.prefetch_buffer_i/fifo_i/addr_Q_reg[0][27]/D
                                                             -0.39  (VIOLATED)
   pulpino_top_i/core_region_i/axi_slice_core2axi/WITH_SLICE.axi_slice_i/w_buffer_i/buffer_i/FIFO_REGISTERS_reg[0][26]/TE
                                                             -0.39  (VIOLATED)
   pulpino_top_i/core_region_i/CORE.RISCV_CORE/id_stage_i/registers_i/mem_reg[1][24]/D
                                                             -0.39  (VIOLATED)
   pulpino_top_i/axi_interconnect_i/axi_node_i/_RESP_BLOCK_GEN[2].RESP_BLOCK/BR_ALLOC/outstanding_counter_reg[3]/D
                                                             -0.39  (VIOLATED)
   pulpino_top_i/core_region_i/CORE.RISCV_CORE/id_stage_i/registers_i/mem_reg[10][6]/D
                                                             -0.39  (VIOLATED)
   pulpino_top_i/core_region_i/CORE.RISCV_CORE/id_stage_i/alu_operand_a_ex_o_reg[21]/D
                                                             -0.39  (VIOLATED)
   pulpino_top_i/core_region_i/CORE.RISCV_CORE/id_stage_i/registers_i/mem_reg[12][8]/D
                                                             -0.39  (VIOLATED)
   pulpino_top_i/core_region_i/CORE.RISCV_CORE/ex_stage_i/alu_i/int_div.div_i/AReg_DP_reg[9]/D
                                                             -0.39  (VIOLATED)
   pulpino_top_i/core_region_i/instr_mem/sp_ram_wrap_i/bank0_byte0/D[6]
                                                             -0.39  (VIOLATED)
   pulpino_top_i/core_region_i/CORE.RISCV_CORE/if_stage_i/pc_id_o_reg[23]/TE
                                                             -0.39  (VIOLATED)
   pulpino_top_i/core_region_i/CORE.RISCV_CORE/id_stage_i/registers_i/mem_reg[5][2]/D
                                                             -0.39  (VIOLATED)
   pulpino_top_i/core_region_i/CORE.RISCV_CORE/id_stage_i/alu_operand_b_ex_o_reg[3]/TI
                                                             -0.39  (VIOLATED)
   pulpino_top_i/core_region_i/CORE.RISCV_CORE/if_stage_i/prefetch_32.prefetch_buffer_i/fifo_i/rdata_Q_reg[3][24]/D
                                                             -0.39  (VIOLATED)
   pulpino_top_i/core_region_i/instr_mem/sp_ram_wrap_i/bank0_byte2/A[9]
                                                             -0.39  (VIOLATED)
   pulpino_top_i/core_region_i/CORE.RISCV_CORE/if_stage_i/pc_id_o_reg[28]/TE
                                                             -0.39  (VIOLATED)
   pulpino_top_i/core_region_i/CORE.RISCV_CORE/if_stage_i/pc_id_o_reg[30]/TE
                                                             -0.39  (VIOLATED)
   pulpino_top_i/core_region_i/CORE.RISCV_CORE/id_stage_i/registers_i/mem_reg[13][24]/D
                                                             -0.39  (VIOLATED)
   pulpino_top_i/core_region_i/CORE.RISCV_CORE/if_stage_i/prefetch_32.prefetch_buffer_i/fifo_i/rdata_Q_reg[3][23]/D
                                                             -0.39  (VIOLATED)
   pulpino_top_i/core_region_i/CORE.RISCV_CORE/ex_stage_i/alu_i/int_div.div_i/AReg_DP_reg[3]/D
                                                             -0.39  (VIOLATED)
   pulpino_top_i/core_region_i/CORE.RISCV_CORE/if_stage_i/pc_id_o_reg[19]/TE
                                                             -0.39  (VIOLATED)
   pulpino_top_i/core_region_i/axi_slice_core2axi/WITH_SLICE.axi_slice_i/w_buffer_i/buffer_i/FIFO_REGISTERS_reg[0][11]/TE
                                                             -0.39  (VIOLATED)
   pulpino_top_i/core_region_i/axi_slice_core2axi/WITH_SLICE.axi_slice_i/w_buffer_i/buffer_i/FIFO_REGISTERS_reg[0][12]/TE
                                                             -0.39  (VIOLATED)
   pulpino_top_i/core_region_i/CORE.RISCV_CORE/id_stage_i/registers_i/mem_reg[13][2]/D
                                                             -0.39  (VIOLATED)
   pulpino_top_i/core_region_i/CORE.RISCV_CORE/id_stage_i/registers_i/mem_reg[9][8]/D
                                                             -0.39  (VIOLATED)
   pulpino_top_i/core_region_i/CORE.RISCV_CORE/id_stage_i/registers_i/mem_reg[8][25]/D
                                                             -0.39  (VIOLATED)
   pulpino_top_i/core_region_i/axi_slice_core2axi/WITH_SLICE.axi_slice_i/w_buffer_i/buffer_i/FIFO_REGISTERS_reg[0][27]/TE
                                                             -0.39  (VIOLATED)
   pulpino_top_i/core_region_i/CORE.RISCV_CORE/id_stage_i/registers_i/mem_reg[14][20]/D
                                                             -0.39  (VIOLATED)
   pulpino_top_i/core_region_i/CORE.RISCV_CORE/id_stage_i/registers_i/mem_reg[8][31]/D
                                                             -0.39  (VIOLATED)
   pulpino_top_i/core_region_i/CORE.RISCV_CORE/id_stage_i/registers_i/mem_reg[15][29]/D
                                                             -0.39  (VIOLATED)
   pulpino_top_i/core_region_i/CORE.RISCV_CORE/if_stage_i/prefetch_32.prefetch_buffer_i/fifo_i/addr_Q_reg[0][26]/D
                                                             -0.39  (VIOLATED)
   pulpino_top_i/core_region_i/CORE.RISCV_CORE/if_stage_i/prefetch_32.prefetch_buffer_i/instr_addr_q_reg[9]/D
                                                             -0.39  (VIOLATED)
   pulpino_top_i/core_region_i/CORE.RISCV_CORE/if_stage_i/prefetch_32.prefetch_buffer_i/instr_addr_q_reg[19]/D
                                                             -0.39  (VIOLATED)
   pulpino_top_i/core_region_i/CORE.RISCV_CORE/id_stage_i/registers_i/mem_reg[9][31]/D
                                                             -0.39  (VIOLATED)
   pulpino_top_i/core_region_i/CORE.RISCV_CORE/if_stage_i/pc_id_o_reg[18]/TE
                                                             -0.39  (VIOLATED)
   pulpino_top_i/core_region_i/CORE.RISCV_CORE/if_stage_i/prefetch_32.prefetch_buffer_i/fifo_i/rdata_Q_reg[3][31]/D
                                                             -0.39  (VIOLATED)
   pulpino_top_i/core_region_i/CORE.RISCV_CORE/id_stage_i/hwloop_regs_i/hwlp_counter_q_reg[1][27]/D
                                                             -0.39  (VIOLATED)
   pulpino_top_i/core_region_i/CORE.RISCV_CORE/id_stage_i/mult_dot_op_c_ex_o_reg[3]/D
                                                             -0.39  (VIOLATED)
   pulpino_top_i/core_region_i/CORE.RISCV_CORE/id_stage_i/registers_i/mem_reg[13][8]/D
                                                             -0.39  (VIOLATED)
   pulpino_top_i/core_region_i/CORE.RISCV_CORE/id_stage_i/registers_i/mem_reg[19][20]/D
                                                             -0.39  (VIOLATED)
   pulpino_top_i/core_region_i/CORE.RISCV_CORE/id_stage_i/registers_i/mem_reg[10][29]/D
                                                             -0.39  (VIOLATED)
   pulpino_top_i/core_region_i/CORE.RISCV_CORE/id_stage_i/registers_i/mem_reg[25][29]/D
                                                             -0.39  (VIOLATED)
   pulpino_top_i/core_region_i/CORE.RISCV_CORE/id_stage_i/registers_i/mem_reg[23][16]/D
                                                             -0.39  (VIOLATED)
   pulpino_top_i/peripherals_i/apb_gpio_i/r_status_reg[0]/D
                                                             -0.39  (VIOLATED)
   pulpino_top_i/core_region_i/CORE.RISCV_CORE/id_stage_i/registers_i/mem_reg[22][16]/D
                                                             -0.39  (VIOLATED)
   pulpino_top_i/core_region_i/CORE.RISCV_CORE/id_stage_i/registers_i/mem_reg[12][11]/D
                                                             -0.39  (VIOLATED)
   pulpino_top_i/core_region_i/axi_slice_core2axi/WITH_SLICE.axi_slice_i/w_buffer_i/buffer_i/FIFO_REGISTERS_reg[0][23]/TE
                                                             -0.39  (VIOLATED)
   pulpino_top_i/core_region_i/CORE.RISCV_CORE/id_stage_i/registers_i/mem_reg[11][31]/D
                                                             -0.39  (VIOLATED)
   pulpino_top_i/core_region_i/CORE.RISCV_CORE/if_stage_i/prefetch_32.prefetch_buffer_i/instr_addr_q_reg[7]/D
                                                             -0.39  (VIOLATED)
   pulpino_top_i/core_region_i/CORE.RISCV_CORE/id_stage_i/registers_i/mem_reg[13][20]/D
                                                             -0.39  (VIOLATED)
   pulpino_top_i/core_region_i/CORE.RISCV_CORE/id_stage_i/registers_i/mem_reg[30][19]/D
                                                             -0.39  (VIOLATED)
   pulpino_top_i/core_region_i/CORE.RISCV_CORE/id_stage_i/registers_i/mem_reg[7][31]/D
                                                             -0.39  (VIOLATED)
   pulpino_top_i/core_region_i/CORE.RISCV_CORE/id_stage_i/registers_i/mem_reg[6][19]/D
                                                             -0.39  (VIOLATED)
   pulpino_top_i/core_region_i/data_mem/bank3_byte2/D[7]     -0.39  (VIOLATED)
   pulpino_top_i/core_region_i/CORE.RISCV_CORE/id_stage_i/registers_i/mem_reg[18][16]/D
                                                             -0.39  (VIOLATED)
   pulpino_top_i/core_region_i/CORE.RISCV_CORE/id_stage_i/mult_dot_op_a_ex_o_reg[8]/D
                                                             -0.39  (VIOLATED)
   pulpino_top_i/peripherals_i/axi2apb_i/genblk1.axi2apb_i/RDATA_Q_reg[1]/D
                                                             -0.39  (VIOLATED)
   pulpino_top_i/core_region_i/axi_slice_core2axi/WITH_SLICE.axi_slice_i/w_buffer_i/buffer_i/FIFO_REGISTERS_reg[0][24]/TE
                                                             -0.39  (VIOLATED)
   pulpino_top_i/core_region_i/CORE.RISCV_CORE/ex_stage_i/alu_i/int_div.div_i/AReg_DP_reg[18]/D
                                                             -0.39  (VIOLATED)
   pulpino_top_i/core_region_i/CORE.RISCV_CORE/id_stage_i/registers_i/mem_reg[16][16]/D
                                                             -0.39  (VIOLATED)
   pulpino_top_i/core_region_i/CORE.RISCV_CORE/if_stage_i/prefetch_32.prefetch_buffer_i/fifo_i/rdata_Q_reg[2][26]/D
                                                             -0.39  (VIOLATED)
   pulpino_top_i/core_region_i/CORE.RISCV_CORE/id_stage_i/registers_i/mem_reg[5][29]/D
                                                             -0.39  (VIOLATED)
   pulpino_top_i/core_region_i/CORE.RISCV_CORE/if_stage_i/prefetch_32.prefetch_buffer_i/fifo_i/rdata_Q_reg[3][20]/D
                                                             -0.39  (VIOLATED)
   pulpino_top_i/core_region_i/axi_slice_core2axi/WITH_SLICE.axi_slice_i/w_buffer_i/buffer_i/FIFO_REGISTERS_reg[0][21]/TE
                                                             -0.39  (VIOLATED)
   pulpino_top_i/core_region_i/CORE.RISCV_CORE/id_stage_i/registers_i/mem_reg[27][29]/D
                                                             -0.39  (VIOLATED)
   pulpino_top_i/core_region_i/CORE.RISCV_CORE/if_stage_i/prefetch_32.prefetch_buffer_i/fifo_i/rdata_Q_reg[3][16]/D
                                                             -0.39  (VIOLATED)
   pulpino_top_i/core_region_i/CORE.RISCV_CORE/id_stage_i/mult_operand_c_ex_o_reg[8]/D
                                                             -0.38  (VIOLATED)
   pulpino_top_i/core_region_i/CORE.RISCV_CORE/if_stage_i/prefetch_32.prefetch_buffer_i/instr_addr_q_reg[2]/D
                                                             -0.38  (VIOLATED)
   pulpino_top_i/core_region_i/CORE.RISCV_CORE/if_stage_i/prefetch_32.prefetch_buffer_i/instr_addr_q_reg[10]/D
                                                             -0.38  (VIOLATED)
   pulpino_top_i/core_region_i/CORE.RISCV_CORE/id_stage_i/registers_i/mem_reg[4][19]/D
                                                             -0.38  (VIOLATED)
   pulpino_top_i/peripherals_i/apb_timer_i/TIMER_GEN[0].timer_i/regs_q_reg[0][30]/D
                                                             -0.38  (VIOLATED)
   pulpino_top_i/core_region_i/CORE.RISCV_CORE/if_stage_i/prefetch_32.prefetch_buffer_i/fifo_i/rdata_Q_reg[3][18]/D
                                                             -0.38  (VIOLATED)
   pulpino_top_i/core_region_i/CORE.RISCV_CORE/ex_stage_i/alu_i/int_div.div_i/AReg_DP_reg[15]/D
                                                             -0.38  (VIOLATED)
   pulpino_top_i/core_region_i/axi_slice_core2axi/WITH_SLICE.axi_slice_i/w_buffer_i/buffer_i/FIFO_REGISTERS_reg[0][22]/TE
                                                             -0.38  (VIOLATED)
   pulpino_top_i/core_region_i/CORE.RISCV_CORE/if_stage_i/prefetch_32.prefetch_buffer_i/instr_addr_q_reg[8]/D
                                                             -0.38  (VIOLATED)
   pulpino_top_i/core_region_i/CORE.RISCV_CORE/id_stage_i/registers_i/mem_reg[8][11]/D
                                                             -0.38  (VIOLATED)
   pulpino_top_i/core_region_i/CORE.RISCV_CORE/id_stage_i/mult_dot_op_c_ex_o_reg[8]/D
                                                             -0.38  (VIOLATED)
   pulpino_top_i/core_region_i/CORE.RISCV_CORE/if_stage_i/prefetch_32.prefetch_buffer_i/fifo_i/rdata_Q_reg[2][8]/D
                                                             -0.38  (VIOLATED)
   pulpino_top_i/core_region_i/CORE.RISCV_CORE/if_stage_i/prefetch_32.prefetch_buffer_i/fifo_i/rdata_Q_reg[3][22]/D
                                                             -0.38  (VIOLATED)
   pulpino_top_i/core_region_i/CORE.RISCV_CORE/if_stage_i/prefetch_32.prefetch_buffer_i/instr_addr_q_reg[11]/D
                                                             -0.38  (VIOLATED)
   pulpino_top_i/core_region_i/CORE.RISCV_CORE/if_stage_i/pc_id_o_reg[29]/TE
                                                             -0.38  (VIOLATED)
   pulpino_top_i/core_region_i/CORE.RISCV_CORE/if_stage_i/prefetch_32.prefetch_buffer_i/instr_addr_q_reg[13]/D
                                                             -0.38  (VIOLATED)
   pulpino_top_i/core_region_i/CORE.RISCV_CORE/id_stage_i/registers_i/mem_reg[20][16]/D
                                                             -0.38  (VIOLATED)
   pulpino_top_i/core_region_i/CORE.RISCV_CORE/ex_stage_i/alu_i/int_div.div_i/AReg_DP_reg[17]/D
                                                             -0.38  (VIOLATED)
   pulpino_top_i/core_region_i/data_mem/bank3_byte3/D[2]     -0.38  (VIOLATED)
   pulpino_top_i/core_region_i/CORE.RISCV_CORE/if_stage_i/prefetch_32.prefetch_buffer_i/instr_addr_q_reg[6]/D
                                                             -0.38  (VIOLATED)
   pulpino_top_i/core_region_i/CORE.RISCV_CORE/id_stage_i/hwloop_regs_i/hwlp_counter_q_reg[1][31]/D
                                                             -0.38  (VIOLATED)
   pulpino_top_i/peripherals_i/axi2apb_i/genblk1.axi2apb_i/RDATA_Q_reg[12]/D
                                                             -0.38  (VIOLATED)
   pulpino_top_i/core_region_i/CORE.RISCV_CORE/if_stage_i/instr_rdata_id_o_reg[29]/TI
                                                             -0.38  (VIOLATED)
   pulpino_top_i/core_region_i/CORE.RISCV_CORE/id_stage_i/registers_i/mem_reg[13][31]/D
                                                             -0.38  (VIOLATED)
   pulpino_top_i/core_region_i/CORE.RISCV_CORE/id_stage_i/registers_i/mem_reg[26][29]/D
                                                             -0.38  (VIOLATED)
   pulpino_top_i/core_region_i/CORE.RISCV_CORE/ex_stage_i/alu_i/int_div.div_i/AReg_DP_reg[19]/D
                                                             -0.38  (VIOLATED)
   pulpino_top_i/core_region_i/CORE.RISCV_CORE/id_stage_i/registers_i/mem_reg[20][20]/D
                                                             -0.38  (VIOLATED)
   pulpino_top_i/core_region_i/CORE.RISCV_CORE/if_stage_i/prefetch_32.prefetch_buffer_i/fifo_i/rdata_Q_reg[2][27]/D
                                                             -0.38  (VIOLATED)
   pulpino_top_i/core_region_i/CORE.RISCV_CORE/id_stage_i/registers_i/mem_reg[11][9]/D
                                                             -0.38  (VIOLATED)
   pulpino_top_i/core_region_i/CORE.RISCV_CORE/ex_stage_i/alu_i/int_div.div_i/AReg_DP_reg[16]/D
                                                             -0.38  (VIOLATED)
   pulpino_top_i/core_region_i/CORE.RISCV_CORE/id_stage_i/registers_i/mem_reg[6][29]/D
                                                             -0.38  (VIOLATED)
   pulpino_top_i/core_region_i/CORE.RISCV_CORE/if_stage_i/prefetch_32.prefetch_buffer_i/fifo_i/rdata_Q_reg[2][30]/D
                                                             -0.38  (VIOLATED)
   pulpino_top_i/core_region_i/CORE.RISCV_CORE/if_stage_i/prefetch_32.prefetch_buffer_i/fifo_i/rdata_Q_reg[3][25]/D
                                                             -0.38  (VIOLATED)
   pulpino_top_i/core_region_i/CORE.RISCV_CORE/id_stage_i/registers_i/mem_reg[29][27]/D
                                                             -0.38  (VIOLATED)
   pulpino_top_i/core_region_i/CORE.RISCV_CORE/id_stage_i/registers_i/mem_reg[8][27]/D
                                                             -0.38  (VIOLATED)
   pulpino_top_i/core_region_i/CORE.RISCV_CORE/if_stage_i/prefetch_32.prefetch_buffer_i/fifo_i/rdata_Q_reg[3][0]/D
                                                             -0.38  (VIOLATED)
   pulpino_top_i/core_region_i/axi_slice_core2axi/WITH_SLICE.axi_slice_i/w_buffer_i/buffer_i/FIFO_REGISTERS_reg[0][9]/TE
                                                             -0.38  (VIOLATED)
   pulpino_top_i/core_region_i/axi_slice_core2axi/WITH_SLICE.axi_slice_i/w_buffer_i/buffer_i/FIFO_REGISTERS_reg[0][10]/TE
                                                             -0.38  (VIOLATED)
   pulpino_top_i/core_region_i/CORE.RISCV_CORE/id_stage_i/registers_i/mem_reg[14][24]/D
                                                             -0.38  (VIOLATED)
   pulpino_top_i/peripherals_i/axi2apb_i/genblk1.axi2apb_i/RDATA_Q_reg[26]/D
                                                             -0.38  (VIOLATED)
   pulpino_top_i/core_region_i/instr_mem/sp_ram_wrap_i/bank2_byte0/D[7]
                                                             -0.38  (VIOLATED)
   pulpino_top_i/core_region_i/CORE.RISCV_CORE/id_stage_i/registers_i/mem_reg[4][29]/D
                                                             -0.38  (VIOLATED)
   pulpino_top_i/core_region_i/CORE.RISCV_CORE/id_stage_i/registers_i/mem_reg[14][11]/D
                                                             -0.38  (VIOLATED)
   pulpino_top_i/core_region_i/CORE.RISCV_CORE/if_stage_i/prefetch_32.prefetch_buffer_i/instr_addr_q_reg[4]/D
                                                             -0.38  (VIOLATED)
   pulpino_top_i/core_region_i/CORE.RISCV_CORE/id_stage_i/registers_i/mem_reg[10][31]/D
                                                             -0.38  (VIOLATED)
   pulpino_top_i/core_region_i/CORE.RISCV_CORE/id_stage_i/registers_i/mem_reg[14][29]/D
                                                             -0.38  (VIOLATED)
   pulpino_top_i/core_region_i/CORE.RISCV_CORE/id_stage_i/registers_i/mem_reg[4][27]/D
                                                             -0.38  (VIOLATED)
   pulpino_top_i/core_region_i/CORE.RISCV_CORE/if_stage_i/prefetch_32.prefetch_buffer_i/instr_addr_q_reg[12]/D
                                                             -0.38  (VIOLATED)
   pulpino_top_i/core_region_i/CORE.RISCV_CORE/if_stage_i/prefetch_32.prefetch_buffer_i/instr_addr_q_reg[16]/D
                                                             -0.38  (VIOLATED)
   pulpino_top_i/core_region_i/CORE.RISCV_CORE/id_stage_i/alu_operand_c_ex_o_reg[3]/D
                                                             -0.38  (VIOLATED)
   pulpino_top_i/core_region_i/CORE.RISCV_CORE/id_stage_i/registers_i/mem_reg[1][19]/D
                                                             -0.38  (VIOLATED)
   pulpino_top_i/core_region_i/CORE.RISCV_CORE/id_stage_i/registers_i/mem_reg[11][18]/D
                                                             -0.38  (VIOLATED)
   pulpino_top_i/core_region_i/CORE.RISCV_CORE/if_stage_i/pc_id_o_reg[20]/TE
                                                             -0.38  (VIOLATED)
   pulpino_top_i/core_region_i/CORE.RISCV_CORE/if_stage_i/prefetch_32.prefetch_buffer_i/fifo_i/rdata_Q_reg[3][17]/D
                                                             -0.38  (VIOLATED)
   pulpino_top_i/peripherals_i/apb_timer_i/TIMER_GEN[1].timer_i/cycle_counter_q_reg[12]/D
                                                             -0.38  (VIOLATED)
   pulpino_top_i/core_region_i/CORE.RISCV_CORE/id_stage_i/registers_i/mem_reg[5][16]/D
                                                             -0.38  (VIOLATED)
   pulpino_top_i/core_region_i/CORE.RISCV_CORE/id_stage_i/registers_i/mem_reg[13][27]/D
                                                             -0.38  (VIOLATED)
   pulpino_top_i/core_region_i/CORE.RISCV_CORE/id_stage_i/registers_i/mem_reg[21][20]/D
                                                             -0.38  (VIOLATED)
   pulpino_top_i/core_region_i/CORE.RISCV_CORE/if_stage_i/prefetch_32.prefetch_buffer_i/instr_addr_q_reg[3]/D
                                                             -0.38  (VIOLATED)
   pulpino_top_i/core_region_i/CORE.RISCV_CORE/id_stage_i/registers_i/mem_reg[19][16]/D
                                                             -0.38  (VIOLATED)
   pulpino_top_i/core_region_i/CORE.RISCV_CORE/id_stage_i/registers_i/mem_reg[26][24]/D
                                                             -0.38  (VIOLATED)
   pulpino_top_i/core_region_i/axi_slice_core2axi/WITH_SLICE.axi_slice_i/w_buffer_i/buffer_i/FIFO_REGISTERS_reg[0][25]/TE
                                                             -0.38  (VIOLATED)
   pulpino_top_i/core_region_i/CORE.RISCV_CORE/id_stage_i/registers_i/mem_reg[27][27]/D
                                                             -0.38  (VIOLATED)
   pulpino_top_i/core_region_i/CORE.RISCV_CORE/id_stage_i/registers_i/mem_reg[30][29]/D
                                                             -0.38  (VIOLATED)
   pulpino_top_i/core_region_i/CORE.RISCV_CORE/id_stage_i/registers_i/mem_reg[12][31]/D
                                                             -0.38  (VIOLATED)
   pulpino_top_i/core_region_i/CORE.RISCV_CORE/id_stage_i/registers_i/mem_reg[6][27]/D
                                                             -0.38  (VIOLATED)
   pulpino_top_i/core_region_i/CORE.RISCV_CORE/if_stage_i/prefetch_32.prefetch_buffer_i/instr_addr_q_reg[5]/D
                                                             -0.38  (VIOLATED)
   pulpino_top_i/core_region_i/CORE.RISCV_CORE/if_stage_i/prefetch_32.prefetch_buffer_i/fifo_i/rdata_Q_reg[3][1]/D
                                                             -0.38  (VIOLATED)
   pulpino_top_i/core_region_i/CORE.RISCV_CORE/id_stage_i/registers_i/mem_reg[31][29]/D
                                                             -0.38  (VIOLATED)
   pulpino_top_i/core_region_i/instr_mem/sp_ram_wrap_i/bank2_byte3/CSN
                                                             -0.38  (VIOLATED)
   pulpino_top_i/core_region_i/CORE.RISCV_CORE/id_stage_i/registers_i/mem_reg[1][31]/D
                                                             -0.38  (VIOLATED)
   pulpino_top_i/core_region_i/CORE.RISCV_CORE/id_stage_i/registers_i/mem_reg[16][20]/D
                                                             -0.38  (VIOLATED)
   pulpino_top_i/core_region_i/CORE.RISCV_CORE/if_stage_i/prefetch_32.prefetch_buffer_i/instr_addr_q_reg[14]/D
                                                             -0.38  (VIOLATED)
   pulpino_top_i/core_region_i/CORE.RISCV_CORE/id_stage_i/registers_i/mem_reg[11][29]/D
                                                             -0.38  (VIOLATED)
   pulpino_top_i/core_region_i/CORE.RISCV_CORE/id_stage_i/bmask_a_ex_o_reg[3]/D
                                                             -0.38  (VIOLATED)
   pulpino_top_i/core_region_i/CORE.RISCV_CORE/id_stage_i/registers_i/mem_reg[26][27]/D
                                                             -0.38  (VIOLATED)
   pulpino_top_i/core_region_i/instr_mem/sp_ram_wrap_i/bank0_byte0/D[0]
                                                             -0.38  (VIOLATED)
   pulpino_top_i/core_region_i/CORE.RISCV_CORE/id_stage_i/hwloop_regs_i/hwlp_counter_q_reg[1][18]/D
                                                             -0.38  (VIOLATED)
   pulpino_top_i/core_region_i/CORE.RISCV_CORE/id_stage_i/registers_i/mem_reg[12][12]/D
                                                             -0.38  (VIOLATED)
   pulpino_top_i/core_region_i/CORE.RISCV_CORE/id_stage_i/registers_i/mem_reg[28][31]/D
                                                             -0.38  (VIOLATED)
   pulpino_top_i/core_region_i/CORE.RISCV_CORE/id_stage_i/registers_i/mem_reg[10][18]/D
                                                             -0.38  (VIOLATED)
   pulpino_top_i/core_region_i/CORE.RISCV_CORE/id_stage_i/registers_i/mem_reg[5][19]/D
                                                             -0.38  (VIOLATED)
   pulpino_top_i/core_region_i/CORE.RISCV_CORE/id_stage_i/registers_i/mem_reg[5][23]/D
                                                             -0.38  (VIOLATED)
   pulpino_top_i/core_region_i/instr_mem_axi_if/axi_mem_if_SP_i/READ_CTRL/CountBurst_CS_reg[8]/D
                                                             -0.38  (VIOLATED)
   pulpino_top_i/core_region_i/CORE.RISCV_CORE/id_stage_i/mult_dot_op_c_ex_o_reg[21]/D
                                                             -0.38  (VIOLATED)
   pulpino_top_i/core_region_i/CORE.RISCV_CORE/id_stage_i/alu_operand_b_ex_o_reg[22]/TI
                                                             -0.38  (VIOLATED)
   pulpino_top_i/core_region_i/CORE.RISCV_CORE/id_stage_i/registers_i/mem_reg[31][5]/D
                                                             -0.38  (VIOLATED)
   pulpino_top_i/core_region_i/CORE.RISCV_CORE/id_stage_i/registers_i/mem_reg[10][9]/D
                                                             -0.38  (VIOLATED)
   pulpino_top_i/core_region_i/CORE.RISCV_CORE/id_stage_i/registers_i/mem_reg[31][31]/D
                                                             -0.38  (VIOLATED)
   pulpino_top_i/core_region_i/CORE.RISCV_CORE/id_stage_i/alu_operand_a_ex_o_reg[8]/D
                                                             -0.38  (VIOLATED)
   pulpino_top_i/core_region_i/CORE.RISCV_CORE/id_stage_i/alu_operand_a_ex_o_reg[19]/D
                                                             -0.38  (VIOLATED)
   pulpino_top_i/core_region_i/CORE.RISCV_CORE/id_stage_i/registers_i/mem_reg[27][23]/D
                                                             -0.38  (VIOLATED)
   pulpino_top_i/core_region_i/instr_mem/sp_ram_wrap_i/bank0_byte0/A[3]
                                                             -0.38  (VIOLATED)
   pulpino_top_i/core_region_i/CORE.RISCV_CORE/id_stage_i/hwloop_regs_i/hwlp_counter_q_reg[0][18]/D
                                                             -0.38  (VIOLATED)
   pulpino_top_i/core_region_i/CORE.RISCV_CORE/id_stage_i/mult_operand_a_ex_o_reg[19]/D
                                                             -0.38  (VIOLATED)
   pulpino_top_i/core_region_i/CORE.RISCV_CORE/id_stage_i/registers_i/mem_reg[14][6]/D
                                                             -0.38  (VIOLATED)
   pulpino_top_i/core_region_i/CORE.RISCV_CORE/id_stage_i/mult_dot_op_a_ex_o_reg[19]/D
                                                             -0.38  (VIOLATED)
   pulpino_top_i/core_region_i/CORE.RISCV_CORE/id_stage_i/registers_i/mem_reg[18][20]/D
                                                             -0.38  (VIOLATED)
   pulpino_top_i/core_region_i/CORE.RISCV_CORE/id_stage_i/registers_i/mem_reg[15][23]/D
                                                             -0.38  (VIOLATED)
   pulpino_top_i/peripherals_i/apb_gpio_i/r_status_reg[27]/D
                                                             -0.38  (VIOLATED)
   pulpino_top_i/core_region_i/CORE.RISCV_CORE/id_stage_i/registers_i/mem_reg[29][31]/D
                                                             -0.38  (VIOLATED)
   pulpino_top_i/core_region_i/CORE.RISCV_CORE/id_stage_i/registers_i/mem_reg[29][23]/D
                                                             -0.38  (VIOLATED)
   pulpino_top_i/core_region_i/CORE.RISCV_CORE/id_stage_i/registers_i/mem_reg[14][27]/D
                                                             -0.38  (VIOLATED)
   pulpino_top_i/core_region_i/CORE.RISCV_CORE/id_stage_i/registers_i/mem_reg[15][6]/D
                                                             -0.38  (VIOLATED)
   pulpino_top_i/core_region_i/CORE.RISCV_CORE/id_stage_i/registers_i/mem_reg[14][9]/D
                                                             -0.38  (VIOLATED)
   pulpino_top_i/core_region_i/CORE.RISCV_CORE/id_stage_i/registers_i/mem_reg[25][31]/D
                                                             -0.38  (VIOLATED)
   pulpino_top_i/peripherals_i/apb_timer_i/TIMER_GEN[0].timer_i/regs_q_reg[0][29]/D
                                                             -0.38  (VIOLATED)
   pulpino_top_i/core_region_i/CORE.RISCV_CORE/id_stage_i/registers_i/mem_reg[4][9]/D
                                                             -0.38  (VIOLATED)
   pulpino_top_i/core_region_i/CORE.RISCV_CORE/id_stage_i/registers_i/mem_reg[12][6]/D
                                                             -0.38  (VIOLATED)
   pulpino_top_i/core_region_i/CORE.RISCV_CORE/id_stage_i/alu_operand_b_ex_o_reg[8]/TI
                                                             -0.38  (VIOLATED)
   pulpino_top_i/core_region_i/CORE.RISCV_CORE/id_stage_i/registers_i/mem_reg[5][27]/D
                                                             -0.38  (VIOLATED)
   pulpino_top_i/core_region_i/CORE.RISCV_CORE/id_stage_i/mult_operand_a_ex_o_reg[23]/D
                                                             -0.38  (VIOLATED)
   pulpino_top_i/core_region_i/CORE.RISCV_CORE/id_stage_i/alu_operand_b_ex_o_reg[12]/TI
                                                             -0.38  (VIOLATED)
   pulpino_top_i/core_region_i/CORE.RISCV_CORE/if_stage_i/pc_id_o_reg[8]/TE
                                                             -0.38  (VIOLATED)
   pulpino_top_i/core_region_i/CORE.RISCV_CORE/if_stage_i/pc_id_o_reg[9]/TE
                                                             -0.38  (VIOLATED)
   pulpino_top_i/core_region_i/CORE.RISCV_CORE/if_stage_i/pc_id_o_reg[10]/TE
                                                             -0.38  (VIOLATED)
   pulpino_top_i/core_region_i/CORE.RISCV_CORE/if_stage_i/prefetch_32.prefetch_buffer_i/fifo_i/rdata_Q_reg[2][9]/D
                                                             -0.38  (VIOLATED)
   pulpino_top_i/core_region_i/CORE.RISCV_CORE/id_stage_i/mult_dot_op_a_ex_o_reg[23]/D
                                                             -0.38  (VIOLATED)
   pulpino_top_i/core_region_i/CORE.RISCV_CORE/id_stage_i/registers_i/mem_reg[23][20]/D
                                                             -0.38  (VIOLATED)
   pulpino_top_i/core_region_i/CORE.RISCV_CORE/id_stage_i/hwloop_regs_i/hwlp_counter_q_reg[1][3]/D
                                                             -0.38  (VIOLATED)
   pulpino_top_i/core_region_i/CORE.RISCV_CORE/if_stage_i/pc_id_o_reg[6]/TE
                                                             -0.38  (VIOLATED)
   pulpino_top_i/core_region_i/CORE.RISCV_CORE/if_stage_i/pc_id_o_reg[7]/TE
                                                             -0.38  (VIOLATED)
   pulpino_top_i/core_region_i/CORE.RISCV_CORE/id_stage_i/alu_operand_a_ex_o_reg[23]/D
                                                             -0.38  (VIOLATED)
   pulpino_top_i/core_region_i/CORE.RISCV_CORE/id_stage_i/registers_i/mem_reg[10][3]/D
                                                             -0.38  (VIOLATED)
   pulpino_top_i/core_region_i/CORE.RISCV_CORE/id_stage_i/registers_i/mem_reg[5][6]/D
                                                             -0.38  (VIOLATED)
   pulpino_top_i/core_region_i/CORE.RISCV_CORE/if_stage_i/pc_id_o_reg[4]/TE
                                                             -0.38  (VIOLATED)
   pulpino_top_i/peripherals_i/axi2apb_i/genblk1.axi2apb_i/RDATA_Q_reg[15]/D
                                                             -0.38  (VIOLATED)
   pulpino_top_i/core_region_i/CORE.RISCV_CORE/id_stage_i/registers_i/mem_reg[29][9]/D
                                                             -0.38  (VIOLATED)
   pulpino_top_i/core_region_i/CORE.RISCV_CORE/id_stage_i/registers_i/mem_reg[19][11]/D
                                                             -0.38  (VIOLATED)
   pulpino_top_i/core_region_i/CORE.RISCV_CORE/id_stage_i/mult_operand_c_ex_o_reg[21]/D
                                                             -0.38  (VIOLATED)
   pulpino_top_i/core_region_i/CORE.RISCV_CORE/id_stage_i/registers_i/mem_reg[26][9]/D
                                                             -0.38  (VIOLATED)
   pulpino_top_i/core_region_i/CORE.RISCV_CORE/id_stage_i/registers_i/mem_reg[1][29]/D
                                                             -0.38  (VIOLATED)
   pulpino_top_i/core_region_i/CORE.RISCV_CORE/id_stage_i/registers_i/mem_reg[1][9]/D
                                                             -0.38  (VIOLATED)
   pulpino_top_i/core_region_i/CORE.RISCV_CORE/id_stage_i/registers_i/mem_reg[10][24]/D
                                                             -0.38  (VIOLATED)
   pulpino_top_i/core_region_i/CORE.RISCV_CORE/id_stage_i/registers_i/mem_reg[13][6]/D
                                                             -0.38  (VIOLATED)
   pulpino_top_i/core_region_i/CORE.RISCV_CORE/id_stage_i/registers_i/mem_reg[5][24]/D
                                                             -0.38  (VIOLATED)
   pulpino_top_i/core_region_i/CORE.RISCV_CORE/id_stage_i/registers_i/mem_reg[13][9]/D
                                                             -0.38  (VIOLATED)
   pulpino_top_i/core_region_i/CORE.RISCV_CORE/id_stage_i/registers_i/mem_reg[15][19]/D
                                                             -0.38  (VIOLATED)
   pulpino_top_i/core_region_i/CORE.RISCV_CORE/id_stage_i/registers_i/mem_reg[16][31]/D
                                                             -0.38  (VIOLATED)
   pulpino_top_i/core_region_i/CORE.RISCV_CORE/id_stage_i/registers_i/mem_reg[21][21]/D
                                                             -0.38  (VIOLATED)
   pulpino_top_i/core_region_i/CORE.RISCV_CORE/id_stage_i/registers_i/mem_reg[11][6]/D
                                                             -0.38  (VIOLATED)
   pulpino_top_i/core_region_i/CORE.RISCV_CORE/id_stage_i/registers_i/mem_reg[31][10]/D
                                                             -0.38  (VIOLATED)
   pulpino_top_i/core_region_i/CORE.RISCV_CORE/id_stage_i/registers_i/mem_reg[11][17]/D
                                                             -0.38  (VIOLATED)
   pulpino_top_i/axi_interconnect_i/axi_node_i/_RESP_BLOCK_GEN[2].RESP_BLOCK/BR_ALLOC/outstanding_counter_reg[8]/D
                                                             -0.38  (VIOLATED)
   pulpino_top_i/core_region_i/CORE.RISCV_CORE/id_stage_i/registers_i/mem_reg[3][29]/D
                                                             -0.38  (VIOLATED)
   pulpino_top_i/core_region_i/CORE.RISCV_CORE/id_stage_i/alu_operand_b_ex_o_reg[14]/TI
                                                             -0.38  (VIOLATED)
   pulpino_top_i/core_region_i/CORE.RISCV_CORE/id_stage_i/registers_i/mem_reg[30][23]/D
                                                             -0.38  (VIOLATED)
   pulpino_top_i/core_region_i/CORE.RISCV_CORE/if_stage_i/prefetch_32.prefetch_buffer_i/fifo_i/rdata_Q_reg[2][15]/D
                                                             -0.38  (VIOLATED)
   pulpino_top_i/core_region_i/CORE.RISCV_CORE/id_stage_i/alu_operand_c_ex_o_reg[21]/D
                                                             -0.38  (VIOLATED)
   pulpino_top_i/core_region_i/CORE.RISCV_CORE/id_stage_i/registers_i/mem_reg[2][6]/D
                                                             -0.38  (VIOLATED)
   pulpino_top_i/core_region_i/CORE.RISCV_CORE/if_stage_i/pc_id_o_reg[11]/TE
                                                             -0.38  (VIOLATED)
   pulpino_top_i/core_region_i/instr_mem/sp_ram_wrap_i/bank1_byte0/CSN
                                                             -0.38  (VIOLATED)
   pulpino_top_i/peripherals_i/apb_timer_i/TIMER_GEN[1].timer_i/cycle_counter_q_reg[31]/D
                                                             -0.38  (VIOLATED)
   pulpino_top_i/core_region_i/CORE.RISCV_CORE/id_stage_i/registers_i/mem_reg[11][11]/D
                                                             -0.38  (VIOLATED)
   pulpino_top_i/core_region_i/instr_mem/sp_ram_wrap_i/bank2_byte0/D[2]
                                                             -0.38  (VIOLATED)
   pulpino_top_i/core_region_i/CORE.RISCV_CORE/id_stage_i/registers_i/mem_reg[8][9]/D
                                                             -0.38  (VIOLATED)
   pulpino_top_i/core_region_i/CORE.RISCV_CORE/id_stage_i/registers_i/mem_reg[18][11]/D
                                                             -0.38  (VIOLATED)
   pulpino_top_i/core_region_i/CORE.RISCV_CORE/if_stage_i/pc_id_o_reg[12]/TE
                                                             -0.38  (VIOLATED)
   pulpino_top_i/peripherals_i/apb_timer_i/TIMER_GEN[1].timer_i/cycle_counter_q_reg[7]/D
                                                             -0.38  (VIOLATED)
   pulpino_top_i/core_region_i/CORE.RISCV_CORE/id_stage_i/registers_i/mem_reg[30][9]/D
                                                             -0.38  (VIOLATED)
   pulpino_top_i/core_region_i/CORE.RISCV_CORE/id_stage_i/mult_dot_op_a_ex_o_reg[3]/D
                                                             -0.38  (VIOLATED)
   pulpino_top_i/core_region_i/CORE.RISCV_CORE/id_stage_i/registers_i/mem_reg[2][0]/D
                                                             -0.38  (VIOLATED)
   pulpino_top_i/core_region_i/instr_mem/sp_ram_wrap_i/bank1_byte2/D[0]
                                                             -0.38  (VIOLATED)
   pulpino_top_i/core_region_i/CORE.RISCV_CORE/id_stage_i/registers_i/mem_reg[30][31]/D
                                                             -0.38  (VIOLATED)
   pulpino_top_i/core_region_i/CORE.RISCV_CORE/id_stage_i/registers_i/mem_reg[31][27]/D
                                                             -0.38  (VIOLATED)
   pulpino_top_i/peripherals_i/apb_timer_i/TIMER_GEN[1].timer_i/cycle_counter_q_reg[6]/D
                                                             -0.38  (VIOLATED)
   pulpino_top_i/core_region_i/CORE.RISCV_CORE/if_stage_i/hwlp_dec_cnt_id_o_reg[0]/TE
                                                             -0.38  (VIOLATED)
   pulpino_top_i/core_region_i/CORE.RISCV_CORE/if_stage_i/hwlp_dec_cnt_id_o_reg[1]/TE
                                                             -0.38  (VIOLATED)
   pulpino_top_i/core_region_i/CORE.RISCV_CORE/id_stage_i/hwloop_regs_i/hwlp_counter_q_reg[1][24]/D
                                                             -0.38  (VIOLATED)
   pulpino_top_i/core_region_i/CORE.RISCV_CORE/if_stage_i/pc_id_o_reg[3]/TE
                                                             -0.38  (VIOLATED)
   pulpino_top_i/core_region_i/instr_mem/sp_ram_wrap_i/bank2_byte1/D[1]
                                                             -0.38  (VIOLATED)
   pulpino_top_i/core_region_i/CORE.RISCV_CORE/id_stage_i/registers_i/mem_reg[24][23]/D
                                                             -0.38  (VIOLATED)
   pulpino_top_i/core_region_i/CORE.RISCV_CORE/id_stage_i/registers_i/mem_reg[11][25]/D
                                                             -0.38  (VIOLATED)
   pulpino_top_i/core_region_i/CORE.RISCV_CORE/id_stage_i/registers_i/mem_reg[3][9]/D
                                                             -0.38  (VIOLATED)
   pulpino_top_i/core_region_i/CORE.RISCV_CORE/if_stage_i/prefetch_32.prefetch_buffer_i/CS_reg[1]/D
                                                             -0.37  (VIOLATED)
   pulpino_top_i/peripherals_i/apb_timer_i/TIMER_GEN[1].timer_i/cycle_counter_q_reg[2]/D
                                                             -0.37  (VIOLATED)
   pulpino_top_i/core_region_i/CORE.RISCV_CORE/id_stage_i/registers_i/mem_reg[26][23]/D
                                                             -0.37  (VIOLATED)
   pulpino_top_i/core_region_i/CORE.RISCV_CORE/id_stage_i/registers_i/mem_reg[11][12]/D
                                                             -0.37  (VIOLATED)
   pulpino_top_i/core_region_i/CORE.RISCV_CORE/if_stage_i/pc_id_o_reg[5]/TE
                                                             -0.37  (VIOLATED)
   pulpino_top_i/core_region_i/CORE.RISCV_CORE/id_stage_i/hwloop_regs_i/hwlp_counter_q_reg[0][27]/D
                                                             -0.37  (VIOLATED)
   pulpino_top_i/core_region_i/CORE.RISCV_CORE/id_stage_i/registers_i/mem_reg[19][31]/D
                                                             -0.37  (VIOLATED)
   pulpino_top_i/core_region_i/CORE.RISCV_CORE/id_stage_i/mult_dot_op_b_ex_o_reg[16]/D
                                                             -0.37  (VIOLATED)
   pulpino_top_i/core_region_i/CORE.RISCV_CORE/id_stage_i/registers_i/mem_reg[24][31]/D
                                                             -0.37  (VIOLATED)
   pulpino_top_i/core_region_i/CORE.RISCV_CORE/id_stage_i/mult_dot_op_c_ex_o_reg[28]/D
                                                             -0.37  (VIOLATED)
   pulpino_top_i/axi_interconnect_i/axi_node_i/_RESP_BLOCK_GEN[1].RESP_BLOCK/BR_ALLOC/outstanding_counter_reg[4]/D
                                                             -0.37  (VIOLATED)
   pulpino_top_i/core_region_i/CORE.RISCV_CORE/id_stage_i/registers_i/mem_reg[26][31]/D
                                                             -0.37  (VIOLATED)
   pulpino_top_i/core_region_i/CORE.RISCV_CORE/id_stage_i/registers_i/mem_reg[24][27]/D
                                                             -0.37  (VIOLATED)
   pulpino_top_i/core_region_i/instr_mem/sp_ram_wrap_i/bank0_byte0/CSN
                                                             -0.37  (VIOLATED)
   pulpino_top_i/core_region_i/CORE.RISCV_CORE/id_stage_i/mult_dot_op_a_ex_o_reg[28]/D
                                                             -0.37  (VIOLATED)
   pulpino_top_i/core_region_i/CORE.RISCV_CORE/id_stage_i/alu_operand_a_ex_o_reg[3]/D
                                                             -0.37  (VIOLATED)
   pulpino_top_i/core_region_i/CORE.RISCV_CORE/id_stage_i/registers_i/mem_reg[11][5]/D
                                                             -0.37  (VIOLATED)
   pulpino_top_i/core_region_i/CORE.RISCV_CORE/id_stage_i/hwloop_regs_i/hwlp_counter_q_reg[1][30]/D
                                                             -0.37  (VIOLATED)
   pulpino_top_i/core_region_i/CORE.RISCV_CORE/id_stage_i/mult_operand_a_ex_o_reg[28]/D
                                                             -0.37  (VIOLATED)
   pulpino_top_i/core_region_i/CORE.RISCV_CORE/id_stage_i/hwloop_regs_i/hwlp_counter_q_reg[0][24]/D
                                                             -0.37  (VIOLATED)
   pulpino_top_i/core_region_i/CORE.RISCV_CORE/id_stage_i/registers_i/mem_reg[2][9]/D
                                                             -0.37  (VIOLATED)
   pulpino_top_i/peripherals_i/apb_timer_i/TIMER_GEN[1].timer_i/cycle_counter_q_reg[1]/D
                                                             -0.37  (VIOLATED)
   pulpino_top_i/core_region_i/CORE.RISCV_CORE/id_stage_i/registers_i/mem_reg[24][9]/D
                                                             -0.37  (VIOLATED)
   pulpino_top_i/core_region_i/CORE.RISCV_CORE/id_stage_i/registers_i/mem_reg[28][27]/D
                                                             -0.37  (VIOLATED)
   pulpino_top_i/core_region_i/CORE.RISCV_CORE/id_stage_i/registers_i/mem_reg[10][12]/D
                                                             -0.37  (VIOLATED)
   pulpino_top_i/core_region_i/CORE.RISCV_CORE/id_stage_i/registers_i/mem_reg[16][21]/D
                                                             -0.37  (VIOLATED)
   pulpino_top_i/core_region_i/CORE.RISCV_CORE/id_stage_i/registers_i/mem_reg[6][24]/D
                                                             -0.37  (VIOLATED)
   pulpino_top_i/core_region_i/instr_mem/sp_ram_wrap_i/bank2_byte2/A[0]
                                                             -0.37  (VIOLATED)
   pulpino_top_i/core_region_i/CORE.RISCV_CORE/id_stage_i/registers_i/mem_reg[15][9]/D
                                                             -0.37  (VIOLATED)
   pulpino_top_i/core_region_i/CORE.RISCV_CORE/id_stage_i/alu_operand_a_ex_o_reg[28]/D
                                                             -0.37  (VIOLATED)
   pulpino_top_i/core_region_i/CORE.RISCV_CORE/id_stage_i/mult_operand_a_ex_o_reg[3]/D
                                                             -0.37  (VIOLATED)
   pulpino_top_i/core_region_i/CORE.RISCV_CORE/id_stage_i/registers_i/mem_reg[30][24]/D
                                                             -0.37  (VIOLATED)
   pulpino_top_i/core_region_i/instr_mem/sp_ram_wrap_i/bank1_byte2/D[6]
                                                             -0.37  (VIOLATED)
   pulpino_top_i/peripherals_i/axi2apb_i/genblk1.axi2apb_i/RDATA_Q_reg[11]/D
                                                             -0.37  (VIOLATED)
   pulpino_top_i/core_region_i/CORE.RISCV_CORE/id_stage_i/registers_i/mem_reg[26][15]/D
                                                             -0.37  (VIOLATED)
   pulpino_top_i/core_region_i/CORE.RISCV_CORE/id_stage_i/mult_dot_op_b_ex_o_reg[30]/D
                                                             -0.37  (VIOLATED)
   pulpino_top_i/core_region_i/CORE.RISCV_CORE/id_stage_i/registers_i/mem_reg[27][9]/D
                                                             -0.37  (VIOLATED)
   pulpino_top_i/peripherals_i/apb_timer_i/TIMER_GEN[1].timer_i/regs_q_reg[0][29]/D
                                                             -0.37  (VIOLATED)
   pulpino_top_i/peripherals_i/apb_timer_i/TIMER_GEN[1].timer_i/cycle_counter_q_reg[16]/D
                                                             -0.37  (VIOLATED)
   pulpino_top_i/core_region_i/CORE.RISCV_CORE/ex_stage_i/alu_i/int_div.div_i/AReg_DP_reg[31]/D
                                                             -0.37  (VIOLATED)
   pulpino_top_i/core_region_i/CORE.RISCV_CORE/id_stage_i/registers_i/mem_reg[6][23]/D
                                                             -0.37  (VIOLATED)
   pulpino_top_i/core_region_i/CORE.RISCV_CORE/id_stage_i/registers_i/mem_reg[7][18]/D
                                                             -0.37  (VIOLATED)
   pulpino_top_i/core_region_i/CORE.RISCV_CORE/id_stage_i/registers_i/mem_reg[8][6]/D
                                                             -0.37  (VIOLATED)
   pulpino_top_i/core_region_i/CORE.RISCV_CORE/if_stage_i/pc_id_o_reg[13]/TE
                                                             -0.37  (VIOLATED)
   pulpino_top_i/core_region_i/CORE.RISCV_CORE/id_stage_i/registers_i/mem_reg[30][6]/D
                                                             -0.37  (VIOLATED)
   pulpino_top_i/core_region_i/CORE.RISCV_CORE/id_stage_i/registers_i/mem_reg[27][31]/D
                                                             -0.37  (VIOLATED)
   pulpino_top_i/core_region_i/CORE.RISCV_CORE/id_stage_i/alu_operand_a_ex_o_reg[29]/TE
                                                             -0.37  (VIOLATED)
   pulpino_top_i/core_region_i/CORE.RISCV_CORE/id_stage_i/registers_i/mem_reg[28][23]/D
                                                             -0.37  (VIOLATED)
   pulpino_top_i/core_region_i/CORE.RISCV_CORE/if_stage_i/pc_id_o_reg[14]/TE
                                                             -0.37  (VIOLATED)
   pulpino_top_i/core_region_i/CORE.RISCV_CORE/if_stage_i/pc_id_o_reg[15]/TE
                                                             -0.37  (VIOLATED)
   pulpino_top_i/core_region_i/CORE.RISCV_CORE/id_stage_i/mult_operand_b_ex_o_reg[16]/D
                                                             -0.37  (VIOLATED)
   pulpino_top_i/core_region_i/CORE.RISCV_CORE/id_stage_i/registers_i/mem_reg[28][24]/D
                                                             -0.37  (VIOLATED)
   pulpino_top_i/core_region_i/CORE.RISCV_CORE/cs_registers_i/PCCR_q_reg[0][31]/D
                                                             -0.37  (VIOLATED)
   pulpino_top_i/core_region_i/CORE.RISCV_CORE/id_stage_i/alu_operand_a_ex_o_reg[28]/TE
                                                             -0.37  (VIOLATED)
   pulpino_top_i/core_region_i/CORE.RISCV_CORE/id_stage_i/mult_dot_op_a_ex_o_reg[2]/D
                                                             -0.37  (VIOLATED)
   pulpino_top_i/core_region_i/CORE.RISCV_CORE/id_stage_i/registers_i/mem_reg[4][23]/D
                                                             -0.37  (VIOLATED)
   pulpino_top_i/core_region_i/CORE.RISCV_CORE/id_stage_i/registers_i/mem_reg[9][6]/D
                                                             -0.37  (VIOLATED)
   pulpino_top_i/core_region_i/instr_mem/sp_ram_wrap_i/bank1_byte1/D[0]
                                                             -0.37  (VIOLATED)
   pulpino_top_i/core_region_i/instr_mem/sp_ram_wrap_i/bank2_byte0/A[10]
                                                             -0.37  (VIOLATED)
   pulpino_top_i/core_region_i/CORE.RISCV_CORE/id_stage_i/alu_operand_a_ex_o_reg[16]/TE
                                                             -0.37  (VIOLATED)
   pulpino_top_i/core_region_i/CORE.RISCV_CORE/id_stage_i/alu_operand_a_ex_o_reg[18]/TE
                                                             -0.37  (VIOLATED)
   pulpino_top_i/core_region_i/CORE.RISCV_CORE/id_stage_i/registers_i/mem_reg[6][9]/D
                                                             -0.37  (VIOLATED)
   pulpino_top_i/core_region_i/CORE.RISCV_CORE/id_stage_i/mult_dot_op_a_ex_o_reg[24]/D
                                                             -0.37  (VIOLATED)
   pulpino_top_i/core_region_i/CORE.RISCV_CORE/id_stage_i/registers_i/mem_reg[2][29]/D
                                                             -0.37  (VIOLATED)
   pulpino_top_i/core_region_i/CORE.RISCV_CORE/id_stage_i/registers_i/mem_reg[11][28]/D
                                                             -0.37  (VIOLATED)
   pulpino_top_i/core_region_i/CORE.RISCV_CORE/id_stage_i/registers_i/mem_reg[8][5]/D
                                                             -0.37  (VIOLATED)
   pulpino_top_i/core_region_i/CORE.RISCV_CORE/id_stage_i/registers_i/mem_reg[25][23]/D
                                                             -0.37  (VIOLATED)
   pulpino_top_i/core_region_i/CORE.RISCV_CORE/id_stage_i/alu_operand_c_ex_o_reg[8]/D
                                                             -0.37  (VIOLATED)
   pulpino_top_i/core_region_i/CORE.RISCV_CORE/id_stage_i/registers_i/mem_reg[6][7]/D
                                                             -0.37  (VIOLATED)
   pulpino_top_i/core_region_i/CORE.RISCV_CORE/id_stage_i/registers_i/mem_reg[31][23]/D
                                                             -0.37  (VIOLATED)
   pulpino_top_i/core_region_i/CORE.RISCV_CORE/id_stage_i/registers_i/mem_reg[28][9]/D
                                                             -0.37  (VIOLATED)
   pulpino_top_i/core_region_i/CORE.RISCV_CORE/id_stage_i/mult_operand_c_ex_o_reg[28]/D
                                                             -0.37  (VIOLATED)
   pulpino_top_i/core_region_i/CORE.RISCV_CORE/id_stage_i/registers_i/mem_reg[25][27]/D
                                                             -0.37  (VIOLATED)
   pulpino_top_i/peripherals_i/apb_timer_i/TIMER_GEN[0].timer_i/regs_q_reg[0][31]/D
                                                             -0.37  (VIOLATED)
   pulpino_top_i/core_region_i/CORE.RISCV_CORE/if_stage_i/pc_id_o_reg[16]/TE
                                                             -0.37  (VIOLATED)
   pulpino_top_i/core_region_i/CORE.RISCV_CORE/id_stage_i/registers_i/mem_reg[5][9]/D
                                                             -0.37  (VIOLATED)
   pulpino_top_i/core_region_i/CORE.RISCV_CORE/id_stage_i/registers_i/mem_reg[15][27]/D
                                                             -0.37  (VIOLATED)
   pulpino_top_i/core_region_i/CORE.RISCV_CORE/id_stage_i/registers_i/mem_reg[9][9]/D
                                                             -0.37  (VIOLATED)
   pulpino_top_i/core_region_i/CORE.RISCV_CORE/id_stage_i/registers_i/mem_reg[17][31]/D
                                                             -0.37  (VIOLATED)
   pulpino_top_i/core_region_i/CORE.RISCV_CORE/id_stage_i/alu_operand_a_ex_o_reg[14]/TE
                                                             -0.37  (VIOLATED)
   pulpino_top_i/core_region_i/CORE.RISCV_CORE/id_stage_i/alu_operand_a_ex_o_reg[30]/TE
                                                             -0.37  (VIOLATED)
   pulpino_top_i/core_region_i/CORE.RISCV_CORE/id_stage_i/registers_i/mem_reg[12][9]/D
                                                             -0.37  (VIOLATED)
   pulpino_top_i/core_region_i/CORE.RISCV_CORE/id_stage_i/registers_i/mem_reg[13][12]/D
                                                             -0.37  (VIOLATED)
   pulpino_top_i/core_region_i/CORE.RISCV_CORE/id_stage_i/alu_operand_a_ex_o_reg[13]/TE
                                                             -0.37  (VIOLATED)
   pulpino_top_i/core_region_i/CORE.RISCV_CORE/id_stage_i/mult_operand_a_ex_o_reg[2]/D
                                                             -0.37  (VIOLATED)
   pulpino_top_i/core_region_i/CORE.RISCV_CORE/id_stage_i/registers_i/mem_reg[18][31]/D
                                                             -0.37  (VIOLATED)
   pulpino_top_i/core_region_i/CORE.RISCV_CORE/id_stage_i/alu_operand_b_ex_o_reg[15]/TI
                                                             -0.37  (VIOLATED)
   pulpino_top_i/core_region_i/CORE.RISCV_CORE/if_stage_i/pc_id_o_reg[17]/TE
                                                             -0.37  (VIOLATED)
   pulpino_top_i/peripherals_i/apb_timer_i/TIMER_GEN[0].timer_i/cycle_counter_q_reg[0]/D
                                                             -0.37  (VIOLATED)
   pulpino_top_i/core_region_i/CORE.RISCV_CORE/id_stage_i/alu_operand_b_ex_o_reg[11]/TI
                                                             -0.37  (VIOLATED)
   pulpino_top_i/peripherals_i/apb_timer_i/TIMER_GEN[1].timer_i/cycle_counter_q_reg[8]/D
                                                             -0.37  (VIOLATED)
   pulpino_top_i/core_region_i/CORE.RISCV_CORE/id_stage_i/registers_i/mem_reg[20][31]/D
                                                             -0.37  (VIOLATED)
   pulpino_top_i/core_region_i/CORE.RISCV_CORE/id_stage_i/registers_i/mem_reg[16][11]/D
                                                             -0.37  (VIOLATED)
   pulpino_top_i/core_region_i/CORE.RISCV_CORE/id_stage_i/alu_operand_a_ex_o_reg[22]/TE
                                                             -0.37  (VIOLATED)
   pulpino_top_i/core_region_i/CORE.RISCV_CORE/id_stage_i/alu_operand_a_ex_o_reg[23]/TE
                                                             -0.37  (VIOLATED)
   pulpino_top_i/core_region_i/CORE.RISCV_CORE/id_stage_i/alu_operand_b_ex_o_reg[5]/TI
                                                             -0.37  (VIOLATED)
   pulpino_top_i/core_region_i/CORE.RISCV_CORE/id_stage_i/registers_i/mem_reg[30][27]/D
                                                             -0.37  (VIOLATED)
   pulpino_top_i/core_region_i/CORE.RISCV_CORE/id_stage_i/registers_i/mem_reg[14][22]/D
                                                             -0.37  (VIOLATED)
   pulpino_top_i/core_region_i/CORE.RISCV_CORE/id_stage_i/registers_i/mem_reg[20][11]/D
                                                             -0.37  (VIOLATED)
   pulpino_top_i/core_region_i/CORE.RISCV_CORE/id_stage_i/mult_dot_op_a_ex_o_reg[10]/D
                                                             -0.37  (VIOLATED)
   pulpino_top_i/core_region_i/CORE.RISCV_CORE/id_stage_i/mult_operand_a_ex_o_reg[10]/D
                                                             -0.37  (VIOLATED)
   pulpino_top_i/core_region_i/instr_mem/sp_ram_wrap_i/bank1_byte1/D[7]
                                                             -0.37  (VIOLATED)
   pulpino_top_i/core_region_i/CORE.RISCV_CORE/id_stage_i/registers_i/mem_reg[25][9]/D
                                                             -0.37  (VIOLATED)
   pulpino_top_i/core_region_i/CORE.RISCV_CORE/id_stage_i/mult_operand_b_ex_o_reg[26]/D
                                                             -0.37  (VIOLATED)
   pulpino_top_i/core_region_i/CORE.RISCV_CORE/id_stage_i/registers_i/mem_reg[1][23]/D
                                                             -0.37  (VIOLATED)
   pulpino_top_i/core_region_i/CORE.RISCV_CORE/id_stage_i/registers_i/mem_reg[11][22]/D
                                                             -0.37  (VIOLATED)
   pulpino_top_i/core_region_i/CORE.RISCV_CORE/id_stage_i/alu_operand_a_ex_o_reg[21]/TE
                                                             -0.37  (VIOLATED)
   pulpino_top_i/core_region_i/CORE.RISCV_CORE/id_stage_i/registers_i/mem_reg[31][16]/D
                                                             -0.37  (VIOLATED)
   pulpino_top_i/core_region_i/CORE.RISCV_CORE/id_stage_i/registers_i/mem_reg[17][0]/D
                                                             -0.37  (VIOLATED)
   pulpino_top_i/core_region_i/CORE.RISCV_CORE/id_stage_i/registers_i/mem_reg[23][11]/D
                                                             -0.37  (VIOLATED)
   pulpino_top_i/core_region_i/instr_mem/sp_ram_wrap_i/bank1_byte2/D[3]
                                                             -0.37  (VIOLATED)
   pulpino_top_i/core_region_i/instr_mem/sp_ram_wrap_i/bank3_byte3/A[4]
                                                             -0.37  (VIOLATED)
   pulpino_top_i/core_region_i/CORE.RISCV_CORE/id_stage_i/registers_i/mem_reg[5][17]/D
                                                             -0.37  (VIOLATED)
   pulpino_top_i/core_region_i/CORE.RISCV_CORE/id_stage_i/alu_operand_a_ex_o_reg[24]/D
                                                             -0.37  (VIOLATED)
   pulpino_top_i/core_region_i/CORE.RISCV_CORE/id_stage_i/mult_operand_a_ex_o_reg[24]/D
                                                             -0.37  (VIOLATED)
   pulpino_top_i/core_region_i/CORE.RISCV_CORE/id_stage_i/registers_i/mem_reg[29][15]/D
                                                             -0.37  (VIOLATED)
   pulpino_top_i/core_region_i/CORE.RISCV_CORE/id_stage_i/alu_operand_c_ex_o_reg[28]/D
                                                             -0.37  (VIOLATED)
   pulpino_top_i/core_region_i/CORE.RISCV_CORE/id_stage_i/registers_i/mem_reg[18][21]/D
                                                             -0.37  (VIOLATED)
   pulpino_top_i/axi_interconnect_i/axi_node_i/_RESP_BLOCK_GEN[0].RESP_BLOCK/BR_ALLOC/outstanding_counter_reg[5]/D
                                                             -0.37  (VIOLATED)
   pulpino_top_i/core_region_i/CORE.RISCV_CORE/id_stage_i/registers_i/mem_reg[21][11]/D
                                                             -0.37  (VIOLATED)
   pulpino_top_i/core_region_i/CORE.RISCV_CORE/id_stage_i/registers_i/mem_reg[30][7]/D
                                                             -0.37  (VIOLATED)
   pulpino_top_i/core_region_i/CORE.RISCV_CORE/id_stage_i/registers_i/mem_reg[21][31]/D
                                                             -0.37  (VIOLATED)
   pulpino_top_i/core_region_i/CORE.RISCV_CORE/id_stage_i/alu_operand_a_ex_o_reg[11]/TE
                                                             -0.37  (VIOLATED)
   pulpino_top_i/core_region_i/CORE.RISCV_CORE/id_stage_i/alu_operand_a_ex_o_reg[15]/TE
                                                             -0.37  (VIOLATED)
   pulpino_top_i/core_region_i/CORE.RISCV_CORE/id_stage_i/registers_i/mem_reg[23][30]/D
                                                             -0.37  (VIOLATED)
   pulpino_top_i/core_region_i/CORE.RISCV_CORE/id_stage_i/registers_i/mem_reg[31][9]/D
                                                             -0.37  (VIOLATED)
   pulpino_top_i/core_region_i/CORE.RISCV_CORE/id_stage_i/registers_i/mem_reg[12][5]/D
                                                             -0.37  (VIOLATED)
   pulpino_top_i/core_region_i/CORE.RISCV_CORE/id_stage_i/registers_i/mem_reg[17][4]/D
                                                             -0.37  (VIOLATED)
   pulpino_top_i/core_region_i/CORE.RISCV_CORE/id_stage_i/registers_i/mem_reg[10][25]/D
                                                             -0.37  (VIOLATED)
   pulpino_top_i/core_region_i/CORE.RISCV_CORE/id_stage_i/alu_operand_a_ex_o_reg[2]/D
                                                             -0.37  (VIOLATED)
   pulpino_top_i/core_region_i/CORE.RISCV_CORE/id_stage_i/registers_i/mem_reg[30][2]/D
                                                             -0.37  (VIOLATED)
   pulpino_top_i/core_region_i/CORE.RISCV_CORE/id_stage_i/bmask_b_ex_o_reg[0]/D
                                                             -0.37  (VIOLATED)
   pulpino_top_i/core_region_i/CORE.RISCV_CORE/id_stage_i/registers_i/mem_reg[31][14]/D
                                                             -0.37  (VIOLATED)
   pulpino_top_i/core_region_i/CORE.RISCV_CORE/id_stage_i/alu_operand_a_ex_o_reg[10]/D
                                                             -0.37  (VIOLATED)
   pulpino_top_i/core_region_i/CORE.RISCV_CORE/id_stage_i/registers_i/mem_reg[10][28]/D
                                                             -0.37  (VIOLATED)
   pulpino_top_i/core_region_i/CORE.RISCV_CORE/id_stage_i/mult_operand_c_ex_o_reg[14]/D
                                                             -0.37  (VIOLATED)
   pulpino_top_i/core_region_i/instr_mem/sp_ram_wrap_i/bank2_byte0/A[1]
                                                             -0.37  (VIOLATED)
   pulpino_top_i/core_region_i/CORE.RISCV_CORE/id_stage_i/registers_i/mem_reg[2][30]/D
                                                             -0.37  (VIOLATED)
   pulpino_top_i/core_region_i/CORE.RISCV_CORE/id_stage_i/registers_i/mem_reg[5][25]/D
                                                             -0.37  (VIOLATED)
   pulpino_top_i/core_region_i/CORE.RISCV_CORE/id_stage_i/bmask_b_ex_o_reg[1]/D
                                                             -0.37  (VIOLATED)
   pulpino_top_i/core_region_i/CORE.RISCV_CORE/id_stage_i/registers_i/mem_reg[24][15]/D
                                                             -0.37  (VIOLATED)
   pulpino_top_i/core_region_i/CORE.RISCV_CORE/id_stage_i/alu_operand_a_ex_o_reg[19]/TE
                                                             -0.37  (VIOLATED)
   pulpino_top_i/core_region_i/CORE.RISCV_CORE/id_stage_i/registers_i/mem_reg[9][28]/D
                                                             -0.37  (VIOLATED)
   pulpino_top_i/core_region_i/CORE.RISCV_CORE/id_stage_i/registers_i/mem_reg[3][6]/D
                                                             -0.37  (VIOLATED)
   pulpino_top_i/peripherals_i/apb_timer_i/TIMER_GEN[1].timer_i/cycle_counter_q_reg[15]/D
                                                             -0.37  (VIOLATED)
   pulpino_top_i/core_region_i/CORE.RISCV_CORE/id_stage_i/registers_i/mem_reg[30][14]/D
                                                             -0.37  (VIOLATED)
   pulpino_top_i/peripherals_i/apb_uart_i/UART_TXFF/iUSAGE_reg[4]/TI
                                                             -0.37  (VIOLATED)
   pulpino_top_i/core_region_i/CORE.RISCV_CORE/id_stage_i/registers_i/mem_reg[22][31]/D
                                                             -0.37  (VIOLATED)
   pulpino_top_i/core_region_i/instr_mem/sp_ram_wrap_i/bank0_byte1/CSN
                                                             -0.37  (VIOLATED)
   pulpino_top_i/core_region_i/CORE.RISCV_CORE/id_stage_i/registers_i/mem_reg[5][31]/D
                                                             -0.37  (VIOLATED)
   pulpino_top_i/core_region_i/CORE.RISCV_CORE/id_stage_i/registers_i/mem_reg[9][5]/D
                                                             -0.37  (VIOLATED)
   pulpino_top_i/core_region_i/CORE.RISCV_CORE/id_stage_i/registers_i/mem_reg[14][5]/D
                                                             -0.37  (VIOLATED)
   pulpino_top_i/core_region_i/CORE.RISCV_CORE/id_stage_i/alu_operand_c_ex_o_reg[14]/D
                                                             -0.37  (VIOLATED)
   pulpino_top_i/core_region_i/CORE.RISCV_CORE/id_stage_i/mult_dot_op_c_ex_o_reg[14]/D
                                                             -0.37  (VIOLATED)
   pulpino_top_i/core_region_i/CORE.RISCV_CORE/id_stage_i/registers_i/mem_reg[31][17]/D
                                                             -0.37  (VIOLATED)
   pulpino_top_i/core_region_i/CORE.RISCV_CORE/id_stage_i/registers_i/mem_reg[12][15]/D
                                                             -0.37  (VIOLATED)
   pulpino_top_i/core_region_i/CORE.RISCV_CORE/id_stage_i/hwloop_regs_i/hwlp_counter_q_reg[0][3]/D
                                                             -0.37  (VIOLATED)
   pulpino_top_i/core_region_i/CORE.RISCV_CORE/id_stage_i/registers_i/mem_reg[14][13]/D
                                                             -0.37  (VIOLATED)
   pulpino_top_i/peripherals_i/axi2apb_i/genblk1.axi2apb_i/RDATA_Q_reg[0]/D
                                                             -0.37  (VIOLATED)
   pulpino_top_i/peripherals_i/apb_timer_i/TIMER_GEN[1].timer_i/cycle_counter_q_reg[5]/D
                                                             -0.37  (VIOLATED)
   pulpino_top_i/core_region_i/CORE.RISCV_CORE/id_stage_i/alu_operand_a_ex_o_reg[26]/TE
                                                             -0.37  (VIOLATED)
   pulpino_top_i/core_region_i/CORE.RISCV_CORE/id_stage_i/registers_i/mem_reg[31][8]/D
                                                             -0.37  (VIOLATED)
   pulpino_top_i/core_region_i/CORE.RISCV_CORE/id_stage_i/registers_i/mem_reg[22][11]/D
                                                             -0.37  (VIOLATED)
   pulpino_top_i/core_region_i/CORE.RISCV_CORE/id_stage_i/alu_operand_a_ex_o_reg[17]/TE
                                                             -0.37  (VIOLATED)
   pulpino_top_i/core_region_i/CORE.RISCV_CORE/id_stage_i/registers_i/mem_reg[22][20]/D
                                                             -0.37  (VIOLATED)
   pulpino_top_i/core_region_i/CORE.RISCV_CORE/id_stage_i/registers_i/mem_reg[9][24]/D
                                                             -0.37  (VIOLATED)
   pulpino_top_i/core_region_i/CORE.RISCV_CORE/id_stage_i/registers_i/mem_reg[9][3]/D
                                                             -0.37  (VIOLATED)
   pulpino_top_i/core_region_i/CORE.RISCV_CORE/id_stage_i/registers_i/mem_reg[22][21]/D
                                                             -0.37  (VIOLATED)
   pulpino_top_i/core_region_i/CORE.RISCV_CORE/id_stage_i/registers_i/mem_reg[1][28]/D
                                                             -0.37  (VIOLATED)
   pulpino_top_i/core_region_i/CORE.RISCV_CORE/id_stage_i/registers_i/mem_reg[22][12]/D
                                                             -0.37  (VIOLATED)
   pulpino_top_i/peripherals_i/axi_spi_slave_i/axi_spi_slave_i/u_axiplug/tx_counter_reg[14]/D
                                                             -0.37  (VIOLATED)
   pulpino_top_i/peripherals_i/apb_gpio_i/r_status_reg[29]/D
                                                             -0.37  (VIOLATED)
   pulpino_top_i/core_region_i/CORE.RISCV_CORE/id_stage_i/mult_operand_b_ex_o_reg[30]/D
                                                             -0.37  (VIOLATED)
   pulpino_top_i/core_region_i/CORE.RISCV_CORE/id_stage_i/registers_i/mem_reg[13][5]/D
                                                             -0.37  (VIOLATED)
   pulpino_top_i/core_region_i/data_mem/bank3_byte3/CSN      -0.37  (VIOLATED)
   pulpino_top_i/core_region_i/instr_mem/sp_ram_wrap_i/bank2_byte1/A[10]
                                                             -0.37  (VIOLATED)
   pulpino_top_i/core_region_i/CORE.RISCV_CORE/id_stage_i/registers_i/mem_reg[26][18]/D
                                                             -0.37  (VIOLATED)
   pulpino_top_i/core_region_i/CORE.RISCV_CORE/id_stage_i/registers_i/mem_reg[22][17]/D
                                                             -0.37  (VIOLATED)
   pulpino_top_i/core_region_i/CORE.RISCV_CORE/id_stage_i/registers_i/mem_reg[31][24]/D
                                                             -0.37  (VIOLATED)
   pulpino_top_i/core_region_i/CORE.RISCV_CORE/id_stage_i/registers_i/mem_reg[1][20]/D
                                                             -0.37  (VIOLATED)
   pulpino_top_i/core_region_i/CORE.RISCV_CORE/id_stage_i/registers_i/mem_reg[17][19]/D
                                                             -0.37  (VIOLATED)
   pulpino_top_i/core_region_i/CORE.RISCV_CORE/id_stage_i/registers_i/mem_reg[8][22]/D
                                                             -0.37  (VIOLATED)
   pulpino_top_i/core_region_i/CORE.RISCV_CORE/id_stage_i/registers_i/mem_reg[16][0]/D
                                                             -0.37  (VIOLATED)
   pulpino_top_i/core_region_i/CORE.RISCV_CORE/id_stage_i/registers_i/mem_reg[4][6]/D
                                                             -0.37  (VIOLATED)
   pulpino_top_i/core_region_i/CORE.RISCV_CORE/id_stage_i/registers_i/mem_reg[29][21]/D
                                                             -0.37  (VIOLATED)
   pulpino_top_i/core_region_i/CORE.RISCV_CORE/id_stage_i/registers_i/mem_reg[31][13]/D
                                                             -0.37  (VIOLATED)
   pulpino_top_i/core_region_i/CORE.RISCV_CORE/id_stage_i/registers_i/mem_reg[11][24]/D
                                                             -0.37  (VIOLATED)
   pulpino_top_i/core_region_i/CORE.RISCV_CORE/id_stage_i/registers_i/mem_reg[14][21]/D
                                                             -0.37  (VIOLATED)
   pulpino_top_i/core_region_i/CORE.RISCV_CORE/id_stage_i/registers_i/mem_reg[26][21]/D
                                                             -0.37  (VIOLATED)
   pulpino_top_i/core_region_i/CORE.RISCV_CORE/id_stage_i/registers_i/mem_reg[29][18]/D
                                                             -0.37  (VIOLATED)
   pulpino_top_i/core_region_i/CORE.RISCV_CORE/id_stage_i/registers_i/mem_reg[27][26]/D
                                                             -0.37  (VIOLATED)
   pulpino_top_i/core_region_i/CORE.RISCV_CORE/id_stage_i/alu_operand_b_ex_o_reg[7]/TI
                                                             -0.37  (VIOLATED)
   pulpino_top_i/core_region_i/CORE.RISCV_CORE/id_stage_i/registers_i/mem_reg[22][9]/D
                                                             -0.37  (VIOLATED)
   pulpino_top_i/core_region_i/data_mem/bank2_byte0/D[4]     -0.37  (VIOLATED)
   pulpino_top_i/core_region_i/CORE.RISCV_CORE/id_stage_i/registers_i/mem_reg[12][22]/D
                                                             -0.37  (VIOLATED)
   pulpino_top_i/core_region_i/CORE.RISCV_CORE/id_stage_i/registers_i/mem_reg[31][18]/D
                                                             -0.37  (VIOLATED)
   pulpino_top_i/core_region_i/CORE.RISCV_CORE/id_stage_i/hwloop_regs_i/hwlp_counter_q_reg[1][11]/D
                                                             -0.36  (VIOLATED)
   pulpino_top_i/core_region_i/CORE.RISCV_CORE/id_stage_i/registers_i/mem_reg[9][22]/D
                                                             -0.36  (VIOLATED)
   pulpino_top_i/core_region_i/CORE.RISCV_CORE/id_stage_i/alu_operand_a_ex_o_reg[20]/TE
                                                             -0.36  (VIOLATED)
   pulpino_top_i/core_region_i/CORE.RISCV_CORE/id_stage_i/registers_i/mem_reg[8][15]/D
                                                             -0.36  (VIOLATED)
   pulpino_top_i/core_region_i/CORE.RISCV_CORE/id_stage_i/registers_i/mem_reg[30][13]/D
                                                             -0.36  (VIOLATED)
   pulpino_top_i/core_region_i/CORE.RISCV_CORE/id_stage_i/registers_i/mem_reg[31][15]/D
                                                             -0.36  (VIOLATED)
   pulpino_top_i/core_region_i/CORE.RISCV_CORE/id_stage_i/registers_i/mem_reg[17][13]/D
                                                             -0.36  (VIOLATED)
   pulpino_top_i/core_region_i/CORE.RISCV_CORE/id_stage_i/registers_i/mem_reg[30][15]/D
                                                             -0.36  (VIOLATED)
   pulpino_top_i/core_region_i/CORE.RISCV_CORE/id_stage_i/registers_i/mem_reg[11][8]/D
                                                             -0.36  (VIOLATED)
   pulpino_top_i/core_region_i/CORE.RISCV_CORE/id_stage_i/registers_i/mem_reg[23][5]/D
                                                             -0.36  (VIOLATED)
   pulpino_top_i/core_region_i/CORE.RISCV_CORE/id_stage_i/registers_i/mem_reg[17][5]/D
                                                             -0.36  (VIOLATED)
   pulpino_top_i/core_region_i/CORE.RISCV_CORE/id_stage_i/registers_i/mem_reg[26][20]/D
                                                             -0.36  (VIOLATED)
   pulpino_top_i/core_region_i/CORE.RISCV_CORE/id_stage_i/registers_i/mem_reg[22][22]/D
                                                             -0.36  (VIOLATED)
   pulpino_top_i/core_region_i/CORE.RISCV_CORE/id_stage_i/registers_i/mem_reg[22][0]/D
                                                             -0.36  (VIOLATED)
   pulpino_top_i/core_region_i/CORE.RISCV_CORE/id_stage_i/alu_operand_a_ex_o_reg[25]/TE
                                                             -0.36  (VIOLATED)
   pulpino_top_i/core_region_i/CORE.RISCV_CORE/id_stage_i/registers_i/mem_reg[24][21]/D
                                                             -0.36  (VIOLATED)
   pulpino_top_i/core_region_i/CORE.RISCV_CORE/id_stage_i/registers_i/mem_reg[30][16]/D
                                                             -0.36  (VIOLATED)
   pulpino_top_i/core_region_i/CORE.RISCV_CORE/id_stage_i/registers_i/mem_reg[24][18]/D
                                                             -0.36  (VIOLATED)
   pulpino_top_i/core_region_i/CORE.RISCV_CORE/id_stage_i/registers_i/mem_reg[6][30]/D
                                                             -0.36  (VIOLATED)
   pulpino_top_i/core_region_i/CORE.RISCV_CORE/id_stage_i/registers_i/mem_reg[13][22]/D
                                                             -0.36  (VIOLATED)
   pulpino_top_i/core_region_i/CORE.RISCV_CORE/id_stage_i/alu_operand_a_ex_o_reg[27]/TE
                                                             -0.36  (VIOLATED)
   pulpino_top_i/core_region_i/CORE.RISCV_CORE/id_stage_i/registers_i/mem_reg[8][14]/D
                                                             -0.36  (VIOLATED)
   pulpino_top_i/core_region_i/CORE.RISCV_CORE/id_stage_i/registers_i/mem_reg[17][20]/D
                                                             -0.36  (VIOLATED)
   pulpino_top_i/core_region_i/CORE.RISCV_CORE/id_stage_i/registers_i/mem_reg[19][30]/D
                                                             -0.36  (VIOLATED)
   pulpino_top_i/core_region_i/CORE.RISCV_CORE/id_stage_i/registers_i/mem_reg[22][26]/D
                                                             -0.36  (VIOLATED)
   pulpino_top_i/core_region_i/CORE.RISCV_CORE/id_stage_i/registers_i/mem_reg[27][12]/D
                                                             -0.36  (VIOLATED)
   pulpino_top_i/core_region_i/instr_mem/sp_ram_wrap_i/bank1_byte1/D[5]
                                                             -0.36  (VIOLATED)
   pulpino_top_i/core_region_i/CORE.RISCV_CORE/id_stage_i/registers_i/mem_reg[22][2]/D
                                                             -0.36  (VIOLATED)
   pulpino_top_i/core_region_i/CORE.RISCV_CORE/id_stage_i/registers_i/mem_reg[30][18]/D
                                                             -0.36  (VIOLATED)
   pulpino_top_i/core_region_i/CORE.RISCV_CORE/id_stage_i/registers_i/mem_reg[30][20]/D
                                                             -0.36  (VIOLATED)
   pulpino_top_i/core_region_i/CORE.RISCV_CORE/id_stage_i/registers_i/mem_reg[19][21]/D
                                                             -0.36  (VIOLATED)
   pulpino_top_i/core_region_i/CORE.RISCV_CORE/id_stage_i/hwloop_regs_i/hwlp_counter_q_reg[0][20]/D
                                                             -0.36  (VIOLATED)
   pulpino_top_i/core_region_i/CORE.RISCV_CORE/id_stage_i/registers_i/mem_reg[27][18]/D
                                                             -0.36  (VIOLATED)
   pulpino_top_i/peripherals_i/apb_timer_i/TIMER_GEN[1].timer_i/cycle_counter_q_reg[14]/D
                                                             -0.36  (VIOLATED)
   pulpino_top_i/core_region_i/CORE.RISCV_CORE/id_stage_i/registers_i/mem_reg[20][0]/D
                                                             -0.36  (VIOLATED)
   pulpino_top_i/core_region_i/instr_mem/sp_ram_wrap_i/bank1_byte2/D[7]
                                                             -0.36  (VIOLATED)
   pulpino_top_i/core_region_i/CORE.RISCV_CORE/id_stage_i/registers_i/mem_reg[8][21]/D
                                                             -0.36  (VIOLATED)
   pulpino_top_i/core_region_i/CORE.RISCV_CORE/id_stage_i/registers_i/mem_reg[30][3]/D
                                                             -0.36  (VIOLATED)
   pulpino_top_i/core_region_i/CORE.RISCV_CORE/id_stage_i/registers_i/mem_reg[28][21]/D
                                                             -0.36  (VIOLATED)
   pulpino_top_i/peripherals_i/apb_timer_i/TIMER_GEN[1].timer_i/cycle_counter_q_reg[26]/D
                                                             -0.36  (VIOLATED)
   pulpino_top_i/core_region_i/CORE.RISCV_CORE/id_stage_i/registers_i/mem_reg[25][20]/D
                                                             -0.36  (VIOLATED)
   pulpino_top_i/core_region_i/instr_mem/sp_ram_wrap_i/bank1_byte1/D[3]
                                                             -0.36  (VIOLATED)
   pulpino_top_i/core_region_i/CORE.RISCV_CORE/id_stage_i/registers_i/mem_reg[6][6]/D
                                                             -0.36  (VIOLATED)
   pulpino_top_i/core_region_i/CORE.RISCV_CORE/id_stage_i/registers_i/mem_reg[19][5]/D
                                                             -0.36  (VIOLATED)
   pulpino_top_i/core_region_i/CORE.RISCV_CORE/id_stage_i/registers_i/mem_reg[18][0]/D
                                                             -0.36  (VIOLATED)
   pulpino_top_i/core_region_i/CORE.RISCV_CORE/id_stage_i/registers_i/mem_reg[13][18]/D
                                                             -0.36  (VIOLATED)
   pulpino_top_i/core_region_i/CORE.RISCV_CORE/id_stage_i/registers_i/mem_reg[30][8]/D
                                                             -0.36  (VIOLATED)
   pulpino_top_i/core_region_i/CORE.RISCV_CORE/id_stage_i/registers_i/mem_reg[27][20]/D
                                                             -0.36  (VIOLATED)
   pulpino_top_i/core_region_i/CORE.RISCV_CORE/id_stage_i/registers_i/mem_reg[31][21]/D
                                                             -0.36  (VIOLATED)
   pulpino_top_i/core_region_i/CORE.RISCV_CORE/id_stage_i/registers_i/mem_reg[8][18]/D
                                                             -0.36  (VIOLATED)
   pulpino_top_i/core_region_i/CORE.RISCV_CORE/id_stage_i/registers_i/mem_reg[27][21]/D
                                                             -0.36  (VIOLATED)
   pulpino_top_i/core_region_i/CORE.RISCV_CORE/id_stage_i/registers_i/mem_reg[28][15]/D
                                                             -0.36  (VIOLATED)
   pulpino_top_i/core_region_i/CORE.RISCV_CORE/id_stage_i/mult_operand_c_ex_o_reg[5]/D
                                                             -0.36  (VIOLATED)
   pulpino_top_i/core_region_i/instr_mem/sp_ram_wrap_i/bank2_byte1/A[1]
                                                             -0.36  (VIOLATED)
   pulpino_top_i/core_region_i/CORE.RISCV_CORE/id_stage_i/mult_dot_op_c_ex_o_reg[5]/D
                                                             -0.36  (VIOLATED)
   pulpino_top_i/core_region_i/CORE.RISCV_CORE/id_stage_i/registers_i/mem_reg[28][18]/D
                                                             -0.36  (VIOLATED)
   pulpino_top_i/core_region_i/CORE.RISCV_CORE/id_stage_i/registers_i/mem_reg[5][30]/D
                                                             -0.36  (VIOLATED)
   pulpino_top_i/core_region_i/CORE.RISCV_CORE/id_stage_i/registers_i/mem_reg[23][21]/D
                                                             -0.36  (VIOLATED)
   pulpino_top_i/core_region_i/CORE.RISCV_CORE/id_stage_i/registers_i/mem_reg[27][7]/D
                                                             -0.36  (VIOLATED)
   pulpino_top_i/core_region_i/CORE.RISCV_CORE/id_stage_i/registers_i/mem_reg[30][17]/D
                                                             -0.36  (VIOLATED)
   pulpino_top_i/core_region_i/CORE.RISCV_CORE/id_stage_i/registers_i/mem_reg[31][20]/D
                                                             -0.36  (VIOLATED)
   pulpino_top_i/core_region_i/CORE.RISCV_CORE/id_stage_i/registers_i/mem_reg[1][22]/D
                                                             -0.36  (VIOLATED)
   pulpino_top_i/core_region_i/CORE.RISCV_CORE/id_stage_i/registers_i/mem_reg[22][6]/D
                                                             -0.36  (VIOLATED)
   pulpino_top_i/core_region_i/CORE.RISCV_CORE/id_stage_i/mult_dot_op_c_ex_o_reg[26]/D
                                                             -0.36  (VIOLATED)
   pulpino_top_i/core_region_i/CORE.RISCV_CORE/id_stage_i/mult_dot_op_a_ex_o_reg[18]/D
                                                             -0.36  (VIOLATED)
   pulpino_top_i/core_region_i/CORE.RISCV_CORE/id_stage_i/registers_i/mem_reg[25][18]/D
                                                             -0.36  (VIOLATED)
   pulpino_top_i/core_region_i/CORE.RISCV_CORE/id_stage_i/registers_i/mem_reg[8][19]/D
                                                             -0.36  (VIOLATED)
   pulpino_top_i/core_region_i/CORE.RISCV_CORE/id_stage_i/registers_i/mem_reg[12][18]/D
                                                             -0.36  (VIOLATED)
   pulpino_top_i/core_region_i/CORE.RISCV_CORE/id_stage_i/registers_i/mem_reg[14][0]/D
                                                             -0.36  (VIOLATED)
   pulpino_top_i/core_region_i/CORE.RISCV_CORE/id_stage_i/registers_i/mem_reg[14][2]/D
                                                             -0.36  (VIOLATED)
   pulpino_top_i/core_region_i/CORE.RISCV_CORE/id_stage_i/registers_i/mem_reg[8][17]/D
                                                             -0.36  (VIOLATED)
   pulpino_top_i/core_region_i/CORE.RISCV_CORE/id_stage_i/registers_i/mem_reg[8][13]/D
                                                             -0.36  (VIOLATED)
   pulpino_top_i/core_region_i/CORE.RISCV_CORE/id_stage_i/registers_i/mem_reg[27][24]/D
                                                             -0.36  (VIOLATED)
   pulpino_top_i/core_region_i/CORE.RISCV_CORE/id_stage_i/registers_i/mem_reg[13][21]/D
                                                             -0.36  (VIOLATED)
   pulpino_top_i/core_region_i/CORE.RISCV_CORE/id_stage_i/registers_i/mem_reg[10][5]/D
                                                             -0.36  (VIOLATED)
   pulpino_top_i/core_region_i/CORE.RISCV_CORE/id_stage_i/registers_i/mem_reg[9][21]/D
                                                             -0.36  (VIOLATED)
   pulpino_top_i/core_region_i/CORE.RISCV_CORE/id_stage_i/registers_i/mem_reg[10][8]/D
                                                             -0.36  (VIOLATED)
   pulpino_top_i/core_region_i/CORE.RISCV_CORE/id_stage_i/registers_i/mem_reg[22][13]/D
                                                             -0.36  (VIOLATED)
   pulpino_top_i/core_region_i/CORE.RISCV_CORE/if_stage_i/instr_rdata_id_o_reg[13]/TE
                                                             -0.36  (VIOLATED)
   pulpino_top_i/core_region_i/CORE.RISCV_CORE/if_stage_i/instr_rdata_id_o_reg[14]/TE
                                                             -0.36  (VIOLATED)
   pulpino_top_i/core_region_i/CORE.RISCV_CORE/id_stage_i/registers_i/mem_reg[24][20]/D
                                                             -0.36  (VIOLATED)
   pulpino_top_i/core_region_i/CORE.RISCV_CORE/if_stage_i/instr_rdata_id_o_reg[12]/TE
                                                             -0.36  (VIOLATED)
   pulpino_top_i/core_region_i/CORE.RISCV_CORE/id_stage_i/registers_i/mem_reg[9][18]/D
                                                             -0.36  (VIOLATED)
   pulpino_top_i/core_region_i/CORE.RISCV_CORE/id_stage_i/mult_dot_op_c_ex_o_reg[6]/D
                                                             -0.36  (VIOLATED)
   pulpino_top_i/core_region_i/CORE.RISCV_CORE/id_stage_i/registers_i/mem_reg[26][16]/D
                                                             -0.36  (VIOLATED)
   pulpino_top_i/core_region_i/instr_mem/sp_ram_wrap_i/bank0_byte0/D[2]
                                                             -0.36  (VIOLATED)
   pulpino_top_i/core_region_i/CORE.RISCV_CORE/id_stage_i/registers_i/mem_reg[17][2]/D
                                                             -0.36  (VIOLATED)
   pulpino_top_i/core_region_i/CORE.RISCV_CORE/id_stage_i/registers_i/mem_reg[25][21]/D
                                                             -0.36  (VIOLATED)
   pulpino_top_i/core_region_i/CORE.RISCV_CORE/id_stage_i/registers_i/mem_reg[27][6]/D
                                                             -0.36  (VIOLATED)
   pulpino_top_i/core_region_i/CORE.RISCV_CORE/id_stage_i/registers_i/mem_reg[14][18]/D
                                                             -0.36  (VIOLATED)
   pulpino_top_i/core_region_i/CORE.RISCV_CORE/id_stage_i/registers_i/mem_reg[17][15]/D
                                                             -0.36  (VIOLATED)
   pulpino_top_i/core_region_i/CORE.RISCV_CORE/id_stage_i/registers_i/mem_reg[21][30]/D
                                                             -0.36  (VIOLATED)
   pulpino_top_i/core_region_i/CORE.RISCV_CORE/id_stage_i/mult_operand_c_ex_o_reg[6]/D
                                                             -0.36  (VIOLATED)
   pulpino_top_i/core_region_i/CORE.RISCV_CORE/id_stage_i/registers_i/mem_reg[31][11]/D
                                                             -0.36  (VIOLATED)
   pulpino_top_i/peripherals_i/apb_gpio_i/r_status_reg[9]/D
                                                             -0.36  (VIOLATED)
   pulpino_top_i/core_region_i/CORE.RISCV_CORE/id_stage_i/registers_i/mem_reg[7][21]/D
                                                             -0.36  (VIOLATED)
   pulpino_top_i/core_region_i/CORE.RISCV_CORE/id_stage_i/registers_i/mem_reg[14][17]/D
                                                             -0.36  (VIOLATED)
   pulpino_top_i/core_region_i/CORE.RISCV_CORE/id_stage_i/registers_i/mem_reg[17][8]/D
                                                             -0.36  (VIOLATED)
   pulpino_top_i/core_region_i/CORE.RISCV_CORE/id_stage_i/registers_i/mem_reg[12][21]/D
                                                             -0.36  (VIOLATED)
   pulpino_top_i/core_region_i/CORE.RISCV_CORE/id_stage_i/registers_i/mem_reg[17][11]/D
                                                             -0.36  (VIOLATED)
   pulpino_top_i/core_region_i/CORE.RISCV_CORE/id_stage_i/registers_i/mem_reg[27][2]/D
                                                             -0.36  (VIOLATED)
   pulpino_top_i/core_region_i/CORE.RISCV_CORE/id_stage_i/registers_i/mem_reg[16][30]/D
                                                             -0.36  (VIOLATED)
   pulpino_top_i/peripherals_i/apb_timer_i/TIMER_GEN[1].timer_i/cycle_counter_q_reg[27]/D
                                                             -0.36  (VIOLATED)
   pulpino_top_i/core_region_i/CORE.RISCV_CORE/id_stage_i/registers_i/mem_reg[22][14]/D
                                                             -0.36  (VIOLATED)
   pulpino_top_i/core_region_i/CORE.RISCV_CORE/id_stage_i/registers_i/mem_reg[30][0]/D
                                                             -0.36  (VIOLATED)
   pulpino_top_i/core_region_i/CORE.RISCV_CORE/id_stage_i/alu_operand_c_ex_o_reg[26]/D
                                                             -0.36  (VIOLATED)
   pulpino_top_i/core_region_i/CORE.RISCV_CORE/id_stage_i/registers_i/mem_reg[29][20]/D
                                                             -0.36  (VIOLATED)
   pulpino_top_i/core_region_i/instr_mem/sp_ram_wrap_i/bank2_byte1/D[3]
                                                             -0.36  (VIOLATED)
   pulpino_top_i/core_region_i/CORE.RISCV_CORE/id_stage_i/registers_i/mem_reg[2][3]/D
                                                             -0.36  (VIOLATED)
   pulpino_top_i/core_region_i/CORE.RISCV_CORE/if_stage_i/instr_rdata_id_o_reg[11]/TE
                                                             -0.36  (VIOLATED)
   pulpino_top_i/core_region_i/CORE.RISCV_CORE/id_stage_i/registers_i/mem_reg[17][30]/D
                                                             -0.36  (VIOLATED)
   pulpino_top_i/core_region_i/data_mem/bank3_byte2/CSN      -0.36  (VIOLATED)
   pulpino_top_i/core_region_i/CORE.RISCV_CORE/id_stage_i/mult_dot_op_b_ex_o_reg[21]/D
                                                             -0.36  (VIOLATED)
   pulpino_top_i/core_region_i/CORE.RISCV_CORE/id_stage_i/registers_i/mem_reg[19][0]/D
                                                             -0.36  (VIOLATED)
   pulpino_top_i/core_region_i/CORE.RISCV_CORE/id_stage_i/registers_i/mem_reg[9][25]/D
                                                             -0.36  (VIOLATED)
   pulpino_top_i/peripherals_i/apb_timer_i/TIMER_GEN[0].timer_i/regs_q_reg[0][8]/D
                                                             -0.36  (VIOLATED)
   pulpino_top_i/core_region_i/CORE.RISCV_CORE/id_stage_i/registers_i/mem_reg[7][15]/D
                                                             -0.36  (VIOLATED)
   pulpino_top_i/core_region_i/CORE.RISCV_CORE/id_stage_i/registers_i/mem_reg[10][27]/D
                                                             -0.36  (VIOLATED)
   pulpino_top_i/core_region_i/CORE.RISCV_CORE/id_stage_i/registers_i/mem_reg[28][29]/D
                                                             -0.36  (VIOLATED)
   pulpino_top_i/core_region_i/CORE.RISCV_CORE/id_stage_i/registers_i/mem_reg[10][15]/D
                                                             -0.36  (VIOLATED)
   pulpino_top_i/core_region_i/CORE.RISCV_CORE/id_stage_i/mult_operand_c_ex_o_reg[26]/D
                                                             -0.36  (VIOLATED)
   pulpino_top_i/core_region_i/CORE.RISCV_CORE/id_stage_i/mult_operand_a_ex_o_reg[6]/D
                                                             -0.36  (VIOLATED)
   pulpino_top_i/core_region_i/CORE.RISCV_CORE/id_stage_i/mult_operand_a_ex_o_reg[18]/D
                                                             -0.36  (VIOLATED)
   pulpino_top_i/core_region_i/CORE.RISCV_CORE/if_stage_i/instr_rdata_id_o_reg[23]/TE
                                                             -0.36  (VIOLATED)
   pulpino_top_i/core_region_i/CORE.RISCV_CORE/id_stage_i/registers_i/mem_reg[1][12]/D
                                                             -0.36  (VIOLATED)
   pulpino_top_i/core_region_i/CORE.RISCV_CORE/id_stage_i/registers_i/mem_reg[1][18]/D
                                                             -0.36  (VIOLATED)
   pulpino_top_i/core_region_i/CORE.RISCV_CORE/id_stage_i/registers_i/mem_reg[2][27]/D
                                                             -0.36  (VIOLATED)
   pulpino_top_i/core_region_i/CORE.RISCV_CORE/id_stage_i/registers_i/mem_reg[28][2]/D
                                                             -0.36  (VIOLATED)
   pulpino_top_i/core_region_i/CORE.RISCV_CORE/id_stage_i/registers_i/mem_reg[30][26]/D
                                                             -0.36  (VIOLATED)
   pulpino_top_i/core_region_i/CORE.RISCV_CORE/id_stage_i/mult_dot_op_a_ex_o_reg[6]/D
                                                             -0.36  (VIOLATED)
   pulpino_top_i/core_region_i/CORE.RISCV_CORE/id_stage_i/registers_i/mem_reg[14][15]/D
                                                             -0.36  (VIOLATED)
   pulpino_top_i/core_region_i/CORE.RISCV_CORE/id_stage_i/hwloop_regs_i/hwlp_counter_q_reg[0][1]/D
                                                             -0.36  (VIOLATED)
   pulpino_top_i/core_region_i/CORE.RISCV_CORE/id_stage_i/registers_i/mem_reg[1][6]/D
                                                             -0.36  (VIOLATED)
   pulpino_top_i/core_region_i/CORE.RISCV_CORE/id_stage_i/registers_i/mem_reg[14][19]/D
                                                             -0.36  (VIOLATED)
   pulpino_top_i/core_region_i/CORE.RISCV_CORE/id_stage_i/registers_i/mem_reg[21][0]/D
                                                             -0.36  (VIOLATED)
   pulpino_top_i/core_region_i/CORE.RISCV_CORE/id_stage_i/registers_i/mem_reg[23][24]/D
                                                             -0.36  (VIOLATED)
   pulpino_top_i/core_region_i/CORE.RISCV_CORE/id_stage_i/registers_i/mem_reg[22][5]/D
                                                             -0.36  (VIOLATED)
   pulpino_top_i/core_region_i/CORE.RISCV_CORE/if_stage_i/instr_rdata_id_o_reg[24]/TE
                                                             -0.36  (VIOLATED)
   pulpino_top_i/core_region_i/CORE.RISCV_CORE/id_stage_i/registers_i/mem_reg[17][14]/D
                                                             -0.36  (VIOLATED)
   pulpino_top_i/core_region_i/CORE.RISCV_CORE/id_stage_i/registers_i/mem_reg[30][11]/D
                                                             -0.36  (VIOLATED)
   pulpino_top_i/core_region_i/CORE.RISCV_CORE/id_stage_i/mult_operand_b_ex_o_reg[21]/D
                                                             -0.36  (VIOLATED)
   pulpino_top_i/core_region_i/CORE.RISCV_CORE/id_stage_i/registers_i/mem_reg[15][30]/D
                                                             -0.36  (VIOLATED)
   pulpino_top_i/core_region_i/CORE.RISCV_CORE/id_stage_i/registers_i/mem_reg[1][5]/D
                                                             -0.36  (VIOLATED)
   pulpino_top_i/core_region_i/CORE.RISCV_CORE/id_stage_i/registers_i/mem_reg[11][27]/D
                                                             -0.36  (VIOLATED)
   pulpino_top_i/core_region_i/CORE.RISCV_CORE/id_stage_i/registers_i/mem_reg[13][4]/D
                                                             -0.36  (VIOLATED)
   pulpino_top_i/core_region_i/CORE.RISCV_CORE/id_stage_i/registers_i/mem_reg[22][30]/D
                                                             -0.36  (VIOLATED)
   pulpino_top_i/core_region_i/CORE.RISCV_CORE/id_stage_i/alu_operand_a_ex_o_reg[24]/TE
                                                             -0.36  (VIOLATED)
   pulpino_top_i/core_region_i/CORE.RISCV_CORE/id_stage_i/alu_operand_a_ex_o_reg[31]/TE
                                                             -0.36  (VIOLATED)
   pulpino_top_i/core_region_i/CORE.RISCV_CORE/id_stage_i/mult_dot_op_c_ex_o_reg[11]/D
                                                             -0.36  (VIOLATED)
   pulpino_top_i/core_region_i/CORE.RISCV_CORE/id_stage_i/registers_i/mem_reg[27][8]/D
                                                             -0.36  (VIOLATED)
   pulpino_top_i/core_region_i/CORE.RISCV_CORE/if_stage_i/instr_rdata_id_o_reg[18]/TE
                                                             -0.36  (VIOLATED)
   pulpino_top_i/core_region_i/CORE.RISCV_CORE/id_stage_i/registers_i/mem_reg[19][8]/D
                                                             -0.36  (VIOLATED)
   pulpino_top_i/core_region_i/CORE.RISCV_CORE/id_stage_i/registers_i/mem_reg[23][31]/D
                                                             -0.36  (VIOLATED)
   pulpino_top_i/core_region_i/CORE.RISCV_CORE/id_stage_i/registers_i/mem_reg[22][7]/D
                                                             -0.36  (VIOLATED)
   pulpino_top_i/core_region_i/CORE.RISCV_CORE/id_stage_i/registers_i/mem_reg[28][20]/D
                                                             -0.36  (VIOLATED)
   pulpino_top_i/core_region_i/CORE.RISCV_CORE/id_stage_i/alu_operand_a_ex_o_reg[18]/D
                                                             -0.36  (VIOLATED)
   pulpino_top_i/core_region_i/CORE.RISCV_CORE/id_stage_i/registers_i/mem_reg[11][21]/D
                                                             -0.36  (VIOLATED)
   pulpino_top_i/core_region_i/CORE.RISCV_CORE/id_stage_i/registers_i/mem_reg[23][8]/D
                                                             -0.36  (VIOLATED)
   pulpino_top_i/core_region_i/CORE.RISCV_CORE/id_stage_i/mult_imm_ex_o_reg[4]/D
                                                             -0.36  (VIOLATED)
   pulpino_top_i/core_region_i/CORE.RISCV_CORE/id_stage_i/registers_i/mem_reg[30][4]/D
                                                             -0.36  (VIOLATED)
   pulpino_top_i/core_region_i/CORE.RISCV_CORE/id_stage_i/registers_i/mem_reg[27][22]/D
                                                             -0.36  (VIOLATED)
   pulpino_top_i/core_region_i/instr_mem/sp_ram_wrap_i/bank3_byte2/D[4]
                                                             -0.36  (VIOLATED)
   pulpino_top_i/core_region_i/CORE.RISCV_CORE/id_stage_i/registers_i/mem_reg[10][21]/D
                                                             -0.36  (VIOLATED)
   pulpino_top_i/core_region_i/CORE.RISCV_CORE/id_stage_i/registers_i/mem_reg[27][10]/D
                                                             -0.36  (VIOLATED)
   pulpino_top_i/core_region_i/CORE.RISCV_CORE/id_stage_i/registers_i/mem_reg[30][21]/D
                                                             -0.36  (VIOLATED)
   pulpino_top_i/core_region_i/CORE.RISCV_CORE/id_stage_i/mult_dot_op_c_ex_o_reg[1]/D
                                                             -0.36  (VIOLATED)
   pulpino_top_i/core_region_i/CORE.RISCV_CORE/id_stage_i/mult_operand_c_ex_o_reg[1]/D
                                                             -0.36  (VIOLATED)
   pulpino_top_i/core_region_i/CORE.RISCV_CORE/id_stage_i/registers_i/mem_reg[31][0]/D
                                                             -0.36  (VIOLATED)
   pulpino_top_i/peripherals_i/apb_timer_i/TIMER_GEN[0].timer_i/regs_q_reg[0][9]/D
                                                             -0.36  (VIOLATED)
   pulpino_top_i/core_region_i/CORE.RISCV_CORE/id_stage_i/hwloop_regs_i/hwlp_counter_q_reg[0][7]/D
                                                             -0.36  (VIOLATED)
   pulpino_top_i/core_region_i/CORE.RISCV_CORE/if_stage_i/instr_rdata_id_o_reg[15]/TE
                                                             -0.36  (VIOLATED)
   pulpino_top_i/core_region_i/CORE.RISCV_CORE/if_stage_i/instr_rdata_id_o_reg[19]/TE
                                                             -0.36  (VIOLATED)
   pulpino_top_i/core_region_i/instr_mem/sp_ram_wrap_i/bank0_byte0/D[7]
                                                             -0.36  (VIOLATED)
   pulpino_top_i/core_region_i/CORE.RISCV_CORE/id_stage_i/registers_i/mem_reg[21][5]/D
                                                             -0.36  (VIOLATED)
   pulpino_top_i/core_region_i/CORE.RISCV_CORE/id_stage_i/mult_operand_c_ex_o_reg[11]/D
                                                             -0.36  (VIOLATED)
   pulpino_top_i/core_region_i/CORE.RISCV_CORE/id_stage_i/registers_i/mem_reg[18][15]/D
                                                             -0.36  (VIOLATED)
   pulpino_top_i/core_region_i/instr_mem/sp_ram_wrap_i/bank1_byte3/D[6]
                                                             -0.36  (VIOLATED)
   pulpino_top_i/core_region_i/CORE.RISCV_CORE/id_stage_i/registers_i/mem_reg[20][30]/D
                                                             -0.36  (VIOLATED)
   pulpino_top_i/core_region_i/CORE.RISCV_CORE/id_stage_i/registers_i/mem_reg[29][24]/D
                                                             -0.36  (VIOLATED)
   pulpino_top_i/core_region_i/CORE.RISCV_CORE/id_stage_i/registers_i/mem_reg[24][26]/D
                                                             -0.36  (VIOLATED)
   pulpino_top_i/core_region_i/CORE.RISCV_CORE/id_stage_i/registers_i/mem_reg[20][21]/D
                                                             -0.36  (VIOLATED)
   pulpino_top_i/core_region_i/CORE.RISCV_CORE/id_stage_i/registers_i/mem_reg[6][11]/D
                                                             -0.36  (VIOLATED)
   pulpino_top_i/core_region_i/CORE.RISCV_CORE/id_stage_i/registers_i/mem_reg[26][2]/D
                                                             -0.36  (VIOLATED)
   pulpino_top_i/core_region_i/CORE.RISCV_CORE/id_stage_i/registers_i/mem_reg[4][30]/D
                                                             -0.36  (VIOLATED)
   pulpino_top_i/core_region_i/CORE.RISCV_CORE/id_stage_i/alu_operand_c_ex_o_reg[1]/D
                                                             -0.36  (VIOLATED)
   pulpino_top_i/core_region_i/CORE.RISCV_CORE/id_stage_i/registers_i/mem_reg[15][11]/D
                                                             -0.36  (VIOLATED)
   pulpino_top_i/core_region_i/CORE.RISCV_CORE/id_stage_i/registers_i/mem_reg[30][5]/D
                                                             -0.36  (VIOLATED)
   pulpino_top_i/core_region_i/CORE.RISCV_CORE/id_stage_i/registers_i/mem_reg[26][12]/D
                                                             -0.36  (VIOLATED)
   pulpino_top_i/core_region_i/CORE.RISCV_CORE/id_stage_i/registers_i/mem_reg[27][13]/D
                                                             -0.36  (VIOLATED)
   pulpino_top_i/core_region_i/CORE.RISCV_CORE/id_stage_i/registers_i/mem_reg[31][1]/D
                                                             -0.36  (VIOLATED)
   pulpino_top_i/core_region_i/CORE.RISCV_CORE/id_stage_i/hwloop_regs_i/hwlp_counter_q_reg[1][7]/D
                                                             -0.36  (VIOLATED)
   pulpino_top_i/core_region_i/CORE.RISCV_CORE/id_stage_i/registers_i/mem_reg[17][21]/D
                                                             -0.36  (VIOLATED)
   pulpino_top_i/core_region_i/CORE.RISCV_CORE/id_stage_i/registers_i/mem_reg[16][5]/D
                                                             -0.36  (VIOLATED)
   pulpino_top_i/core_region_i/CORE.RISCV_CORE/id_stage_i/registers_i/mem_reg[10][22]/D
                                                             -0.36  (VIOLATED)
   pulpino_top_i/core_region_i/CORE.RISCV_CORE/id_stage_i/registers_i/mem_reg[9][15]/D
                                                             -0.36  (VIOLATED)
   pulpino_top_i/core_region_i/CORE.RISCV_CORE/id_stage_i/registers_i/mem_reg[26][26]/D
                                                             -0.36  (VIOLATED)
   pulpino_top_i/core_region_i/CORE.RISCV_CORE/id_stage_i/mult_imm_ex_o_reg[2]/D
                                                             -0.35  (VIOLATED)
   pulpino_top_i/core_region_i/CORE.RISCV_CORE/id_stage_i/mult_imm_ex_o_reg[3]/D
                                                             -0.35  (VIOLATED)
   pulpino_top_i/core_region_i/CORE.RISCV_CORE/id_stage_i/registers_i/mem_reg[14][14]/D
                                                             -0.35  (VIOLATED)
   pulpino_top_i/core_region_i/CORE.RISCV_CORE/id_stage_i/registers_i/mem_reg[18][5]/D
                                                             -0.35  (VIOLATED)
   pulpino_top_i/core_region_i/CORE.RISCV_CORE/id_stage_i/registers_i/mem_reg[23][0]/D
                                                             -0.35  (VIOLATED)
   pulpino_top_i/core_region_i/CORE.RISCV_CORE/id_stage_i/registers_i/mem_reg[29][26]/D
                                                             -0.35  (VIOLATED)
   pulpino_top_i/core_region_i/CORE.RISCV_CORE/if_stage_i/instr_rdata_id_o_reg[16]/TE
                                                             -0.35  (VIOLATED)
   pulpino_top_i/core_region_i/CORE.RISCV_CORE/id_stage_i/mult_dot_op_a_ex_o_reg[4]/D
                                                             -0.35  (VIOLATED)
   pulpino_top_i/core_region_i/CORE.RISCV_CORE/id_stage_i/registers_i/mem_reg[1][21]/D
                                                             -0.35  (VIOLATED)
   pulpino_top_i/core_region_i/instr_mem/sp_ram_wrap_i/bank1_byte3/D[5]
                                                             -0.35  (VIOLATED)
   pulpino_top_i/core_region_i/CORE.RISCV_CORE/id_stage_i/alu_operand_a_ex_o_reg[4]/D
                                                             -0.35  (VIOLATED)
   pulpino_top_i/core_region_i/CORE.RISCV_CORE/id_stage_i/registers_i/mem_reg[18][30]/D
                                                             -0.35  (VIOLATED)
   pulpino_top_i/core_region_i/CORE.RISCV_CORE/id_stage_i/registers_i/mem_reg[31][22]/D
                                                             -0.35  (VIOLATED)
   pulpino_top_i/core_region_i/CORE.RISCV_CORE/id_stage_i/registers_i/mem_reg[19][15]/D
                                                             -0.35  (VIOLATED)
   pulpino_top_i/core_region_i/instr_mem/sp_ram_wrap_i/bank1_byte3/D[4]
                                                             -0.35  (VIOLATED)
   pulpino_top_i/core_region_i/instr_mem/sp_ram_wrap_i/bank0_byte0/D[1]
                                                             -0.35  (VIOLATED)
   pulpino_top_i/core_region_i/instr_mem_axi_if/axi_mem_if_SP_i/Slave_r_buffer_LP/buffer_i/FIFO_REGISTERS_reg[0][7]/D
                                                             -0.35  (VIOLATED)
   pulpino_top_i/core_region_i/instr_mem_axi_if/axi_mem_if_SP_i/Slave_r_buffer_LP/buffer_i/FIFO_REGISTERS_reg[3][7]/D
                                                             -0.35  (VIOLATED)
   pulpino_top_i/core_region_i/CORE.RISCV_CORE/id_stage_i/registers_i/mem_reg[21][8]/D
                                                             -0.35  (VIOLATED)
   pulpino_top_i/core_region_i/instr_mem_axi_if/axi_mem_if_SP_i/Slave_r_buffer_LP/buffer_i/FIFO_REGISTERS_reg[2][7]/D
                                                             -0.35  (VIOLATED)
   pulpino_top_i/core_region_i/CORE.RISCV_CORE/id_stage_i/registers_i/mem_reg[25][26]/D
                                                             -0.35  (VIOLATED)
   pulpino_top_i/peripherals_i/axi2apb_i/genblk1.axi2apb_i/RDATA_Q_reg[3]/D
                                                             -0.35  (VIOLATED)
   pulpino_top_i/core_region_i/instr_mem/sp_ram_wrap_i/bank0_byte0/D[3]
                                                             -0.35  (VIOLATED)
   pulpino_top_i/peripherals_i/apb_timer_i/TIMER_GEN[0].timer_i/regs_q_reg[0][4]/D
                                                             -0.35  (VIOLATED)
   pulpino_top_i/core_region_i/CORE.RISCV_CORE/id_stage_i/registers_i/mem_reg[21][12]/D
                                                             -0.35  (VIOLATED)
   pulpino_top_i/core_region_i/CORE.RISCV_CORE/id_stage_i/registers_i/mem_reg[29][8]/D
                                                             -0.35  (VIOLATED)
   pulpino_top_i/core_region_i/instr_mem_axi_if/axi_mem_if_SP_i/Slave_r_buffer_LP/buffer_i/FIFO_REGISTERS_reg[1][7]/D
                                                             -0.35  (VIOLATED)
   pulpino_top_i/core_region_i/instr_mem/sp_ram_wrap_i/bank1_byte0/D[1]
                                                             -0.35  (VIOLATED)
   pulpino_top_i/core_region_i/instr_mem/sp_ram_wrap_i/bank1_byte3/D[3]
                                                             -0.35  (VIOLATED)
   pulpino_top_i/peripherals_i/apb_timer_i/TIMER_GEN[1].timer_i/cycle_counter_q_reg[4]/D
                                                             -0.35  (VIOLATED)
   pulpino_top_i/core_region_i/CORE.RISCV_CORE/id_stage_i/registers_i/mem_reg[27][16]/D
                                                             -0.35  (VIOLATED)
   pulpino_top_i/core_region_i/CORE.RISCV_CORE/id_stage_i/registers_i/mem_reg[8][0]/D
                                                             -0.35  (VIOLATED)
   pulpino_top_i/core_region_i/CORE.RISCV_CORE/id_stage_i/registers_i/mem_reg[20][5]/D
                                                             -0.35  (VIOLATED)
   pulpino_top_i/peripherals_i/axi2apb_i/genblk1.axi2apb_i/RDATA_Q_reg[5]/D
                                                             -0.35  (VIOLATED)
   pulpino_top_i/core_region_i/CORE.RISCV_CORE/id_stage_i/registers_i/mem_reg[16][15]/D
                                                             -0.35  (VIOLATED)
   pulpino_top_i/core_region_i/CORE.RISCV_CORE/id_stage_i/alu_operand_b_ex_o_reg[9]/TI
                                                             -0.35  (VIOLATED)
   pulpino_top_i/core_region_i/CORE.RISCV_CORE/id_stage_i/registers_i/mem_reg[13][15]/D
                                                             -0.35  (VIOLATED)
   pulpino_top_i/core_region_i/CORE.RISCV_CORE/id_stage_i/registers_i/mem_reg[26][6]/D
                                                             -0.35  (VIOLATED)
   pulpino_top_i/core_region_i/CORE.RISCV_CORE/id_stage_i/registers_i/mem_reg[22][8]/D
                                                             -0.35  (VIOLATED)
   pulpino_top_i/core_region_i/CORE.RISCV_CORE/id_stage_i/registers_i/mem_reg[4][7]/D
                                                             -0.35  (VIOLATED)
   pulpino_top_i/core_region_i/CORE.RISCV_CORE/id_stage_i/registers_i/mem_reg[25][22]/D
                                                             -0.35  (VIOLATED)
   pulpino_top_i/core_region_i/instr_mem/sp_ram_wrap_i/bank1_byte0/D[7]
                                                             -0.35  (VIOLATED)
   pulpino_top_i/core_region_i/CORE.RISCV_CORE/id_stage_i/alu_operand_c_ex_o_reg[5]/D
                                                             -0.35  (VIOLATED)
   pulpino_top_i/core_region_i/CORE.RISCV_CORE/id_stage_i/hwloop_regs_i/hwlp_counter_q_reg[1][1]/D
                                                             -0.35  (VIOLATED)
   pulpino_top_i/core_region_i/instr_mem/sp_ram_wrap_i/bank1_byte2/D[1]
                                                             -0.35  (VIOLATED)
   pulpino_top_i/peripherals_i/axi_spi_slave_i/axi_spi_slave_i/u_axiplug/curr_addr_reg[30]/D
                                                             -0.35  (VIOLATED)
   pulpino_top_i/core_region_i/CORE.RISCV_CORE/id_stage_i/registers_i/mem_reg[21][15]/D
                                                             -0.35  (VIOLATED)
   pulpino_top_i/core_region_i/CORE.RISCV_CORE/id_stage_i/hwloop_regs_i/hwlp_counter_q_reg[1][20]/D
                                                             -0.35  (VIOLATED)
   pulpino_top_i/core_region_i/CORE.RISCV_CORE/id_stage_i/mult_dot_op_a_ex_o_reg[5]/D
                                                             -0.35  (VIOLATED)
   pulpino_top_i/core_region_i/CORE.RISCV_CORE/id_stage_i/registers_i/mem_reg[11][15]/D
                                                             -0.35  (VIOLATED)
   pulpino_top_i/core_region_i/CORE.RISCV_CORE/id_stage_i/registers_i/mem_reg[20][15]/D
                                                             -0.35  (VIOLATED)
   pulpino_top_i/core_region_i/instr_mem/sp_ram_wrap_i/bank0_byte1/A[3]
                                                             -0.35  (VIOLATED)
   pulpino_top_i/core_region_i/instr_mem/sp_ram_wrap_i/bank1_byte1/D[4]
                                                             -0.35  (VIOLATED)
   pulpino_top_i/core_region_i/CORE.RISCV_CORE/id_stage_i/hwloop_regs_i/hwlp_counter_q_reg[0][28]/D
                                                             -0.35  (VIOLATED)
   pulpino_top_i/core_region_i/CORE.RISCV_CORE/id_stage_i/registers_i/mem_reg[27][14]/D
                                                             -0.35  (VIOLATED)
   pulpino_top_i/peripherals_i/axi2apb_i/genblk1.axi2apb_i/RDATA_Q_reg[31]/D
                                                             -0.35  (VIOLATED)
   pulpino_top_i/core_region_i/CORE.RISCV_CORE/id_stage_i/registers_i/mem_reg[5][21]/D
                                                             -0.35  (VIOLATED)
   pulpino_top_i/core_region_i/CORE.RISCV_CORE/id_stage_i/registers_i/mem_reg[18][8]/D
                                                             -0.35  (VIOLATED)
   pulpino_top_i/core_region_i/CORE.RISCV_CORE/id_stage_i/registers_i/mem_reg[29][22]/D
                                                             -0.35  (VIOLATED)
   pulpino_top_i/core_region_i/CORE.RISCV_CORE/id_stage_i/mult_operand_a_ex_o_reg[4]/D
                                                             -0.35  (VIOLATED)
   pulpino_top_i/core_region_i/instr_mem/sp_ram_wrap_i/bank1_byte0/A[8]
                                                             -0.35  (VIOLATED)
   pulpino_top_i/core_region_i/CORE.RISCV_CORE/id_stage_i/registers_i/mem_reg[6][8]/D
                                                             -0.35  (VIOLATED)
   pulpino_top_i/core_region_i/CORE.RISCV_CORE/id_stage_i/mult_dot_op_b_ex_o_reg[13]/D
                                                             -0.35  (VIOLATED)
   pulpino_top_i/peripherals_i/apb_timer_i/TIMER_GEN[0].timer_i/regs_q_reg[0][27]/D
                                                             -0.35  (VIOLATED)
   pulpino_top_i/core_region_i/CORE.RISCV_CORE/id_stage_i/registers_i/mem_reg[31][26]/D
                                                             -0.35  (VIOLATED)
   pulpino_top_i/core_region_i/CORE.RISCV_CORE/id_stage_i/registers_i/mem_reg[27][3]/D
                                                             -0.35  (VIOLATED)
   pulpino_top_i/core_region_i/CORE.RISCV_CORE/id_stage_i/registers_i/mem_reg[21][7]/D
                                                             -0.35  (VIOLATED)
   pulpino_top_i/core_region_i/CORE.RISCV_CORE/id_stage_i/hwloop_regs_i/hwlp_counter_q_reg[1][0]/D
                                                             -0.35  (VIOLATED)
   pulpino_top_i/core_region_i/CORE.RISCV_CORE/id_stage_i/registers_i/mem_reg[26][7]/D
                                                             -0.35  (VIOLATED)
   pulpino_top_i/core_region_i/CORE.RISCV_CORE/id_stage_i/registers_i/mem_reg[22][15]/D
                                                             -0.35  (VIOLATED)
   pulpino_top_i/core_region_i/CORE.RISCV_CORE/id_stage_i/mult_dot_op_a_ex_o_reg[25]/D
                                                             -0.35  (VIOLATED)
   pulpino_top_i/core_region_i/CORE.RISCV_CORE/id_stage_i/registers_i/mem_reg[25][8]/D
                                                             -0.35  (VIOLATED)
   pulpino_top_i/core_region_i/CORE.RISCV_CORE/id_stage_i/registers_i/mem_reg[5][28]/D
                                                             -0.35  (VIOLATED)
   pulpino_top_i/core_region_i/CORE.RISCV_CORE/id_stage_i/registers_i/mem_reg[3][30]/D
                                                             -0.35  (VIOLATED)
   pulpino_top_i/core_region_i/CORE.RISCV_CORE/id_stage_i/registers_i/mem_reg[16][29]/D
                                                             -0.35  (VIOLATED)
   pulpino_top_i/core_region_i/CORE.RISCV_CORE/id_stage_i/registers_i/mem_reg[21][22]/D
                                                             -0.35  (VIOLATED)
   pulpino_top_i/core_region_i/CORE.RISCV_CORE/id_stage_i/bmask_a_ex_o_reg[0]/D
                                                             -0.35  (VIOLATED)
   pulpino_top_i/core_region_i/CORE.RISCV_CORE/id_stage_i/registers_i/mem_reg[27][0]/D
                                                             -0.35  (VIOLATED)
   pulpino_top_i/core_region_i/CORE.RISCV_CORE/id_stage_i/registers_i/mem_reg[28][22]/D
                                                             -0.35  (VIOLATED)
   pulpino_top_i/core_region_i/CORE.RISCV_CORE/id_stage_i/registers_i/mem_reg[4][28]/D
                                                             -0.35  (VIOLATED)
   pulpino_top_i/core_region_i/CORE.RISCV_CORE/id_stage_i/alu_operand_c_ex_o_reg[11]/D
                                                             -0.35  (VIOLATED)
   pulpino_top_i/core_region_i/CORE.RISCV_CORE/id_stage_i/registers_i/mem_reg[4][31]/D
                                                             -0.35  (VIOLATED)
   pulpino_top_i/core_region_i/CORE.RISCV_CORE/id_stage_i/mult_dot_op_c_ex_o_reg[22]/D
                                                             -0.35  (VIOLATED)
   pulpino_top_i/core_region_i/CORE.RISCV_CORE/id_stage_i/registers_i/mem_reg[14][26]/D
                                                             -0.35  (VIOLATED)
   pulpino_top_i/core_region_i/CORE.RISCV_CORE/id_stage_i/registers_i/mem_reg[21][29]/D
                                                             -0.35  (VIOLATED)
   pulpino_top_i/core_region_i/CORE.RISCV_CORE/id_stage_i/mult_operand_a_ex_o_reg[5]/D
                                                             -0.35  (VIOLATED)
   pulpino_top_i/core_region_i/CORE.RISCV_CORE/id_stage_i/registers_i/mem_reg[17][17]/D
                                                             -0.35  (VIOLATED)
   pulpino_top_i/core_region_i/instr_mem/sp_ram_wrap_i/bank2_byte0/D[3]
                                                             -0.35  (VIOLATED)
   pulpino_top_i/core_region_i/CORE.RISCV_CORE/id_stage_i/registers_i/mem_reg[20][8]/D
                                                             -0.35  (VIOLATED)
   pulpino_top_i/core_region_i/CORE.RISCV_CORE/id_stage_i/registers_i/mem_reg[24][6]/D
                                                             -0.35  (VIOLATED)
   pulpino_top_i/core_region_i/CORE.RISCV_CORE/cs_registers_i/PCCR_q_reg[0][30]/D
                                                             -0.35  (VIOLATED)
   pulpino_top_i/core_region_i/CORE.RISCV_CORE/id_stage_i/registers_i/mem_reg[30][22]/D
                                                             -0.35  (VIOLATED)
   pulpino_top_i/peripherals_i/apb_timer_i/TIMER_GEN[1].timer_i/cycle_counter_q_reg[30]/D
                                                             -0.35  (VIOLATED)
   pulpino_top_i/core_region_i/CORE.RISCV_CORE/id_stage_i/registers_i/mem_reg[27][17]/D
                                                             -0.35  (VIOLATED)
   pulpino_top_i/peripherals_i/apb_timer_i/TIMER_GEN[0].timer_i/regs_q_reg[0][11]/D
                                                             -0.35  (VIOLATED)
   pulpino_top_i/core_region_i/CORE.RISCV_CORE/id_stage_i/mult_operand_b_ex_o_reg[23]/D
                                                             -0.35  (VIOLATED)
   pulpino_top_i/core_region_i/CORE.RISCV_CORE/id_stage_i/registers_i/mem_reg[28][3]/D
                                                             -0.35  (VIOLATED)
   pulpino_top_i/core_region_i/CORE.RISCV_CORE/id_stage_i/mult_imm_ex_o_reg[0]/D
                                                             -0.35  (VIOLATED)
   pulpino_top_i/core_region_i/CORE.RISCV_CORE/id_stage_i/mult_dot_op_b_ex_o_reg[23]/D
                                                             -0.35  (VIOLATED)
   pulpino_top_i/core_region_i/CORE.RISCV_CORE/id_stage_i/registers_i/mem_reg[1][8]/D
                                                             -0.35  (VIOLATED)
   pulpino_top_i/core_region_i/CORE.RISCV_CORE/id_stage_i/registers_i/mem_reg[28][11]/D
                                                             -0.35  (VIOLATED)
   pulpino_top_i/core_region_i/CORE.RISCV_CORE/id_stage_i/registers_i/mem_reg[7][0]/D
                                                             -0.35  (VIOLATED)
   pulpino_top_i/core_region_i/CORE.RISCV_CORE/id_stage_i/registers_i/mem_reg[9][13]/D
                                                             -0.35  (VIOLATED)
   pulpino_top_i/peripherals_i/apb_timer_i/TIMER_GEN[1].timer_i/cycle_counter_q_reg[19]/D
                                                             -0.35  (VIOLATED)
   pulpino_top_i/core_region_i/CORE.RISCV_CORE/id_stage_i/registers_i/mem_reg[16][28]/D
                                                             -0.35  (VIOLATED)
   pulpino_top_i/core_region_i/CORE.RISCV_CORE/id_stage_i/alu_operand_c_ex_o_reg[6]/D
                                                             -0.35  (VIOLATED)
   pulpino_top_i/core_region_i/CORE.RISCV_CORE/id_stage_i/registers_i/mem_reg[6][21]/D
                                                             -0.35  (VIOLATED)
   pulpino_top_i/core_region_i/CORE.RISCV_CORE/id_stage_i/mult_imm_ex_o_reg[1]/D
                                                             -0.35  (VIOLATED)
   pulpino_top_i/core_region_i/CORE.RISCV_CORE/id_stage_i/registers_i/mem_reg[2][8]/D
                                                             -0.35  (VIOLATED)
   pulpino_top_i/core_region_i/CORE.RISCV_CORE/id_stage_i/registers_i/mem_reg[28][26]/D
                                                             -0.35  (VIOLATED)
   pulpino_top_i/core_region_i/CORE.RISCV_CORE/id_stage_i/hwloop_regs_i/hwlp_counter_q_reg[0][0]/D
                                                             -0.35  (VIOLATED)
   pulpino_top_i/core_region_i/CORE.RISCV_CORE/id_stage_i/mult_operand_c_ex_o_reg[22]/D
                                                             -0.35  (VIOLATED)
   pulpino_top_i/core_region_i/CORE.RISCV_CORE/id_stage_i/registers_i/mem_reg[3][11]/D
                                                             -0.35  (VIOLATED)
   pulpino_top_i/core_region_i/CORE.RISCV_CORE/id_stage_i/registers_i/mem_reg[4][11]/D
                                                             -0.35  (VIOLATED)
   pulpino_top_i/core_region_i/CORE.RISCV_CORE/if_stage_i/instr_rdata_id_o_reg[22]/TE
                                                             -0.35  (VIOLATED)
   pulpino_top_i/core_region_i/CORE.RISCV_CORE/id_stage_i/mult_operand_a_ex_o_reg[25]/D
                                                             -0.35  (VIOLATED)
   pulpino_top_i/core_region_i/CORE.RISCV_CORE/id_stage_i/registers_i/mem_reg[26][8]/D
                                                             -0.35  (VIOLATED)
   pulpino_top_i/core_region_i/data_mem/bank3_byte3/D[0]     -0.35  (VIOLATED)
   pulpino_top_i/core_region_i/CORE.RISCV_CORE/id_stage_i/mult_dot_op_b_ex_o_reg[27]/D
                                                             -0.35  (VIOLATED)
   pulpino_top_i/core_region_i/CORE.RISCV_CORE/if_stage_i/instr_rdata_id_o_reg[20]/TE
                                                             -0.35  (VIOLATED)
   pulpino_top_i/core_region_i/CORE.RISCV_CORE/id_stage_i/registers_i/mem_reg[12][4]/D
                                                             -0.35  (VIOLATED)
   pulpino_top_i/core_region_i/CORE.RISCV_CORE/id_stage_i/registers_i/mem_reg[28][0]/D
                                                             -0.35  (VIOLATED)
   pulpino_top_i/core_region_i/CORE.RISCV_CORE/id_stage_i/registers_i/mem_reg[18][27]/D
                                                             -0.35  (VIOLATED)
   pulpino_top_i/core_region_i/CORE.RISCV_CORE/id_stage_i/registers_i/mem_reg[9][4]/D
                                                             -0.35  (VIOLATED)
   pulpino_top_i/core_region_i/CORE.RISCV_CORE/id_stage_i/registers_i/mem_reg[11][4]/D
                                                             -0.35  (VIOLATED)
   pulpino_top_i/core_region_i/CORE.RISCV_CORE/id_stage_i/alu_operand_c_ex_o_reg[22]/D
                                                             -0.35  (VIOLATED)
   pulpino_top_i/core_region_i/instr_mem/sp_ram_wrap_i/bank1_byte1/D[2]
                                                             -0.35  (VIOLATED)
   pulpino_top_i/core_region_i/CORE.RISCV_CORE/id_stage_i/registers_i/mem_reg[29][12]/D
                                                             -0.35  (VIOLATED)
   pulpino_top_i/core_region_i/CORE.RISCV_CORE/id_stage_i/registers_i/mem_reg[17][29]/D
                                                             -0.35  (VIOLATED)
   pulpino_top_i/core_region_i/CORE.RISCV_CORE/id_stage_i/registers_i/mem_reg[26][0]/D
                                                             -0.35  (VIOLATED)
   pulpino_top_i/peripherals_i/axi2apb_i/genblk1.axi2apb_i/RDATA_Q_reg[13]/D
                                                             -0.35  (VIOLATED)
   pulpino_top_i/core_region_i/CORE.RISCV_CORE/id_stage_i/registers_i/mem_reg[5][11]/D
                                                             -0.35  (VIOLATED)
   pulpino_top_i/core_region_i/CORE.RISCV_CORE/id_stage_i/registers_i/mem_reg[17][26]/D
                                                             -0.35  (VIOLATED)
   pulpino_top_i/core_region_i/CORE.RISCV_CORE/id_stage_i/registers_i/mem_reg[26][22]/D
                                                             -0.35  (VIOLATED)
   pulpino_top_i/core_region_i/CORE.RISCV_CORE/id_stage_i/registers_i/mem_reg[16][8]/D
                                                             -0.35  (VIOLATED)
   pulpino_top_i/core_region_i/CORE.RISCV_CORE/id_stage_i/registers_i/mem_reg[21][26]/D
                                                             -0.35  (VIOLATED)
   pulpino_top_i/core_region_i/instr_mem/sp_ram_wrap_i/bank0_byte2/CSN
                                                             -0.35  (VIOLATED)
   pulpino_top_i/core_region_i/CORE.RISCV_CORE/id_stage_i/registers_i/mem_reg[27][11]/D
                                                             -0.35  (VIOLATED)
   pulpino_top_i/core_region_i/CORE.RISCV_CORE/if_stage_i/instr_rdata_id_o_reg[21]/TE
                                                             -0.35  (VIOLATED)
   pulpino_top_i/core_region_i/instr_mem/sp_ram_wrap_i/bank3_byte2/D[7]
                                                             -0.35  (VIOLATED)
   pulpino_top_i/core_region_i/CORE.RISCV_CORE/id_stage_i/registers_i/mem_reg[6][2]/D
                                                             -0.35  (VIOLATED)
   pulpino_top_i/core_region_i/CORE.RISCV_CORE/id_stage_i/alu_operand_b_ex_o_reg[1]/TI
                                                             -0.35  (VIOLATED)
   pulpino_top_i/core_region_i/CORE.RISCV_CORE/id_stage_i/registers_i/mem_reg[28][8]/D
                                                             -0.35  (VIOLATED)
   pulpino_top_i/axi_interconnect_i/axi_node_i/_RESP_BLOCK_GEN[0].RESP_BLOCK/BR_ALLOC/outstanding_counter_reg[7]/D
                                                             -0.35  (VIOLATED)
   pulpino_top_i/core_region_i/CORE.RISCV_CORE/id_stage_i/registers_i/mem_reg[4][26]/D
                                                             -0.35  (VIOLATED)
   pulpino_top_i/core_region_i/CORE.RISCV_CORE/id_stage_i/registers_i/mem_reg[2][19]/D
                                                             -0.35  (VIOLATED)
   pulpino_top_i/core_region_i/CORE.RISCV_CORE/id_stage_i/registers_i/mem_reg[21][6]/D
                                                             -0.35  (VIOLATED)
   pulpino_top_i/core_region_i/CORE.RISCV_CORE/id_stage_i/hwloop_regs_i/hwlp_counter_q_reg[0][19]/D
                                                             -0.35  (VIOLATED)
   pulpino_top_i/core_region_i/CORE.RISCV_CORE/id_stage_i/registers_i/mem_reg[25][16]/D
                                                             -0.35  (VIOLATED)
   pulpino_top_i/core_region_i/CORE.RISCV_CORE/id_stage_i/registers_i/mem_reg[1][16]/D
                                                             -0.35  (VIOLATED)
   pulpino_top_i/core_region_i/CORE.RISCV_CORE/id_stage_i/alu_operand_a_ex_o_reg[25]/D
                                                             -0.35  (VIOLATED)
   pulpino_top_i/core_region_i/CORE.RISCV_CORE/id_stage_i/hwloop_regs_i/hwlp_counter_q_reg[0][8]/D
                                                             -0.35  (VIOLATED)
   pulpino_top_i/core_region_i/data_mem/bank0_byte1/D[1]     -0.35  (VIOLATED)
   pulpino_top_i/core_region_i/instr_mem/sp_ram_wrap_i/bank3_byte3/D[0]
                                                             -0.35  (VIOLATED)
   pulpino_top_i/core_region_i/CORE.RISCV_CORE/id_stage_i/registers_i/mem_reg[26][5]/D
                                                             -0.35  (VIOLATED)
   pulpino_top_i/core_region_i/CORE.RISCV_CORE/id_stage_i/registers_i/mem_reg[21][9]/D
                                                             -0.35  (VIOLATED)
   pulpino_top_i/peripherals_i/apb_timer_i/TIMER_GEN[0].timer_i/regs_q_reg[0][7]/D
                                                             -0.35  (VIOLATED)
   pulpino_top_i/core_region_i/CORE.RISCV_CORE/id_stage_i/registers_i/mem_reg[28][6]/D
                                                             -0.35  (VIOLATED)
   pulpino_top_i/peripherals_i/axi_spi_slave_i/axi_spi_slave_i/u_axiplug/curr_addr_reg[31]/D
                                                             -0.35  (VIOLATED)
   pulpino_top_i/core_region_i/CORE.RISCV_CORE/id_stage_i/registers_i/mem_reg[8][2]/D
                                                             -0.35  (VIOLATED)
   pulpino_top_i/core_region_i/CORE.RISCV_CORE/id_stage_i/registers_i/mem_reg[3][8]/D
                                                             -0.35  (VIOLATED)
   pulpino_top_i/core_region_i/CORE.RISCV_CORE/id_stage_i/registers_i/mem_reg[3][19]/D
                                                             -0.35  (VIOLATED)
   pulpino_top_i/core_region_i/CORE.RISCV_CORE/id_stage_i/registers_i/mem_reg[29][6]/D
                                                             -0.35  (VIOLATED)
   pulpino_top_i/core_region_i/CORE.RISCV_CORE/id_stage_i/registers_i/mem_reg[27][5]/D
                                                             -0.35  (VIOLATED)
   pulpino_top_i/core_region_i/CORE.RISCV_CORE/id_stage_i/registers_i/mem_reg[26][11]/D
                                                             -0.35  (VIOLATED)
   pulpino_top_i/core_region_i/CORE.RISCV_CORE/id_stage_i/mult_operand_c_ex_o_reg[9]/D
                                                             -0.35  (VIOLATED)
   pulpino_top_i/core_region_i/CORE.RISCV_CORE/id_stage_i/registers_i/mem_reg[3][27]/D
                                                             -0.35  (VIOLATED)
   pulpino_top_i/core_region_i/CORE.RISCV_CORE/id_stage_i/registers_i/mem_reg[21][24]/D
                                                             -0.35  (VIOLATED)
   pulpino_top_i/peripherals_i/apb_timer_i/TIMER_GEN[1].timer_i/cycle_counter_q_reg[29]/D
                                                             -0.35  (VIOLATED)
   pulpino_top_i/core_region_i/CORE.RISCV_CORE/id_stage_i/registers_i/mem_reg[1][26]/D
                                                             -0.35  (VIOLATED)
   pulpino_top_i/core_region_i/CORE.RISCV_CORE/id_stage_i/registers_i/mem_reg[31][6]/D
                                                             -0.35  (VIOLATED)
   pulpino_top_i/core_region_i/CORE.RISCV_CORE/id_stage_i/mult_dot_op_b_ex_o_reg[12]/D
                                                             -0.35  (VIOLATED)
   pulpino_top_i/core_region_i/instr_mem_axi_if/axi_mem_if_SP_i/Slave_r_buffer_LP/buffer_i/FIFO_REGISTERS_reg[1][8]/D
                                                             -0.35  (VIOLATED)
   pulpino_top_i/peripherals_i/apb_timer_i/TIMER_GEN[1].timer_i/regs_q_reg[0][31]/D
                                                             -0.35  (VIOLATED)
   pulpino_top_i/core_region_i/CORE.RISCV_CORE/id_stage_i/registers_i/mem_reg[2][11]/D
                                                             -0.35  (VIOLATED)
   pulpino_top_i/peripherals_i/apb_gpio_i/r_status_reg[17]/D
                                                             -0.35  (VIOLATED)
   pulpino_top_i/core_region_i/instr_mem_axi_if/axi_mem_if_SP_i/Slave_r_buffer_LP/buffer_i/FIFO_REGISTERS_reg[2][8]/D
                                                             -0.35  (VIOLATED)
   pulpino_top_i/core_region_i/instr_mem_axi_if/axi_mem_if_SP_i/Slave_r_buffer_LP/buffer_i/FIFO_REGISTERS_reg[3][8]/D
                                                             -0.35  (VIOLATED)
   pulpino_top_i/core_region_i/instr_mem_axi_if/axi_mem_if_SP_i/Slave_r_buffer_LP/buffer_i/FIFO_REGISTERS_reg[0][8]/D
                                                             -0.35  (VIOLATED)
   pulpino_top_i/core_region_i/CORE.RISCV_CORE/id_stage_i/registers_i/mem_reg[15][8]/D
                                                             -0.35  (VIOLATED)
   pulpino_top_i/core_region_i/CORE.RISCV_CORE/id_stage_i/mult_dot_op_c_ex_o_reg[9]/D
                                                             -0.34  (VIOLATED)
   pulpino_top_i/core_region_i/CORE.RISCV_CORE/id_stage_i/registers_i/mem_reg[24][16]/D
                                                             -0.34  (VIOLATED)
   pulpino_top_i/axi_interconnect_i/axi_node_i/_RESP_BLOCK_GEN[0].RESP_BLOCK/BR_ALLOC/outstanding_counter_reg[1]/D
                                                             -0.34  (VIOLATED)
   pulpino_top_i/core_region_i/CORE.RISCV_CORE/id_stage_i/hwloop_regs_i/hwlp_counter_q_reg[1][8]/D
                                                             -0.34  (VIOLATED)
   pulpino_top_i/core_region_i/CORE.RISCV_CORE/id_stage_i/registers_i/mem_reg[8][4]/D
                                                             -0.34  (VIOLATED)
   pulpino_top_i/core_region_i/CORE.RISCV_CORE/id_stage_i/registers_i/mem_reg[17][25]/D
                                                             -0.34  (VIOLATED)
   pulpino_top_i/core_region_i/data_mem/bank3_byte3/D[7]     -0.34  (VIOLATED)
   pulpino_top_i/core_region_i/instr_mem/sp_ram_wrap_i/bank3_byte2/D[0]
                                                             -0.34  (VIOLATED)
   pulpino_top_i/core_region_i/CORE.RISCV_CORE/id_stage_i/registers_i/mem_reg[14][3]/D
                                                             -0.34  (VIOLATED)
   pulpino_top_i/core_region_i/CORE.RISCV_CORE/id_stage_i/registers_i/mem_reg[30][28]/D
                                                             -0.34  (VIOLATED)
   pulpino_top_i/core_region_i/CORE.RISCV_CORE/id_stage_i/registers_i/mem_reg[26][4]/D
                                                             -0.34  (VIOLATED)
   pulpino_top_i/core_region_i/instr_mem/sp_ram_wrap_i/bank3_byte2/D[5]
                                                             -0.34  (VIOLATED)
   pulpino_top_i/core_region_i/CORE.RISCV_CORE/id_stage_i/registers_i/mem_reg[6][12]/D
                                                             -0.34  (VIOLATED)
   pulpino_top_i/core_region_i/CORE.RISCV_CORE/id_stage_i/mult_dot_op_a_ex_o_reg[7]/D
                                                             -0.34  (VIOLATED)
   pulpino_top_i/core_region_i/CORE.RISCV_CORE/id_stage_i/registers_i/mem_reg[5][26]/D
                                                             -0.34  (VIOLATED)
   pulpino_top_i/core_region_i/CORE.RISCV_CORE/id_stage_i/registers_i/mem_reg[18][29]/D
                                                             -0.34  (VIOLATED)
   pulpino_top_i/core_region_i/CORE.RISCV_CORE/id_stage_i/mult_dot_op_c_ex_o_reg[7]/D
                                                             -0.34  (VIOLATED)
   pulpino_top_i/core_region_i/CORE.RISCV_CORE/id_stage_i/registers_i/mem_reg[22][19]/D
                                                             -0.34  (VIOLATED)
   pulpino_top_i/core_region_i/CORE.RISCV_CORE/ex_stage_i/alu_i/int_div.div_i/AReg_DP_reg[25]/D
                                                             -0.34  (VIOLATED)
   pulpino_top_i/core_region_i/CORE.RISCV_CORE/id_stage_i/registers_i/mem_reg[3][28]/D
                                                             -0.34  (VIOLATED)
   pulpino_top_i/core_region_i/CORE.RISCV_CORE/id_stage_i/mult_operand_b_ex_o_reg[27]/D
                                                             -0.34  (VIOLATED)
   pulpino_top_i/core_region_i/CORE.RISCV_CORE/id_stage_i/registers_i/mem_reg[21][28]/D
                                                             -0.34  (VIOLATED)
   pulpino_top_i/core_region_i/CORE.RISCV_CORE/id_stage_i/registers_i/mem_reg[24][8]/D
                                                             -0.34  (VIOLATED)
   pulpino_top_i/core_region_i/CORE.RISCV_CORE/id_stage_i/registers_i/mem_reg[24][22]/D
                                                             -0.34  (VIOLATED)
   pulpino_top_i/core_region_i/CORE.RISCV_CORE/id_stage_i/registers_i/mem_reg[24][11]/D
                                                             -0.34  (VIOLATED)
   pulpino_top_i/core_region_i/CORE.RISCV_CORE/id_stage_i/registers_i/mem_reg[6][3]/D
                                                             -0.34  (VIOLATED)
   pulpino_top_i/core_region_i/CORE.RISCV_CORE/id_stage_i/registers_i/mem_reg[8][7]/D
                                                             -0.34  (VIOLATED)
   pulpino_top_i/core_region_i/instr_mem/sp_ram_wrap_i/bank0_byte3/CSN
                                                             -0.34  (VIOLATED)
   pulpino_top_i/core_region_i/CORE.RISCV_CORE/id_stage_i/registers_i/mem_reg[4][8]/D
                                                             -0.34  (VIOLATED)
   pulpino_top_i/core_region_i/CORE.RISCV_CORE/id_stage_i/mult_dot_op_c_ex_o_reg[25]/D
                                                             -0.34  (VIOLATED)
   pulpino_top_i/core_region_i/CORE.RISCV_CORE/id_stage_i/mult_operand_b_ex_o_reg[12]/D
                                                             -0.34  (VIOLATED)
   pulpino_top_i/core_region_i/CORE.RISCV_CORE/id_stage_i/registers_i/mem_reg[21][23]/D
                                                             -0.34  (VIOLATED)
   pulpino_top_i/core_region_i/instr_mem/sp_ram_wrap_i/bank0_byte3/A[8]
                                                             -0.34  (VIOLATED)
   pulpino_top_i/core_region_i/CORE.RISCV_CORE/id_stage_i/registers_i/mem_reg[1][10]/D
                                                             -0.34  (VIOLATED)
   pulpino_top_i/core_region_i/CORE.RISCV_CORE/id_stage_i/registers_i/mem_reg[19][29]/D
                                                             -0.34  (VIOLATED)
   pulpino_top_i/core_region_i/CORE.RISCV_CORE/id_stage_i/registers_i/mem_reg[5][7]/D
                                                             -0.34  (VIOLATED)
   pulpino_top_i/peripherals_i/apb_timer_i/TIMER_GEN[0].timer_i/regs_q_reg[0][10]/D
                                                             -0.34  (VIOLATED)
   pulpino_top_i/axi_interconnect_i/axi_node_i/_RESP_BLOCK_GEN[2].RESP_BLOCK/BW_ALLOC/outstanding_counter_reg[7]/D
                                                             -0.34  (VIOLATED)
   pulpino_top_i/core_region_i/CORE.RISCV_CORE/id_stage_i/registers_i/mem_reg[3][23]/D
                                                             -0.34  (VIOLATED)
   pulpino_top_i/core_region_i/CORE.RISCV_CORE/id_stage_i/registers_i/mem_reg[3][1]/D
                                                             -0.34  (VIOLATED)
   pulpino_top_i/core_region_i/CORE.RISCV_CORE/id_stage_i/registers_i/mem_reg[2][23]/D
                                                             -0.34  (VIOLATED)
   pulpino_top_i/core_region_i/CORE.RISCV_CORE/id_stage_i/registers_i/mem_reg[22][24]/D
                                                             -0.34  (VIOLATED)
   pulpino_top_i/core_region_i/CORE.RISCV_CORE/if_stage_i/pc_id_o_reg[2]/TE
                                                             -0.34  (VIOLATED)
   pulpino_top_i/core_region_i/CORE.RISCV_CORE/id_stage_i/mult_dot_op_a_ex_o_reg[22]/D
                                                             -0.34  (VIOLATED)
   pulpino_top_i/core_region_i/CORE.RISCV_CORE/id_stage_i/registers_i/mem_reg[18][24]/D
                                                             -0.34  (VIOLATED)
   pulpino_top_i/core_region_i/CORE.RISCV_CORE/id_stage_i/registers_i/mem_reg[6][26]/D
                                                             -0.34  (VIOLATED)
   pulpino_top_i/core_region_i/CORE.RISCV_CORE/id_stage_i/registers_i/mem_reg[12][2]/D
                                                             -0.34  (VIOLATED)
   pulpino_top_i/core_region_i/CORE.RISCV_CORE/id_stage_i/registers_i/mem_reg[24][12]/D
                                                             -0.34  (VIOLATED)
   pulpino_top_i/core_region_i/CORE.RISCV_CORE/id_stage_i/alu_operand_a_ex_o_reg[5]/D
                                                             -0.34  (VIOLATED)
   pulpino_top_i/core_region_i/CORE.RISCV_CORE/id_stage_i/registers_i/mem_reg[17][10]/D
                                                             -0.34  (VIOLATED)
   pulpino_top_i/core_region_i/CORE.RISCV_CORE/if_stage_i/prefetch_32.prefetch_buffer_i/hwlp_CS_reg[1]/D
                                                             -0.34  (VIOLATED)
   pulpino_top_i/core_region_i/CORE.RISCV_CORE/id_stage_i/registers_i/mem_reg[6][0]/D
                                                             -0.34  (VIOLATED)
   pulpino_top_i/core_region_i/CORE.RISCV_CORE/id_stage_i/registers_i/mem_reg[13][0]/D
                                                             -0.34  (VIOLATED)
   pulpino_top_i/core_region_i/CORE.RISCV_CORE/id_stage_i/registers_i/mem_reg[9][0]/D
                                                             -0.34  (VIOLATED)
   pulpino_top_i/core_region_i/CORE.RISCV_CORE/id_stage_i/registers_i/mem_reg[10][0]/D
                                                             -0.34  (VIOLATED)
   pulpino_top_i/core_region_i/CORE.RISCV_CORE/id_stage_i/registers_i/mem_reg[6][28]/D
                                                             -0.34  (VIOLATED)
   pulpino_top_i/core_region_i/CORE.RISCV_CORE/id_stage_i/alu_operand_a_ex_o_reg[6]/D
                                                             -0.34  (VIOLATED)
   pulpino_top_i/core_region_i/CORE.RISCV_CORE/id_stage_i/registers_i/mem_reg[23][9]/D
                                                             -0.34  (VIOLATED)
   pulpino_top_i/core_region_i/CORE.RISCV_CORE/id_stage_i/mult_dot_op_a_ex_o_reg[1]/D
                                                             -0.34  (VIOLATED)
   pulpino_top_i/core_region_i/CORE.RISCV_CORE/id_stage_i/registers_i/mem_reg[23][29]/D
                                                             -0.34  (VIOLATED)
   pulpino_top_i/core_region_i/CORE.RISCV_CORE/id_stage_i/bmask_b_ex_o_reg[2]/D
                                                             -0.34  (VIOLATED)
   pulpino_top_i/peripherals_i/axi2apb_i/genblk1.axi2apb_i/RDATA_Q_reg[28]/D
                                                             -0.34  (VIOLATED)
   pulpino_top_i/core_region_i/CORE.RISCV_CORE/id_stage_i/registers_i/mem_reg[11][19]/D
                                                             -0.34  (VIOLATED)
   pulpino_top_i/core_region_i/CORE.RISCV_CORE/id_stage_i/registers_i/mem_reg[30][12]/D
                                                             -0.34  (VIOLATED)
   pulpino_top_i/core_region_i/CORE.RISCV_CORE/id_stage_i/hwloop_regs_i/hwlp_counter_q_reg[0][6]/D
                                                             -0.34  (VIOLATED)
   pulpino_top_i/core_region_i/CORE.RISCV_CORE/id_stage_i/registers_i/mem_reg[14][1]/D
                                                             -0.34  (VIOLATED)
   pulpino_top_i/core_region_i/instr_mem/sp_ram_wrap_i/bank2_byte2/A[1]
                                                             -0.34  (VIOLATED)
   pulpino_top_i/core_region_i/instr_mem/sp_ram_wrap_i/bank2_byte2/A[10]
                                                             -0.34  (VIOLATED)
   pulpino_top_i/core_region_i/CORE.RISCV_CORE/id_stage_i/mult_operand_a_ex_o_reg[7]/D
                                                             -0.34  (VIOLATED)
   pulpino_top_i/core_region_i/CORE.RISCV_CORE/id_stage_i/registers_i/mem_reg[25][11]/D
                                                             -0.34  (VIOLATED)
   pulpino_top_i/core_region_i/CORE.RISCV_CORE/id_stage_i/registers_i/mem_reg[11][0]/D
                                                             -0.34  (VIOLATED)
   pulpino_top_i/core_region_i/CORE.RISCV_CORE/id_stage_i/mult_operand_c_ex_o_reg[7]/D
                                                             -0.34  (VIOLATED)
   pulpino_top_i/peripherals_i/apb_timer_i/TIMER_GEN[1].timer_i/cycle_counter_q_reg[3]/D
                                                             -0.34  (VIOLATED)
   pulpino_top_i/core_region_i/CORE.RISCV_CORE/id_stage_i/registers_i/mem_reg[20][29]/D
                                                             -0.34  (VIOLATED)
   pulpino_top_i/core_region_i/CORE.RISCV_CORE/id_stage_i/bmask_b_ex_o_reg[4]/D
                                                             -0.34  (VIOLATED)
   pulpino_top_i/peripherals_i/apb_timer_i/TIMER_GEN[1].timer_i/regs_q_reg[0][28]/D
                                                             -0.34  (VIOLATED)
   pulpino_top_i/core_region_i/CORE.RISCV_CORE/id_stage_i/registers_i/mem_reg[23][15]/D
                                                             -0.34  (VIOLATED)
   pulpino_top_i/core_region_i/CORE.RISCV_CORE/id_stage_i/mult_operand_c_ex_o_reg[25]/D
                                                             -0.34  (VIOLATED)
   pulpino_top_i/core_region_i/CORE.RISCV_CORE/id_stage_i/registers_i/mem_reg[6][18]/D
                                                             -0.34  (VIOLATED)
   pulpino_top_i/core_region_i/CORE.RISCV_CORE/if_stage_i/instr_valid_id_o_reg/TE
                                                             -0.34  (VIOLATED)
   pulpino_top_i/core_region_i/CORE.RISCV_CORE/id_stage_i/hwloop_regs_i/hwlp_counter_q_reg[1][19]/D
                                                             -0.34  (VIOLATED)
   pulpino_top_i/core_region_i/CORE.RISCV_CORE/id_stage_i/alu_operand_a_ex_o_reg[1]/D
                                                             -0.34  (VIOLATED)
   pulpino_top_i/core_region_i/CORE.RISCV_CORE/id_stage_i/registers_i/mem_reg[30][10]/D
                                                             -0.34  (VIOLATED)
   pulpino_top_i/core_region_i/CORE.RISCV_CORE/id_stage_i/registers_i/mem_reg[6][4]/D
                                                             -0.34  (VIOLATED)
   pulpino_top_i/core_region_i/CORE.RISCV_CORE/id_stage_i/registers_i/mem_reg[8][26]/D
                                                             -0.34  (VIOLATED)
   pulpino_top_i/core_region_i/CORE.RISCV_CORE/id_stage_i/registers_i/mem_reg[10][4]/D
                                                             -0.34  (VIOLATED)
   pulpino_top_i/core_region_i/CORE.RISCV_CORE/id_stage_i/registers_i/mem_reg[14][10]/D
                                                             -0.34  (VIOLATED)
   pulpino_top_i/core_region_i/CORE.RISCV_CORE/id_stage_i/registers_i/mem_reg[28][16]/D
                                                             -0.34  (VIOLATED)
   pulpino_top_i/core_region_i/data_mem/bank3_byte1/CSN      -0.34  (VIOLATED)
   pulpino_top_i/core_region_i/instr_mem/sp_ram_wrap_i/bank2_byte3/A[0]
                                                             -0.34  (VIOLATED)
   pulpino_top_i/core_region_i/CORE.RISCV_CORE/id_stage_i/mult_dot_op_b_ex_o_reg[1]/D
                                                             -0.34  (VIOLATED)
   pulpino_top_i/core_region_i/CORE.RISCV_CORE/id_stage_i/mult_operand_b_ex_o_reg[1]/D
                                                             -0.34  (VIOLATED)
   pulpino_top_i/core_region_i/CORE.RISCV_CORE/id_stage_i/mult_dot_op_a_ex_o_reg[12]/D
                                                             -0.34  (VIOLATED)
   pulpino_top_i/core_region_i/CORE.RISCV_CORE/id_stage_i/registers_i/mem_reg[4][12]/D
                                                             -0.34  (VIOLATED)
   pulpino_top_i/core_region_i/CORE.RISCV_CORE/id_stage_i/registers_i/mem_reg[31][12]/D
                                                             -0.34  (VIOLATED)
   pulpino_top_i/core_region_i/instr_mem/sp_ram_wrap_i/bank3_byte2/D[6]
                                                             -0.34  (VIOLATED)
   pulpino_top_i/core_region_i/CORE.RISCV_CORE/id_stage_i/mult_operand_a_ex_o_reg[22]/D
                                                             -0.34  (VIOLATED)
   pulpino_top_i/core_region_i/CORE.RISCV_CORE/id_stage_i/registers_i/mem_reg[25][6]/D
                                                             -0.34  (VIOLATED)
   pulpino_top_i/core_region_i/CORE.RISCV_CORE/id_stage_i/mult_operand_b_ex_o_reg[25]/D
                                                             -0.34  (VIOLATED)
   pulpino_top_i/core_region_i/CORE.RISCV_CORE/id_stage_i/registers_i/mem_reg[12][0]/D
                                                             -0.34  (VIOLATED)
   pulpino_top_i/core_region_i/CORE.RISCV_CORE/id_stage_i/alu_operand_c_ex_o_reg[25]/D
                                                             -0.34  (VIOLATED)
   pulpino_top_i/core_region_i/CORE.RISCV_CORE/id_stage_i/registers_i/mem_reg[21][13]/D
                                                             -0.34  (VIOLATED)
   pulpino_top_i/core_region_i/CORE.RISCV_CORE/id_stage_i/registers_i/mem_reg[26][3]/D
                                                             -0.34  (VIOLATED)
   pulpino_top_i/core_region_i/CORE.RISCV_CORE/id_stage_i/registers_i/mem_reg[29][11]/D
                                                             -0.34  (VIOLATED)
   pulpino_top_i/core_region_i/CORE.RISCV_CORE/id_stage_i/registers_i/mem_reg[5][5]/D
                                                             -0.34  (VIOLATED)
   pulpino_top_i/peripherals_i/axi2apb_i/genblk1.axi2apb_i/RDATA_Q_reg[23]/D
                                                             -0.34  (VIOLATED)
   pulpino_top_i/core_region_i/CORE.RISCV_CORE/id_stage_i/mult_operand_a_ex_o_reg[1]/D
                                                             -0.34  (VIOLATED)
   pulpino_top_i/core_region_i/CORE.RISCV_CORE/id_stage_i/registers_i/mem_reg[12][19]/D
                                                             -0.34  (VIOLATED)
   pulpino_top_i/core_region_i/CORE.RISCV_CORE/id_stage_i/alu_operand_a_ex_o_reg[22]/D
                                                             -0.34  (VIOLATED)
   pulpino_top_i/core_region_i/CORE.RISCV_CORE/id_stage_i/registers_i/mem_reg[15][26]/D
                                                             -0.34  (VIOLATED)
   pulpino_top_i/core_region_i/CORE.RISCV_CORE/id_stage_i/registers_i/mem_reg[16][24]/D
                                                             -0.34  (VIOLATED)
   pulpino_top_i/core_region_i/CORE.RISCV_CORE/id_stage_i/registers_i/mem_reg[1][13]/D
                                                             -0.34  (VIOLATED)
   pulpino_top_i/core_region_i/CORE.RISCV_CORE/id_stage_i/registers_i/mem_reg[13][19]/D
                                                             -0.34  (VIOLATED)
   pulpino_top_i/core_region_i/CORE.RISCV_CORE/id_stage_i/registers_i/mem_reg[21][19]/D
                                                             -0.34  (VIOLATED)
   pulpino_top_i/core_region_i/CORE.RISCV_CORE/id_stage_i/mult_dot_op_c_ex_o_reg[13]/D
                                                             -0.34  (VIOLATED)
   pulpino_top_i/core_region_i/CORE.RISCV_CORE/id_stage_i/registers_i/mem_reg[19][19]/D
                                                             -0.34  (VIOLATED)
   pulpino_top_i/core_region_i/CORE.RISCV_CORE/id_stage_i/registers_i/mem_reg[22][29]/D
                                                             -0.34  (VIOLATED)
   pulpino_top_i/core_region_i/CORE.RISCV_CORE/id_stage_i/registers_i/mem_reg[18][19]/D
                                                             -0.34  (VIOLATED)
   pulpino_top_i/core_region_i/instr_mem/sp_ram_wrap_i/bank2_byte1/D[4]
                                                             -0.34  (VIOLATED)
   pulpino_top_i/core_region_i/CORE.RISCV_CORE/id_stage_i/bmask_b_ex_o_reg[3]/D
                                                             -0.34  (VIOLATED)
   pulpino_top_i/core_region_i/CORE.RISCV_CORE/id_stage_i/mult_dot_op_b_ex_o_reg[25]/D
                                                             -0.34  (VIOLATED)
   pulpino_top_i/core_region_i/CORE.RISCV_CORE/id_stage_i/registers_i/mem_reg[9][10]/D
                                                             -0.34  (VIOLATED)
   pulpino_top_i/core_region_i/CORE.RISCV_CORE/id_stage_i/registers_i/mem_reg[28][14]/D
                                                             -0.34  (VIOLATED)
   pulpino_top_i/axi_interconnect_i/axi_node_i/_RESP_BLOCK_GEN[1].RESP_BLOCK/BW_ALLOC/outstanding_counter_reg[0]/D
                                                             -0.34  (VIOLATED)
   pulpino_top_i/core_region_i/CORE.RISCV_CORE/id_stage_i/alu_operand_b_ex_o_reg[2]/TI
                                                             -0.34  (VIOLATED)
   pulpino_top_i/core_region_i/CORE.RISCV_CORE/id_stage_i/registers_i/mem_reg[7][19]/D
                                                             -0.34  (VIOLATED)
   pulpino_top_i/peripherals_i/apb_timer_i/TIMER_GEN[0].timer_i/regs_q_reg[0][5]/D
                                                             -0.34  (VIOLATED)
   pulpino_top_i/core_region_i/CORE.RISCV_CORE/id_stage_i/registers_i/mem_reg[15][4]/D
                                                             -0.34  (VIOLATED)
   pulpino_top_i/core_region_i/CORE.RISCV_CORE/id_stage_i/mult_operand_a_ex_o_reg[12]/D
                                                             -0.34  (VIOLATED)
   pulpino_top_i/core_region_i/CORE.RISCV_CORE/id_stage_i/registers_i/mem_reg[2][5]/D
                                                             -0.34  (VIOLATED)
   pulpino_top_i/axi_interconnect_i/axi_node_i/_RESP_BLOCK_GEN[0].RESP_BLOCK/BR_ALLOC/outstanding_counter_reg[6]/D
                                                             -0.34  (VIOLATED)
   pulpino_top_i/core_region_i/CORE.RISCV_CORE/id_stage_i/registers_i/mem_reg[5][8]/D
                                                             -0.34  (VIOLATED)
   pulpino_top_i/core_region_i/CORE.RISCV_CORE/id_stage_i/registers_i/mem_reg[6][5]/D
                                                             -0.34  (VIOLATED)
   pulpino_top_i/core_region_i/CORE.RISCV_CORE/id_stage_i/registers_i/mem_reg[14][23]/D
                                                             -0.34  (VIOLATED)
   pulpino_top_i/core_region_i/CORE.RISCV_CORE/id_stage_i/registers_i/mem_reg[21][2]/D
                                                             -0.34  (VIOLATED)
   pulpino_top_i/peripherals_i/apb_gpio_i/r_status_reg[4]/D
                                                             -0.34  (VIOLATED)
   pulpino_top_i/core_region_i/CORE.RISCV_CORE/id_stage_i/registers_i/mem_reg[23][13]/D
                                                             -0.34  (VIOLATED)
   pulpino_top_i/core_region_i/CORE.RISCV_CORE/id_stage_i/registers_i/mem_reg[14][4]/D
                                                             -0.34  (VIOLATED)
   pulpino_top_i/core_region_i/CORE.RISCV_CORE/id_stage_i/registers_i/mem_reg[23][2]/D
                                                             -0.34  (VIOLATED)
   pulpino_top_i/core_region_i/CORE.RISCV_CORE/id_stage_i/alu_operand_b_ex_o_reg[0]/TI
                                                             -0.34  (VIOLATED)
   pulpino_top_i/core_region_i/CORE.RISCV_CORE/id_stage_i/registers_i/mem_reg[23][17]/D
                                                             -0.34  (VIOLATED)
   pulpino_top_i/core_region_i/CORE.RISCV_CORE/id_stage_i/controller_i/ctrl_fsm_cs_reg[0]/D
                                                             -0.34  (VIOLATED)
   pulpino_top_i/core_region_i/CORE.RISCV_CORE/id_stage_i/mult_dot_op_c_ex_o_reg[12]/D
                                                             -0.34  (VIOLATED)
   pulpino_top_i/core_region_i/data_mem/bank3_byte0/D[7]     -0.34  (VIOLATED)
   pulpino_top_i/core_region_i/CORE.RISCV_CORE/id_stage_i/registers_i/mem_reg[31][2]/D
                                                             -0.34  (VIOLATED)
   pulpino_top_i/core_region_i/CORE.RISCV_CORE/id_stage_i/registers_i/mem_reg[20][13]/D
                                                             -0.34  (VIOLATED)
   pulpino_top_i/core_region_i/CORE.RISCV_CORE/id_stage_i/registers_i/mem_reg[28][12]/D
                                                             -0.34  (VIOLATED)
   pulpino_top_i/core_region_i/CORE.RISCV_CORE/id_stage_i/registers_i/mem_reg[17][6]/D
                                                             -0.34  (VIOLATED)
   pulpino_top_i/core_region_i/CORE.RISCV_CORE/id_stage_i/mult_dot_op_b_ex_o_reg[28]/D
                                                             -0.34  (VIOLATED)
   pulpino_top_i/core_region_i/CORE.RISCV_CORE/id_stage_i/registers_i/mem_reg[16][13]/D
                                                             -0.34  (VIOLATED)
   pulpino_top_i/core_region_i/CORE.RISCV_CORE/id_stage_i/mult_operand_b_ex_o_reg[18]/D
                                                             -0.34  (VIOLATED)
   pulpino_top_i/core_region_i/CORE.RISCV_CORE/id_stage_i/mult_dot_op_b_ex_o_reg[8]/D
                                                             -0.34  (VIOLATED)
   pulpino_top_i/core_region_i/CORE.RISCV_CORE/id_stage_i/registers_i/mem_reg[18][13]/D
                                                             -0.34  (VIOLATED)
   pulpino_top_i/core_region_i/CORE.RISCV_CORE/id_stage_i/registers_i/mem_reg[24][7]/D
                                                             -0.34  (VIOLATED)
   pulpino_top_i/core_region_i/CORE.RISCV_CORE/id_stage_i/registers_i/mem_reg[16][19]/D
                                                             -0.34  (VIOLATED)
   pulpino_top_i/core_region_i/CORE.RISCV_CORE/id_stage_i/alu_vec_mode_ex_o_reg[1]/TE
                                                             -0.34  (VIOLATED)
   pulpino_top_i/core_region_i/CORE.RISCV_CORE/id_stage_i/mult_operand_c_ex_o_reg[12]/D
                                                             -0.34  (VIOLATED)
   pulpino_top_i/core_region_i/CORE.RISCV_CORE/id_stage_i/mult_operand_c_ex_o_reg[13]/D
                                                             -0.34  (VIOLATED)
   pulpino_top_i/core_region_i/instr_mem/sp_ram_wrap_i/bank3_byte0/CSN
                                                             -0.34  (VIOLATED)
   pulpino_top_i/core_region_i/CORE.RISCV_CORE/id_stage_i/registers_i/mem_reg[2][2]/D
                                                             -0.34  (VIOLATED)
   pulpino_top_i/core_region_i/data_mem/bank2_byte0/D[6]     -0.34  (VIOLATED)
   pulpino_top_i/core_region_i/CORE.RISCV_CORE/id_stage_i/registers_i/mem_reg[31][7]/D
                                                             -0.34  (VIOLATED)
   pulpino_top_i/core_region_i/CORE.RISCV_CORE/id_stage_i/registers_i/mem_reg[11][13]/D
                                                             -0.34  (VIOLATED)
   pulpino_top_i/core_region_i/CORE.RISCV_CORE/id_stage_i/registers_i/mem_reg[11][7]/D
                                                             -0.34  (VIOLATED)
   pulpino_top_i/core_region_i/CORE.RISCV_CORE/id_stage_i/registers_i/mem_reg[28][7]/D
                                                             -0.34  (VIOLATED)
   pulpino_top_i/core_region_i/CORE.RISCV_CORE/id_stage_i/registers_i/mem_reg[16][2]/D
                                                             -0.34  (VIOLATED)
   pulpino_top_i/core_region_i/instr_mem/sp_ram_wrap_i/bank2_byte1/D[5]
                                                             -0.34  (VIOLATED)
   pulpino_top_i/core_region_i/CORE.RISCV_CORE/id_stage_i/registers_i/mem_reg[25][12]/D
                                                             -0.34  (VIOLATED)
   pulpino_top_i/core_region_i/CORE.RISCV_CORE/id_stage_i/registers_i/mem_reg[12][23]/D
                                                             -0.34  (VIOLATED)
   pulpino_top_i/core_region_i/CORE.RISCV_CORE/id_stage_i/registers_i/mem_reg[20][24]/D
                                                             -0.34  (VIOLATED)
   pulpino_top_i/core_region_i/CORE.RISCV_CORE/id_stage_i/registers_i/mem_reg[4][16]/D
                                                             -0.34  (VIOLATED)
   pulpino_top_i/core_region_i/CORE.RISCV_CORE/id_stage_i/registers_i/mem_reg[17][9]/D
                                                             -0.34  (VIOLATED)
   pulpino_top_i/core_region_i/CORE.RISCV_CORE/id_stage_i/registers_i/mem_reg[9][19]/D
                                                             -0.34  (VIOLATED)
   pulpino_top_i/core_region_i/CORE.RISCV_CORE/id_stage_i/alu_operand_a_ex_o_reg[12]/D
                                                             -0.34  (VIOLATED)
   pulpino_top_i/core_region_i/CORE.RISCV_CORE/id_stage_i/registers_i/mem_reg[19][12]/D
                                                             -0.34  (VIOLATED)
   pulpino_top_i/core_region_i/instr_mem/sp_ram_wrap_i/bank1_byte3/D[2]
                                                             -0.34  (VIOLATED)
   pulpino_top_i/core_region_i/CORE.RISCV_CORE/id_stage_i/registers_i/mem_reg[24][2]/D
                                                             -0.34  (VIOLATED)
   pulpino_top_i/core_region_i/instr_mem/sp_ram_wrap_i/bank3_byte3/D[7]
                                                             -0.34  (VIOLATED)
   pulpino_top_i/core_region_i/CORE.RISCV_CORE/id_stage_i/registers_i/mem_reg[5][12]/D
                                                             -0.34  (VIOLATED)
   pulpino_top_i/core_region_i/CORE.RISCV_CORE/id_stage_i/registers_i/mem_reg[10][2]/D
                                                             -0.34  (VIOLATED)
   pulpino_top_i/core_region_i/CORE.RISCV_CORE/id_stage_i/registers_i/mem_reg[18][17]/D
                                                             -0.34  (VIOLATED)
   pulpino_top_i/core_region_i/CORE.RISCV_CORE/id_stage_i/alu_operand_c_ex_o_reg[13]/D
                                                             -0.34  (VIOLATED)
   pulpino_top_i/core_region_i/instr_mem/sp_ram_wrap_i/bank3_byte2/D[1]
                                                             -0.34  (VIOLATED)
   pulpino_top_i/core_region_i/CORE.RISCV_CORE/id_stage_i/registers_i/mem_reg[2][14]/D
                                                             -0.33  (VIOLATED)
   pulpino_top_i/core_region_i/CORE.RISCV_CORE/id_stage_i/hwloop_regs_i/hwlp_counter_q_reg[1][6]/D
                                                             -0.33  (VIOLATED)
   pulpino_top_i/core_region_i/instr_mem/sp_ram_wrap_i/bank1_byte2/D[5]
                                                             -0.33  (VIOLATED)
   pulpino_top_i/core_region_i/CORE.RISCV_CORE/id_stage_i/registers_i/mem_reg[11][26]/D
                                                             -0.33  (VIOLATED)
   pulpino_top_i/core_region_i/CORE.RISCV_CORE/id_stage_i/registers_i/mem_reg[25][7]/D
                                                             -0.33  (VIOLATED)
   pulpino_top_i/core_region_i/CORE.RISCV_CORE/id_stage_i/alu_operand_a_ex_o_reg[7]/D
                                                             -0.33  (VIOLATED)
   pulpino_top_i/core_region_i/CORE.RISCV_CORE/id_stage_i/alu_operand_c_ex_o_reg[7]/D
                                                             -0.33  (VIOLATED)
   pulpino_top_i/core_region_i/instr_mem_axi_if/axi_mem_if_SP_i/Slave_r_buffer_LP/buffer_i/FIFO_REGISTERS_reg[0][24]/D
                                                             -0.33  (VIOLATED)
   pulpino_top_i/core_region_i/instr_mem_axi_if/axi_mem_if_SP_i/Slave_r_buffer_LP/buffer_i/FIFO_REGISTERS_reg[1][24]/D
                                                             -0.33  (VIOLATED)
   pulpino_top_i/core_region_i/CORE.RISCV_CORE/id_stage_i/registers_i/mem_reg[2][13]/D
                                                             -0.33  (VIOLATED)
   pulpino_top_i/peripherals_i/axi2apb_i/genblk1.axi2apb_i/RDATA_Q_reg[9]/D
                                                             -0.33  (VIOLATED)
   pulpino_top_i/core_region_i/instr_mem_axi_if/axi_mem_if_SP_i/Slave_r_buffer_LP/buffer_i/FIFO_REGISTERS_reg[2][24]/D
                                                             -0.33  (VIOLATED)
   pulpino_top_i/core_region_i/CORE.RISCV_CORE/id_stage_i/registers_i/mem_reg[17][7]/D
                                                             -0.33  (VIOLATED)
   pulpino_top_i/peripherals_i/apb_timer_i/TIMER_GEN[0].timer_i/regs_q_reg[0][12]/D
                                                             -0.33  (VIOLATED)
   pulpino_top_i/core_region_i/instr_mem_axi_if/axi_mem_if_SP_i/Slave_r_buffer_LP/buffer_i/FIFO_REGISTERS_reg[3][24]/D
                                                             -0.33  (VIOLATED)
   pulpino_top_i/core_region_i/CORE.RISCV_CORE/id_stage_i/registers_i/mem_reg[4][17]/D
                                                             -0.33  (VIOLATED)
   pulpino_top_i/core_region_i/CORE.RISCV_CORE/id_stage_i/registers_i/mem_reg[1][2]/D
                                                             -0.33  (VIOLATED)
   pulpino_top_i/core_region_i/CORE.RISCV_CORE/id_stage_i/mult_operand_b_ex_o_reg[31]/D
                                                             -0.33  (VIOLATED)
   pulpino_top_i/core_region_i/CORE.RISCV_CORE/id_stage_i/registers_i/mem_reg[3][4]/D
                                                             -0.33  (VIOLATED)
   pulpino_top_i/core_region_i/CORE.RISCV_CORE/ex_stage_i/alu_i/int_div.div_i/AReg_DP_reg[21]/D
                                                             -0.33  (VIOLATED)
   pulpino_top_i/core_region_i/CORE.RISCV_CORE/id_stage_i/alu_operand_c_ex_o_reg[12]/D
                                                             -0.33  (VIOLATED)
   pulpino_top_i/core_region_i/CORE.RISCV_CORE/id_stage_i/mult_dot_op_b_ex_o_reg[31]/D
                                                             -0.33  (VIOLATED)
   pulpino_top_i/core_region_i/CORE.RISCV_CORE/ex_stage_i/alu_i/int_div.div_i/AReg_DP_reg[24]/D
                                                             -0.33  (VIOLATED)
   pulpino_top_i/core_region_i/CORE.RISCV_CORE/id_stage_i/mult_operand_b_ex_o_reg[10]/D
                                                             -0.33  (VIOLATED)
   pulpino_top_i/core_region_i/CORE.RISCV_CORE/id_stage_i/mult_operand_c_ex_o_reg[4]/D
                                                             -0.33  (VIOLATED)
   pulpino_top_i/core_region_i/CORE.RISCV_CORE/id_stage_i/registers_i/mem_reg[19][13]/D
                                                             -0.33  (VIOLATED)
   pulpino_top_i/core_region_i/CORE.RISCV_CORE/id_stage_i/registers_i/mem_reg[11][3]/D
                                                             -0.33  (VIOLATED)
   pulpino_top_i/core_region_i/CORE.RISCV_CORE/id_stage_i/registers_i/mem_reg[20][19]/D
                                                             -0.33  (VIOLATED)
   pulpino_top_i/core_region_i/CORE.RISCV_CORE/ex_stage_i/alu_i/int_div.div_i/AReg_DP_reg[27]/D
                                                             -0.33  (VIOLATED)
   pulpino_top_i/core_region_i/CORE.RISCV_CORE/id_stage_i/registers_i/mem_reg[2][17]/D
                                                             -0.33  (VIOLATED)
   pulpino_top_i/core_region_i/CORE.RISCV_CORE/id_stage_i/mult_dot_op_b_ex_o_reg[18]/D
                                                             -0.33  (VIOLATED)
   pulpino_top_i/core_region_i/CORE.RISCV_CORE/id_stage_i/registers_i/mem_reg[10][19]/D
                                                             -0.33  (VIOLATED)
   pulpino_top_i/core_region_i/CORE.RISCV_CORE/id_stage_i/hwloop_regs_i/hwlp_counter_q_reg[0][21]/D
                                                             -0.33  (VIOLATED)
   pulpino_top_i/core_region_i/CORE.RISCV_CORE/id_stage_i/registers_i/mem_reg[3][16]/D
                                                             -0.33  (VIOLATED)
   pulpino_top_i/peripherals_i/axi2apb_i/genblk1.axi2apb_i/RDATA_Q_reg[10]/D
                                                             -0.33  (VIOLATED)
   pulpino_top_i/core_region_i/CORE.RISCV_CORE/id_stage_i/registers_i/mem_reg[4][18]/D
                                                             -0.33  (VIOLATED)
   pulpino_top_i/core_region_i/CORE.RISCV_CORE/id_stage_i/registers_i/mem_reg[15][5]/D
                                                             -0.33  (VIOLATED)
   pulpino_top_i/core_region_i/CORE.RISCV_CORE/ex_stage_i/alu_i/int_div.div_i/AReg_DP_reg[22]/D
                                                             -0.33  (VIOLATED)
   pulpino_top_i/core_region_i/CORE.RISCV_CORE/id_stage_i/registers_i/mem_reg[6][16]/D
                                                             -0.33  (VIOLATED)
   pulpino_top_i/core_region_i/CORE.RISCV_CORE/id_stage_i/registers_i/mem_reg[17][22]/D
                                                             -0.33  (VIOLATED)
   pulpino_top_i/core_region_i/CORE.RISCV_CORE/id_stage_i/registers_i/mem_reg[17][23]/D
                                                             -0.33  (VIOLATED)
   pulpino_top_i/core_region_i/CORE.RISCV_CORE/id_stage_i/registers_i/mem_reg[29][16]/D
                                                             -0.33  (VIOLATED)
   pulpino_top_i/peripherals_i/apb_timer_i/TIMER_GEN[0].timer_i/cycle_counter_q_reg[30]/D
                                                             -0.33  (VIOLATED)
   pulpino_top_i/core_region_i/CORE.RISCV_CORE/id_stage_i/registers_i/mem_reg[3][2]/D
                                                             -0.33  (VIOLATED)
   pulpino_top_i/core_region_i/CORE.RISCV_CORE/id_stage_i/registers_i/mem_reg[16][18]/D
                                                             -0.33  (VIOLATED)
   pulpino_top_i/core_region_i/CORE.RISCV_CORE/id_stage_i/registers_i/mem_reg[17][12]/D
                                                             -0.33  (VIOLATED)
   pulpino_top_i/core_region_i/CORE.RISCV_CORE/id_stage_i/registers_i/mem_reg[2][28]/D
                                                             -0.33  (VIOLATED)
   pulpino_top_i/core_region_i/CORE.RISCV_CORE/id_stage_i/alu_operand_c_ex_o_reg[16]/TE
                                                             -0.33  (VIOLATED)
   pulpino_top_i/core_region_i/CORE.RISCV_CORE/id_stage_i/registers_i/mem_reg[5][18]/D
                                                             -0.33  (VIOLATED)
   pulpino_top_i/core_region_i/CORE.RISCV_CORE/id_stage_i/registers_i/mem_reg[19][2]/D
                                                             -0.33  (VIOLATED)
   pulpino_top_i/core_region_i/CORE.RISCV_CORE/id_stage_i/registers_i/mem_reg[21][17]/D
                                                             -0.33  (VIOLATED)
   pulpino_top_i/core_region_i/CORE.RISCV_CORE/id_stage_i/registers_i/mem_reg[29][7]/D
                                                             -0.33  (VIOLATED)
   pulpino_top_i/core_region_i/CORE.RISCV_CORE/id_stage_i/alu_operand_c_ex_o_reg[15]/TE
                                                             -0.33  (VIOLATED)
   pulpino_top_i/core_region_i/CORE.RISCV_CORE/id_stage_i/registers_i/mem_reg[15][28]/D
                                                             -0.33  (VIOLATED)
   pulpino_top_i/core_region_i/CORE.RISCV_CORE/id_stage_i/registers_i/mem_reg[1][4]/D
                                                             -0.33  (VIOLATED)
   pulpino_top_i/core_region_i/CORE.RISCV_CORE/id_stage_i/alu_operand_c_ex_o_reg[9]/D
                                                             -0.33  (VIOLATED)
   pulpino_top_i/core_region_i/CORE.RISCV_CORE/id_stage_i/hwloop_regs_i/hwlp_counter_q_reg[1][4]/D
                                                             -0.33  (VIOLATED)
   pulpino_top_i/core_region_i/CORE.RISCV_CORE/id_stage_i/mult_dot_op_c_ex_o_reg[4]/D
                                                             -0.33  (VIOLATED)
   pulpino_top_i/core_region_i/CORE.RISCV_CORE/id_stage_i/alu_operand_c_ex_o_reg[1]/TE
                                                             -0.33  (VIOLATED)
   pulpino_top_i/core_region_i/CORE.RISCV_CORE/id_stage_i/hwloop_regs_i/hwlp_counter_q_reg[1][21]/D
                                                             -0.33  (VIOLATED)
   pulpino_top_i/core_region_i/CORE.RISCV_CORE/id_stage_i/alu_operand_c_ex_o_reg[12]/TE
                                                             -0.33  (VIOLATED)
   pulpino_top_i/core_region_i/CORE.RISCV_CORE/id_stage_i/alu_operand_c_ex_o_reg[13]/TE
                                                             -0.33  (VIOLATED)
   pulpino_top_i/core_region_i/CORE.RISCV_CORE/id_stage_i/registers_i/mem_reg[10][7]/D
                                                             -0.33  (VIOLATED)
   pulpino_top_i/core_region_i/CORE.RISCV_CORE/id_stage_i/registers_i/mem_reg[23][19]/D
                                                             -0.33  (VIOLATED)
   pulpino_top_i/core_region_i/CORE.RISCV_CORE/id_stage_i/registers_i/mem_reg[2][15]/D
                                                             -0.33  (VIOLATED)
   pulpino_top_i/core_region_i/CORE.RISCV_CORE/id_stage_i/registers_i/mem_reg[10][26]/D
                                                             -0.33  (VIOLATED)
   pulpino_top_i/core_region_i/CORE.RISCV_CORE/id_stage_i/registers_i/mem_reg[3][21]/D
                                                             -0.33  (VIOLATED)
   pulpino_top_i/core_region_i/CORE.RISCV_CORE/id_stage_i/registers_i/mem_reg[2][16]/D
                                                             -0.33  (VIOLATED)
   pulpino_top_i/core_region_i/CORE.RISCV_CORE/id_stage_i/alu_operand_c_ex_o_reg[14]/TE
                                                             -0.33  (VIOLATED)
   pulpino_top_i/core_region_i/CORE.RISCV_CORE/id_stage_i/registers_i/mem_reg[5][4]/D
                                                             -0.33  (VIOLATED)
   pulpino_top_i/core_region_i/CORE.RISCV_CORE/id_stage_i/registers_i/mem_reg[19][22]/D
                                                             -0.33  (VIOLATED)
   pulpino_top_i/core_region_i/CORE.RISCV_CORE/id_stage_i/registers_i/mem_reg[12][26]/D
                                                             -0.33  (VIOLATED)
   pulpino_top_i/core_region_i/CORE.RISCV_CORE/id_stage_i/registers_i/mem_reg[2][31]/D
                                                             -0.33  (VIOLATED)
   pulpino_top_i/core_region_i/CORE.RISCV_CORE/id_stage_i/registers_i/mem_reg[29][13]/D
                                                             -0.33  (VIOLATED)
   pulpino_top_i/core_region_i/CORE.RISCV_CORE/id_stage_i/registers_i/mem_reg[4][13]/D
                                                             -0.33  (VIOLATED)
   pulpino_top_i/core_region_i/CORE.RISCV_CORE/id_stage_i/registers_i/mem_reg[18][2]/D
                                                             -0.33  (VIOLATED)
   pulpino_top_i/core_region_i/CORE.RISCV_CORE/id_stage_i/registers_i/mem_reg[13][13]/D
                                                             -0.33  (VIOLATED)
   pulpino_top_i/core_region_i/instr_mem/sp_ram_wrap_i/bank1_byte3/D[1]
                                                             -0.33  (VIOLATED)
   pulpino_top_i/core_region_i/CORE.RISCV_CORE/id_stage_i/registers_i/mem_reg[15][12]/D
                                                             -0.33  (VIOLATED)
   pulpino_top_i/core_region_i/CORE.RISCV_CORE/id_stage_i/registers_i/mem_reg[15][16]/D
                                                             -0.33  (VIOLATED)
   pulpino_top_i/core_region_i/CORE.RISCV_CORE/id_stage_i/registers_i/mem_reg[19][26]/D
                                                             -0.33  (VIOLATED)
   pulpino_top_i/core_region_i/CORE.RISCV_CORE/id_stage_i/registers_i/mem_reg[23][7]/D
                                                             -0.33  (VIOLATED)
   pulpino_top_i/core_region_i/instr_mem/sp_ram_wrap_i/bank1_byte0/D[2]
                                                             -0.33  (VIOLATED)
   pulpino_top_i/core_region_i/CORE.RISCV_CORE/id_stage_i/alu_operand_c_ex_o_reg[26]/TE
                                                             -0.33  (VIOLATED)
   pulpino_top_i/core_region_i/CORE.RISCV_CORE/id_stage_i/alu_operand_c_ex_o_reg[29]/TE
                                                             -0.33  (VIOLATED)
   pulpino_top_i/core_region_i/CORE.RISCV_CORE/id_stage_i/registers_i/mem_reg[15][2]/D
                                                             -0.33  (VIOLATED)
   pulpino_top_i/core_region_i/data_mem/bank0_byte2/D[7]     -0.33  (VIOLATED)
   pulpino_top_i/core_region_i/CORE.RISCV_CORE/id_stage_i/registers_i/mem_reg[2][18]/D
                                                             -0.33  (VIOLATED)
   pulpino_top_i/core_region_i/instr_mem/sp_ram_wrap_i/bank1_byte1/A[9]
                                                             -0.33  (VIOLATED)
   pulpino_top_i/core_region_i/CORE.RISCV_CORE/id_stage_i/mult_dot_op_b_ex_o_reg[19]/D
                                                             -0.33  (VIOLATED)
   pulpino_top_i/core_region_i/CORE.RISCV_CORE/ex_stage_i/alu_i/int_div.div_i/AReg_DP_reg[28]/D
                                                             -0.33  (VIOLATED)
   pulpino_top_i/core_region_i/CORE.RISCV_CORE/id_stage_i/registers_i/mem_reg[21][14]/D
                                                             -0.33  (VIOLATED)
   pulpino_top_i/core_region_i/CORE.RISCV_CORE/id_stage_i/registers_i/mem_reg[9][26]/D
                                                             -0.33  (VIOLATED)
   pulpino_top_i/core_region_i/CORE.RISCV_CORE/id_stage_i/registers_i/mem_reg[2][21]/D
                                                             -0.33  (VIOLATED)
   pulpino_top_i/core_region_i/instr_mem/sp_ram_wrap_i/bank3_byte2/D[3]
                                                             -0.33  (VIOLATED)
   pulpino_top_i/core_region_i/CORE.RISCV_CORE/id_stage_i/hwloop_regs_i/hwlp_start_q_reg[0][31]/TI
                                                             -0.33  (VIOLATED)
   pulpino_top_i/core_region_i/CORE.RISCV_CORE/id_stage_i/registers_i/mem_reg[20][2]/D
                                                             -0.33  (VIOLATED)
   pulpino_top_i/core_region_i/CORE.RISCV_CORE/id_stage_i/registers_i/mem_reg[15][18]/D
                                                             -0.33  (VIOLATED)
   pulpino_top_i/core_region_i/CORE.RISCV_CORE/id_stage_i/mult_operand_b_ex_o_reg[13]/D
                                                             -0.33  (VIOLATED)
   pulpino_top_i/core_region_i/instr_mem/sp_ram_wrap_i/bank3_byte1/CSN
                                                             -0.33  (VIOLATED)
   pulpino_top_i/core_region_i/CORE.RISCV_CORE/id_stage_i/registers_i/mem_reg[29][5]/D
                                                             -0.33  (VIOLATED)
   pulpino_top_i/core_region_i/CORE.RISCV_CORE/id_stage_i/alu_operand_c_ex_o_reg[4]/D
                                                             -0.33  (VIOLATED)
   pulpino_top_i/core_region_i/CORE.RISCV_CORE/id_stage_i/registers_i/mem_reg[26][17]/D
                                                             -0.33  (VIOLATED)
   pulpino_top_i/core_region_i/CORE.RISCV_CORE/id_stage_i/mult_operand_c_ex_o_reg[18]/D
                                                             -0.33  (VIOLATED)
   pulpino_top_i/core_region_i/CORE.RISCV_CORE/id_stage_i/registers_i/mem_reg[4][5]/D
                                                             -0.33  (VIOLATED)
   pulpino_top_i/core_region_i/CORE.RISCV_CORE/id_stage_i/alu_operand_b_ex_o_reg[6]/TI
                                                             -0.33  (VIOLATED)
   pulpino_top_i/core_region_i/CORE.RISCV_CORE/id_stage_i/registers_i/mem_reg[24][13]/D
                                                             -0.33  (VIOLATED)
   pulpino_top_i/core_region_i/CORE.RISCV_CORE/id_stage_i/registers_i/mem_reg[24][14]/D
                                                             -0.33  (VIOLATED)
   pulpino_top_i/core_region_i/CORE.RISCV_CORE/id_stage_i/registers_i/mem_reg[16][17]/D
                                                             -0.33  (VIOLATED)
   pulpino_top_i/core_region_i/CORE.RISCV_CORE/id_stage_i/registers_i/mem_reg[19][17]/D
                                                             -0.33  (VIOLATED)
   pulpino_top_i/core_region_i/CORE.RISCV_CORE/id_stage_i/registers_i/mem_reg[25][13]/D
                                                             -0.33  (VIOLATED)
   pulpino_top_i/core_region_i/CORE.RISCV_CORE/id_stage_i/mult_operand_b_ex_o_reg[19]/D
                                                             -0.33  (VIOLATED)
   pulpino_top_i/core_region_i/CORE.RISCV_CORE/id_stage_i/mult_dot_op_c_ex_o_reg[18]/D
                                                             -0.33  (VIOLATED)
   pulpino_top_i/core_region_i/CORE.RISCV_CORE/id_stage_i/registers_i/mem_reg[4][25]/D
                                                             -0.33  (VIOLATED)
   pulpino_top_i/core_region_i/CORE.RISCV_CORE/id_stage_i/registers_i/mem_reg[20][17]/D
                                                             -0.33  (VIOLATED)
   pulpino_top_i/core_region_i/CORE.RISCV_CORE/id_stage_i/registers_i/mem_reg[11][1]/D
                                                             -0.33  (VIOLATED)
   pulpino_top_i/core_region_i/CORE.RISCV_CORE/id_stage_i/registers_i/mem_reg[19][14]/D
                                                             -0.33  (VIOLATED)
   pulpino_top_i/core_region_i/CORE.RISCV_CORE/id_stage_i/registers_i/mem_reg[18][18]/D
                                                             -0.33  (VIOLATED)
   pulpino_top_i/core_region_i/CORE.RISCV_CORE/id_stage_i/alu_operand_c_ex_o_reg[0]/TE
                                                             -0.33  (VIOLATED)
   pulpino_top_i/core_region_i/CORE.RISCV_CORE/id_stage_i/hwloop_regs_i/hwlp_counter_q_reg[0][25]/D
                                                             -0.33  (VIOLATED)
   pulpino_top_i/core_region_i/CORE.RISCV_CORE/id_stage_i/mult_operand_b_ex_o_reg[9]/D
                                                             -0.33  (VIOLATED)
   pulpino_top_i/peripherals_i/axi2apb_i/genblk1.axi2apb_i/RDATA_Q_reg[7]/D
                                                             -0.33  (VIOLATED)
   pulpino_top_i/core_region_i/CORE.RISCV_CORE/id_stage_i/registers_i/mem_reg[19][18]/D
                                                             -0.33  (VIOLATED)
   pulpino_top_i/core_region_i/CORE.RISCV_CORE/id_stage_i/registers_i/mem_reg[21][18]/D
                                                             -0.33  (VIOLATED)
   pulpino_top_i/core_region_i/CORE.RISCV_CORE/id_stage_i/mult_dot_op_b_ex_o_reg[11]/D
                                                             -0.33  (VIOLATED)
   pulpino_top_i/core_region_i/CORE.RISCV_CORE/id_stage_i/hwloop_regs_i/hwlp_counter_q_reg[0][9]/D
                                                             -0.33  (VIOLATED)
   pulpino_top_i/core_region_i/instr_mem/sp_ram_wrap_i/bank1_byte3/D[0]
                                                             -0.33  (VIOLATED)
   pulpino_top_i/core_region_i/CORE.RISCV_CORE/id_stage_i/registers_i/mem_reg[19][10]/D
                                                             -0.33  (VIOLATED)
   pulpino_top_i/core_region_i/CORE.RISCV_CORE/id_stage_i/alu_operand_c_ex_o_reg[27]/TE
                                                             -0.33  (VIOLATED)
   pulpino_top_i/core_region_i/CORE.RISCV_CORE/id_stage_i/registers_i/mem_reg[4][2]/D
                                                             -0.33  (VIOLATED)
   pulpino_top_i/core_region_i/CORE.RISCV_CORE/id_stage_i/registers_i/mem_reg[29][17]/D
                                                             -0.33  (VIOLATED)
   pulpino_top_i/core_region_i/CORE.RISCV_CORE/id_stage_i/mult_dot_op_b_ex_o_reg[10]/D
                                                             -0.33  (VIOLATED)
   pulpino_top_i/core_region_i/instr_mem/sp_ram_wrap_i/bank3_byte3/CSN
                                                             -0.33  (VIOLATED)
   pulpino_top_i/core_region_i/CORE.RISCV_CORE/id_stage_i/registers_i/mem_reg[17][18]/D
                                                             -0.33  (VIOLATED)
   pulpino_top_i/core_region_i/CORE.RISCV_CORE/id_stage_i/registers_i/mem_reg[1][15]/D
                                                             -0.33  (VIOLATED)
   pulpino_top_i/core_region_i/CORE.RISCV_CORE/id_stage_i/registers_i/mem_reg[4][21]/D
                                                             -0.33  (VIOLATED)
   pulpino_top_i/core_region_i/CORE.RISCV_CORE/ex_stage_i/alu_i/int_div.div_i/AReg_DP_reg[29]/D
                                                             -0.33  (VIOLATED)
   pulpino_top_i/core_region_i/CORE.RISCV_CORE/id_stage_i/mult_operand_b_ex_o_reg[8]/D
                                                             -0.33  (VIOLATED)
   pulpino_top_i/core_region_i/CORE.RISCV_CORE/id_stage_i/alu_operand_c_ex_o_reg[18]/TE
                                                             -0.33  (VIOLATED)
   pulpino_top_i/core_region_i/instr_mem/sp_ram_wrap_i/bank3_byte2/D[2]
                                                             -0.33  (VIOLATED)
   pulpino_top_i/core_region_i/CORE.RISCV_CORE/id_stage_i/controller_i/ctrl_fsm_cs_reg[3]/D
                                                             -0.33  (VIOLATED)
   pulpino_top_i/core_region_i/CORE.RISCV_CORE/id_stage_i/hwloop_regs_i/hwlp_counter_q_reg[0][4]/D
                                                             -0.33  (VIOLATED)
   pulpino_top_i/core_region_i/CORE.RISCV_CORE/id_stage_i/registers_i/mem_reg[23][18]/D
                                                             -0.33  (VIOLATED)
   pulpino_top_i/core_region_i/CORE.RISCV_CORE/id_stage_i/registers_i/mem_reg[2][4]/D
                                                             -0.33  (VIOLATED)
   pulpino_top_i/peripherals_i/axi2apb_i/genblk1.axi2apb_i/RDATA_Q_reg[6]/D
                                                             -0.33  (VIOLATED)
   pulpino_top_i/core_region_i/CORE.RISCV_CORE/id_stage_i/registers_i/mem_reg[18][6]/D
                                                             -0.33  (VIOLATED)
   pulpino_top_i/core_region_i/CORE.RISCV_CORE/id_stage_i/registers_i/mem_reg[23][12]/D
                                                             -0.33  (VIOLATED)
   pulpino_top_i/core_region_i/instr_mem/sp_ram_wrap_i/bank1_byte2/D[2]
                                                             -0.33  (VIOLATED)
   pulpino_top_i/core_region_i/CORE.RISCV_CORE/id_stage_i/registers_i/mem_reg[12][13]/D
                                                             -0.33  (VIOLATED)
   pulpino_top_i/peripherals_i/axi2apb_i/genblk1.axi2apb_i/RDATA_Q_reg[16]/D
                                                             -0.33  (VIOLATED)
   pulpino_top_i/core_region_i/CORE.RISCV_CORE/id_stage_i/registers_i/mem_reg[19][7]/D
                                                             -0.33  (VIOLATED)
   pulpino_top_i/core_region_i/CORE.RISCV_CORE/id_stage_i/registers_i/mem_reg[19][9]/D
                                                             -0.33  (VIOLATED)
   pulpino_top_i/core_region_i/CORE.RISCV_CORE/id_stage_i/registers_i/mem_reg[23][22]/D
                                                             -0.33  (VIOLATED)
   pulpino_top_i/core_region_i/CORE.RISCV_CORE/id_stage_i/registers_i/mem_reg[8][12]/D
                                                             -0.33  (VIOLATED)
   pulpino_top_i/core_region_i/CORE.RISCV_CORE/id_stage_i/registers_i/mem_reg[11][23]/D
                                                             -0.33  (VIOLATED)
   pulpino_top_i/core_region_i/CORE.RISCV_CORE/id_stage_i/registers_i/mem_reg[4][4]/D
                                                             -0.33  (VIOLATED)
   pulpino_top_i/core_region_i/CORE.RISCV_CORE/id_stage_i/registers_i/mem_reg[23][26]/D
                                                             -0.33  (VIOLATED)
   pulpino_top_i/core_region_i/CORE.RISCV_CORE/id_stage_i/alu_operand_c_ex_o_reg[18]/D
                                                             -0.33  (VIOLATED)
   pulpino_top_i/core_region_i/CORE.RISCV_CORE/id_stage_i/registers_i/mem_reg[25][2]/D
                                                             -0.33  (VIOLATED)
   pulpino_top_i/core_region_i/CORE.RISCV_CORE/id_stage_i/registers_i/mem_reg[30][1]/D
                                                             -0.33  (VIOLATED)
   pulpino_top_i/core_region_i/CORE.RISCV_CORE/id_stage_i/registers_i/mem_reg[4][14]/D
                                                             -0.33  (VIOLATED)
   pulpino_top_i/core_region_i/CORE.RISCV_CORE/id_stage_i/registers_i/mem_reg[28][13]/D
                                                             -0.33  (VIOLATED)
   pulpino_top_i/core_region_i/data_mem/bank3_byte3/A[7]     -0.33  (VIOLATED)
   pulpino_top_i/core_region_i/CORE.RISCV_CORE/id_stage_i/alu_operand_c_ex_o_reg[30]/TE
                                                             -0.33  (VIOLATED)
   pulpino_top_i/core_region_i/CORE.RISCV_CORE/id_stage_i/mult_operator_ex_o_reg[1]/TE
                                                             -0.33  (VIOLATED)
   pulpino_top_i/core_region_i/data_mem/bank0_byte1/D[0]     -0.33  (VIOLATED)
   pulpino_top_i/core_region_i/CORE.RISCV_CORE/id_stage_i/registers_i/mem_reg[18][14]/D
                                                             -0.33  (VIOLATED)
   pulpino_top_i/core_region_i/CORE.RISCV_CORE/id_stage_i/hwloop_regs_i/hwlp_counter_q_reg[1][12]/D
                                                             -0.33  (VIOLATED)
   pulpino_top_i/core_region_i/CORE.RISCV_CORE/id_stage_i/registers_i/mem_reg[2][22]/D
                                                             -0.33  (VIOLATED)
   pulpino_top_i/core_region_i/CORE.RISCV_CORE/id_stage_i/alu_operand_c_ex_o_reg[28]/TE
                                                             -0.33  (VIOLATED)
   pulpino_top_i/core_region_i/CORE.RISCV_CORE/id_stage_i/mult_operand_b_ex_o_reg[2]/D
                                                             -0.33  (VIOLATED)
   pulpino_top_i/core_region_i/CORE.RISCV_CORE/id_stage_i/registers_i/mem_reg[11][10]/D
                                                             -0.33  (VIOLATED)
   pulpino_top_i/core_region_i/CORE.RISCV_CORE/id_stage_i/registers_i/mem_reg[15][7]/D
                                                             -0.33  (VIOLATED)
   pulpino_top_i/core_region_i/CORE.RISCV_CORE/id_stage_i/mult_operator_ex_o_reg[0]/TE
                                                             -0.33  (VIOLATED)
   pulpino_top_i/core_region_i/CORE.RISCV_CORE/id_stage_i/mult_operator_ex_o_reg[2]/TE
                                                             -0.33  (VIOLATED)
   pulpino_top_i/peripherals_i/apb_timer_i/TIMER_GEN[0].timer_i/regs_q_reg[0][28]/D
                                                             -0.33  (VIOLATED)
   pulpino_top_i/core_region_i/CORE.RISCV_CORE/id_stage_i/hwloop_regs_i/hwlp_counter_q_reg[1][25]/D
                                                             -0.33  (VIOLATED)
   pulpino_top_i/core_region_i/CORE.RISCV_CORE/id_stage_i/mult_dot_op_a_ex_o_reg[14]/D
                                                             -0.33  (VIOLATED)
   pulpino_top_i/core_region_i/CORE.RISCV_CORE/id_stage_i/mult_operand_a_ex_o_reg[14]/D
                                                             -0.33  (VIOLATED)
   pulpino_top_i/core_region_i/CORE.RISCV_CORE/id_stage_i/registers_i/mem_reg[4][15]/D
                                                             -0.32  (VIOLATED)
   pulpino_top_i/core_region_i/CORE.RISCV_CORE/id_stage_i/alu_operand_c_ex_o_reg[22]/TE
                                                             -0.32  (VIOLATED)
   pulpino_top_i/core_region_i/instr_mem/sp_ram_wrap_i/bank1_byte0/D[0]
                                                             -0.32  (VIOLATED)
   pulpino_top_i/core_region_i/CORE.RISCV_CORE/id_stage_i/registers_i/mem_reg[10][17]/D
                                                             -0.32  (VIOLATED)
   pulpino_top_i/core_region_i/CORE.RISCV_CORE/id_stage_i/registers_i/mem_reg[1][3]/D
                                                             -0.32  (VIOLATED)
   pulpino_top_i/core_region_i/CORE.RISCV_CORE/id_stage_i/registers_i/mem_reg[3][12]/D
                                                             -0.32  (VIOLATED)
   pulpino_top_i/core_region_i/CORE.RISCV_CORE/id_stage_i/registers_i/mem_reg[17][24]/D
                                                             -0.32  (VIOLATED)
   pulpino_top_i/core_region_i/CORE.RISCV_CORE/id_stage_i/hwloop_regs_i/hwlp_counter_q_reg[0][10]/D
                                                             -0.32  (VIOLATED)
   pulpino_top_i/core_region_i/CORE.RISCV_CORE/id_stage_i/mult_dot_op_b_ex_o_reg[2]/D
                                                             -0.32  (VIOLATED)
   pulpino_top_i/core_region_i/CORE.RISCV_CORE/id_stage_i/registers_i/mem_reg[2][26]/D
                                                             -0.32  (VIOLATED)
   pulpino_top_i/core_region_i/CORE.RISCV_CORE/id_stage_i/registers_i/mem_reg[23][14]/D
                                                             -0.32  (VIOLATED)
   pulpino_top_i/core_region_i/CORE.RISCV_CORE/id_stage_i/registers_i/mem_reg[26][13]/D
                                                             -0.32  (VIOLATED)
   pulpino_top_i/core_region_i/CORE.RISCV_CORE/id_stage_i/registers_i/mem_reg[10][1]/D
                                                             -0.32  (VIOLATED)
   pulpino_top_i/core_region_i/CORE.RISCV_CORE/id_stage_i/registers_i/mem_reg[6][1]/D
                                                             -0.32  (VIOLATED)
   pulpino_top_i/peripherals_i/apb_gpio_i/r_status_reg[20]/D
                                                             -0.32  (VIOLATED)
   pulpino_top_i/core_region_i/CORE.RISCV_CORE/id_stage_i/mult_operand_b_ex_o_reg[22]/D
                                                             -0.32  (VIOLATED)
   pulpino_top_i/core_region_i/CORE.RISCV_CORE/id_stage_i/registers_i/mem_reg[28][17]/D
                                                             -0.32  (VIOLATED)
   pulpino_top_i/peripherals_i/apb_uart_i/UART_RXFF/iUSAGE_reg[4]/D
                                                             -0.32  (VIOLATED)
   pulpino_top_i/core_region_i/CORE.RISCV_CORE/id_stage_i/registers_i/mem_reg[8][23]/D
                                                             -0.32  (VIOLATED)
   pulpino_top_i/peripherals_i/axi2apb_i/genblk1.axi2apb_i/RDATA_Q_reg[22]/D
                                                             -0.32  (VIOLATED)
   pulpino_top_i/core_region_i/CORE.RISCV_CORE/id_stage_i/registers_i/mem_reg[7][13]/D
                                                             -0.32  (VIOLATED)
   pulpino_top_i/core_region_i/CORE.RISCV_CORE/ex_stage_i/alu_i/int_div.div_i/AReg_DP_reg[23]/D
                                                             -0.32  (VIOLATED)
   pulpino_top_i/core_region_i/data_mem/bank2_byte0/D[7]     -0.32  (VIOLATED)
   pulpino_top_i/peripherals_i/axi2apb_i/genblk1.axi2apb_i/RDATA_Q_reg[30]/D
                                                             -0.32  (VIOLATED)
   pulpino_top_i/core_region_i/CORE.RISCV_CORE/id_stage_i/mult_operand_a_ex_o_reg[6]/TE
                                                             -0.32  (VIOLATED)
   pulpino_top_i/core_region_i/CORE.RISCV_CORE/id_stage_i/mult_operand_a_ex_o_reg[16]/TE
                                                             -0.32  (VIOLATED)
   pulpino_top_i/core_region_i/CORE.RISCV_CORE/id_stage_i/mult_operand_a_ex_o_reg[22]/TE
                                                             -0.32  (VIOLATED)
   pulpino_top_i/core_region_i/CORE.RISCV_CORE/id_stage_i/hwloop_regs_i/hwlp_counter_q_reg[1][9]/D
                                                             -0.32  (VIOLATED)
   pulpino_top_i/core_region_i/CORE.RISCV_CORE/id_stage_i/mult_operand_b_ex_o_reg[11]/D
                                                             -0.32  (VIOLATED)
   pulpino_top_i/core_region_i/CORE.RISCV_CORE/id_stage_i/registers_i/mem_reg[10][23]/D
                                                             -0.32  (VIOLATED)
   pulpino_top_i/core_region_i/CORE.RISCV_CORE/id_stage_i/hwloop_regs_i/hwlp_counter_q_reg[1][2]/D
                                                             -0.32  (VIOLATED)
   pulpino_top_i/core_region_i/CORE.RISCV_CORE/id_stage_i/mult_operand_a_ex_o_reg[18]/TE
                                                             -0.32  (VIOLATED)
   pulpino_top_i/core_region_i/CORE.RISCV_CORE/id_stage_i/registers_i/mem_reg[1][7]/D
                                                             -0.32  (VIOLATED)
   pulpino_top_i/core_region_i/CORE.RISCV_CORE/id_stage_i/hwloop_regs_i/hwlp_counter_q_reg[1][5]/D
                                                             -0.32  (VIOLATED)
   pulpino_top_i/core_region_i/CORE.RISCV_CORE/id_stage_i/mult_operand_a_ex_o_reg[17]/TE
                                                             -0.32  (VIOLATED)
   pulpino_top_i/core_region_i/CORE.RISCV_CORE/id_stage_i/alu_operand_c_ex_o_reg[17]/TE
                                                             -0.32  (VIOLATED)
   pulpino_top_i/core_region_i/CORE.RISCV_CORE/id_stage_i/alu_operand_c_ex_o_reg[23]/TE
                                                             -0.32  (VIOLATED)
   pulpino_top_i/core_region_i/instr_mem/sp_ram_wrap_i/bank0_byte2/A[8]
                                                             -0.32  (VIOLATED)
   pulpino_top_i/axi_interconnect_i/axi_node_i/_RESP_BLOCK_GEN[0].RESP_BLOCK/BW_ALLOC/outstanding_counter_reg[6]/D
                                                             -0.32  (VIOLATED)
   pulpino_top_i/core_region_i/CORE.RISCV_CORE/id_stage_i/mult_dot_op_b_ex_o_reg[22]/D
                                                             -0.32  (VIOLATED)
   pulpino_top_i/core_region_i/CORE.RISCV_CORE/id_stage_i/registers_i/mem_reg[13][23]/D
                                                             -0.32  (VIOLATED)
   pulpino_top_i/peripherals_i/apb_timer_i/TIMER_GEN[0].timer_i/regs_q_reg[0][0]/D
                                                             -0.32  (VIOLATED)
   pulpino_top_i/core_region_i/CORE.RISCV_CORE/id_stage_i/controller_i/ctrl_fsm_cs_reg[2]/D
                                                             -0.32  (VIOLATED)
   pulpino_top_i/core_region_i/CORE.RISCV_CORE/id_stage_i/hwloop_regs_i/hwlp_counter_q_reg[0][5]/D
                                                             -0.32  (VIOLATED)
   pulpino_top_i/core_region_i/CORE.RISCV_CORE/id_stage_i/registers_i/mem_reg[1][0]/D
                                                             -0.32  (VIOLATED)
   pulpino_top_i/core_region_i/CORE.RISCV_CORE/id_stage_i/registers_i/mem_reg[25][0]/D
                                                             -0.32  (VIOLATED)
   pulpino_top_i/core_region_i/CORE.RISCV_CORE/id_stage_i/mult_operand_a_ex_o_reg[28]/TE
                                                             -0.32  (VIOLATED)
   pulpino_top_i/core_region_i/CORE.RISCV_CORE/id_stage_i/registers_i/mem_reg[4][10]/D
                                                             -0.32  (VIOLATED)
   pulpino_top_i/core_region_i/CORE.RISCV_CORE/id_stage_i/registers_i/mem_reg[20][6]/D
                                                             -0.32  (VIOLATED)
   pulpino_top_i/core_region_i/CORE.RISCV_CORE/id_stage_i/alu_operand_a_ex_o_reg[14]/D
                                                             -0.32  (VIOLATED)
   pulpino_top_i/core_region_i/CORE.RISCV_CORE/id_stage_i/mult_dot_op_b_ex_o_reg[9]/D
                                                             -0.32  (VIOLATED)
   pulpino_top_i/core_region_i/CORE.RISCV_CORE/id_stage_i/registers_i/mem_reg[10][13]/D
                                                             -0.32  (VIOLATED)
   pulpino_top_i/core_region_i/CORE.RISCV_CORE/id_stage_i/registers_i/mem_reg[13][26]/D
                                                             -0.32  (VIOLATED)
   pulpino_top_i/core_region_i/CORE.RISCV_CORE/id_stage_i/registers_i/mem_reg[24][17]/D
                                                             -0.32  (VIOLATED)
   pulpino_top_i/core_region_i/CORE.RISCV_CORE/id_stage_i/registers_i/mem_reg[16][14]/D
                                                             -0.32  (VIOLATED)
   pulpino_top_i/core_region_i/CORE.RISCV_CORE/id_stage_i/registers_i/mem_reg[15][21]/D
                                                             -0.32  (VIOLATED)
   pulpino_top_i/core_region_i/CORE.RISCV_CORE/id_stage_i/mult_operand_a_ex_o_reg[23]/TE
                                                             -0.32  (VIOLATED)
   pulpino_top_i/core_region_i/CORE.RISCV_CORE/ex_stage_i/alu_i/int_div.div_i/AReg_DP_reg[26]/D
                                                             -0.32  (VIOLATED)
   pulpino_top_i/axi_interconnect_i/axi_node_i/_RESP_BLOCK_GEN[0].RESP_BLOCK/BR_ALLOC/outstanding_counter_reg[0]/D
                                                             -0.32  (VIOLATED)
   pulpino_top_i/core_region_i/CORE.RISCV_CORE/id_stage_i/registers_i/mem_reg[23][6]/D
                                                             -0.32  (VIOLATED)
   pulpino_top_i/core_region_i/CORE.RISCV_CORE/cs_registers_i/PCCR_q_reg[0][5]/D
                                                             -0.32  (VIOLATED)
   pulpino_top_i/core_region_i/CORE.RISCV_CORE/id_stage_i/mult_operand_a_ex_o_reg[25]/TE
                                                             -0.32  (VIOLATED)
   pulpino_top_i/core_region_i/CORE.RISCV_CORE/id_stage_i/mult_operand_a_ex_o_reg[30]/TE
                                                             -0.32  (VIOLATED)
   pulpino_top_i/core_region_i/CORE.RISCV_CORE/id_stage_i/registers_i/mem_reg[28][5]/D
                                                             -0.32  (VIOLATED)
   pulpino_top_i/core_region_i/instr_mem/sp_ram_wrap_i/bank3_byte2/CSN
                                                             -0.32  (VIOLATED)
   pulpino_top_i/core_region_i/CORE.RISCV_CORE/id_stage_i/bmask_a_ex_o_reg[2]/D
                                                             -0.32  (VIOLATED)
   pulpino_top_i/core_region_i/CORE.RISCV_CORE/id_stage_i/hwloop_regs_i/hwlp_counter_q_reg[1][23]/D
                                                             -0.32  (VIOLATED)
   pulpino_top_i/core_region_i/CORE.RISCV_CORE/id_stage_i/mult_operand_a_ex_o_reg[26]/TE
                                                             -0.32  (VIOLATED)
   pulpino_top_i/core_region_i/CORE.RISCV_CORE/id_stage_i/registers_i/mem_reg[24][0]/D
                                                             -0.32  (VIOLATED)
   pulpino_top_i/core_region_i/CORE.RISCV_CORE/id_stage_i/mult_operand_a_ex_o_reg[27]/TE
                                                             -0.32  (VIOLATED)
   pulpino_top_i/axi_interconnect_i/axi_node_i/_RESP_BLOCK_GEN[0].RESP_BLOCK/BR_ALLOC/outstanding_counter_reg[3]/D
                                                             -0.32  (VIOLATED)
   pulpino_top_i/core_region_i/CORE.RISCV_CORE/ex_stage_i/alu_i/int_div.div_i/AReg_DP_reg[20]/D
                                                             -0.32  (VIOLATED)
   pulpino_top_i/core_region_i/CORE.RISCV_CORE/id_stage_i/mult_operand_a_ex_o_reg[26]/D
                                                             -0.32  (VIOLATED)
   pulpino_top_i/core_region_i/CORE.RISCV_CORE/id_stage_i/registers_i/mem_reg[2][7]/D
                                                             -0.32  (VIOLATED)
   pulpino_top_i/core_region_i/CORE.RISCV_CORE/id_stage_i/mult_dot_op_a_ex_o_reg[26]/D
                                                             -0.32  (VIOLATED)
   pulpino_top_i/core_region_i/CORE.RISCV_CORE/id_stage_i/registers_i/mem_reg[4][22]/D
                                                             -0.32  (VIOLATED)
   pulpino_top_i/axi_interconnect_i/axi_node_i/_RESP_BLOCK_GEN[1].RESP_BLOCK/BW_ALLOC/outstanding_counter_reg[3]/D
                                                             -0.32  (VIOLATED)
   pulpino_top_i/core_region_i/CORE.RISCV_CORE/id_stage_i/registers_i/mem_reg[12][14]/D
                                                             -0.32  (VIOLATED)
   pulpino_top_i/core_region_i/CORE.RISCV_CORE/id_stage_i/mult_operand_a_ex_o_reg[19]/TE
                                                             -0.32  (VIOLATED)
   pulpino_top_i/core_region_i/CORE.RISCV_CORE/cs_registers_i/PCCR_inc_q_reg[0]/D
                                                             -0.32  (VIOLATED)
   pulpino_top_i/core_region_i/CORE.RISCV_CORE/id_stage_i/mult_operand_a_ex_o_reg[21]/TE
                                                             -0.32  (VIOLATED)
   pulpino_top_i/core_region_i/instr_mem/sp_ram_wrap_i/bank1_byte2/A[9]
                                                             -0.32  (VIOLATED)
   pulpino_top_i/core_region_i/CORE.RISCV_CORE/id_stage_i/registers_i/mem_reg[29][14]/D
                                                             -0.32  (VIOLATED)
   pulpino_top_i/core_region_i/CORE.RISCV_CORE/id_stage_i/registers_i/mem_reg[12][3]/D
                                                             -0.32  (VIOLATED)
   pulpino_top_i/peripherals_i/apb_uart_i/UART_RXFF/iUSAGE_reg[5]/TI
                                                             -0.32  (VIOLATED)
   pulpino_top_i/core_region_i/CORE.RISCV_CORE/id_stage_i/registers_i/mem_reg[16][9]/D
                                                             -0.32  (VIOLATED)
   pulpino_top_i/core_region_i/CORE.RISCV_CORE/id_stage_i/registers_i/mem_reg[17][28]/D
                                                             -0.32  (VIOLATED)
   pulpino_top_i/core_region_i/instr_mem/sp_ram_wrap_i/bank3_byte1/A[4]
                                                             -0.32  (VIOLATED)
   pulpino_top_i/core_region_i/CORE.RISCV_CORE/id_stage_i/registers_i/mem_reg[20][14]/D
                                                             -0.32  (VIOLATED)
   pulpino_top_i/core_region_i/CORE.RISCV_CORE/id_stage_i/registers_i/mem_reg[13][3]/D
                                                             -0.32  (VIOLATED)
   pulpino_top_i/core_region_i/CORE.RISCV_CORE/id_stage_i/hwloop_regs_i/hwlp_counter_q_reg[0][26]/D
                                                             -0.32  (VIOLATED)
   pulpino_top_i/core_region_i/CORE.RISCV_CORE/id_stage_i/alu_operand_a_ex_o_reg[26]/D
                                                             -0.32  (VIOLATED)
   pulpino_top_i/core_region_i/CORE.RISCV_CORE/id_stage_i/mult_dot_op_b_ex_o_reg[29]/D
                                                             -0.32  (VIOLATED)
   pulpino_top_i/core_region_i/CORE.RISCV_CORE/id_stage_i/registers_i/mem_reg[16][6]/D
                                                             -0.32  (VIOLATED)
   pulpino_top_i/core_region_i/instr_mem_axi_if/axi_mem_if_SP_i/Slave_r_buffer_LP/buffer_i/FIFO_REGISTERS_reg[0][5]/D
                                                             -0.32  (VIOLATED)
   pulpino_top_i/core_region_i/instr_mem_axi_if/axi_mem_if_SP_i/Slave_r_buffer_LP/buffer_i/FIFO_REGISTERS_reg[2][5]/D
                                                             -0.32  (VIOLATED)
   pulpino_top_i/core_region_i/instr_mem_axi_if/axi_mem_if_SP_i/Slave_r_buffer_LP/buffer_i/FIFO_REGISTERS_reg[3][5]/D
                                                             -0.32  (VIOLATED)
   pulpino_top_i/core_region_i/CORE.RISCV_CORE/id_stage_i/registers_i/mem_reg[5][13]/D
                                                             -0.32  (VIOLATED)
   pulpino_top_i/core_region_i/CORE.RISCV_CORE/id_stage_i/registers_i/mem_reg[20][26]/D
                                                             -0.32  (VIOLATED)
   pulpino_top_i/core_region_i/CORE.RISCV_CORE/cs_registers_i/PCCR_q_reg[0][4]/D
                                                             -0.32  (VIOLATED)
   pulpino_top_i/core_region_i/CORE.RISCV_CORE/id_stage_i/registers_i/mem_reg[4][3]/D
                                                             -0.32  (VIOLATED)
   pulpino_top_i/core_region_i/CORE.RISCV_CORE/id_stage_i/registers_i/mem_reg[19][6]/D
                                                             -0.32  (VIOLATED)
   pulpino_top_i/core_region_i/CORE.RISCV_CORE/id_stage_i/registers_i/mem_reg[22][18]/D
                                                             -0.32  (VIOLATED)
   pulpino_top_i/core_region_i/instr_mem_axi_if/axi_mem_if_SP_i/Slave_r_buffer_LP/buffer_i/FIFO_REGISTERS_reg[1][5]/D
                                                             -0.32  (VIOLATED)
   pulpino_top_i/core_region_i/CORE.RISCV_CORE/id_stage_i/mult_operand_a_ex_o_reg[2]/TE
                                                             -0.32  (VIOLATED)
   pulpino_top_i/core_region_i/CORE.RISCV_CORE/if_stage_i/prefetch_32.prefetch_buffer_i/fifo_i/is_hwlp_Q_reg[1]/D
                                                             -0.32  (VIOLATED)
   pulpino_top_i/core_region_i/CORE.RISCV_CORE/id_stage_i/registers_i/mem_reg[5][3]/D
                                                             -0.32  (VIOLATED)
   pulpino_top_i/core_region_i/CORE.RISCV_CORE/id_stage_i/registers_i/mem_reg[16][12]/D
                                                             -0.32  (VIOLATED)
   pulpino_top_i/core_region_i/CORE.RISCV_CORE/id_stage_i/hwloop_regs_i/hwlp_counter_q_reg[1][13]/D
                                                             -0.32  (VIOLATED)
   pulpino_top_i/core_region_i/CORE.RISCV_CORE/id_stage_i/registers_i/mem_reg[6][22]/D
                                                             -0.32  (VIOLATED)
   pulpino_top_i/core_region_i/CORE.RISCV_CORE/id_stage_i/registers_i/mem_reg[25][5]/D
                                                             -0.32  (VIOLATED)
   pulpino_top_i/core_region_i/CORE.RISCV_CORE/id_stage_i/registers_i/mem_reg[20][18]/D
                                                             -0.32  (VIOLATED)
   pulpino_top_i/core_region_i/CORE.RISCV_CORE/id_stage_i/registers_i/mem_reg[2][12]/D
                                                             -0.32  (VIOLATED)
   pulpino_top_i/core_region_i/CORE.RISCV_CORE/id_stage_i/registers_i/mem_reg[25][3]/D
                                                             -0.32  (VIOLATED)
   pulpino_top_i/core_region_i/instr_mem/sp_ram_wrap_i/bank1_byte0/D[3]
                                                             -0.32  (VIOLATED)
   pulpino_top_i/core_region_i/CORE.RISCV_CORE/id_stage_i/hwloop_regs_i/hwlp_counter_q_reg[0][23]/D
                                                             -0.32  (VIOLATED)
   pulpino_top_i/core_region_i/CORE.RISCV_CORE/id_stage_i/mult_dot_op_a_ex_o_reg[22]/TE
                                                             -0.32  (VIOLATED)
   pulpino_top_i/core_region_i/CORE.RISCV_CORE/id_stage_i/registers_i/mem_reg[2][1]/D
                                                             -0.32  (VIOLATED)
   pulpino_top_i/core_region_i/data_mem/bank3_byte2/A[7]     -0.32  (VIOLATED)
   pulpino_top_i/core_region_i/instr_mem/sp_ram_wrap_i/bank1_byte0/D[4]
                                                             -0.32  (VIOLATED)
   pulpino_top_i/core_region_i/CORE.RISCV_CORE/id_stage_i/registers_i/mem_reg[18][9]/D
                                                             -0.32  (VIOLATED)
   pulpino_top_i/core_region_i/CORE.RISCV_CORE/id_stage_i/mult_dot_op_a_ex_o_reg[16]/TE
                                                             -0.32  (VIOLATED)
   pulpino_top_i/core_region_i/CORE.RISCV_CORE/id_stage_i/registers_i/mem_reg[6][13]/D
                                                             -0.32  (VIOLATED)
   pulpino_top_i/core_region_i/CORE.RISCV_CORE/id_stage_i/mult_operand_b_ex_o_reg[29]/D
                                                             -0.32  (VIOLATED)
   pulpino_top_i/core_region_i/CORE.RISCV_CORE/id_stage_i/registers_i/mem_reg[2][25]/D
                                                             -0.32  (VIOLATED)
   pulpino_top_i/core_region_i/CORE.RISCV_CORE/id_stage_i/registers_i/mem_reg[16][4]/D
                                                             -0.32  (VIOLATED)
   pulpino_top_i/core_region_i/CORE.RISCV_CORE/id_stage_i/registers_i/mem_reg[16][26]/D
                                                             -0.32  (VIOLATED)
   pulpino_top_i/core_region_i/CORE.RISCV_CORE/id_stage_i/registers_i/mem_reg[18][4]/D
                                                             -0.32  (VIOLATED)
   pulpino_top_i/axi_interconnect_i/axi_node_i/_RESP_BLOCK_GEN[1].RESP_BLOCK/BR_ALLOC/outstanding_counter_reg[0]/D
                                                             -0.32  (VIOLATED)
   pulpino_top_i/core_region_i/CORE.RISCV_CORE/id_stage_i/registers_i/mem_reg[19][4]/D
                                                             -0.32  (VIOLATED)
   pulpino_top_i/core_region_i/CORE.RISCV_CORE/id_stage_i/registers_i/mem_reg[19][25]/D
                                                             -0.32  (VIOLATED)
   pulpino_top_i/core_region_i/CORE.RISCV_CORE/id_stage_i/registers_i/mem_reg[15][24]/D
                                                             -0.32  (VIOLATED)
   pulpino_top_i/core_region_i/CORE.RISCV_CORE/id_stage_i/registers_i/mem_reg[1][27]/D
                                                             -0.32  (VIOLATED)
   pulpino_top_i/core_region_i/CORE.RISCV_CORE/id_stage_i/registers_i/mem_reg[2][10]/D
                                                             -0.32  (VIOLATED)
   pulpino_top_i/core_region_i/CORE.RISCV_CORE/id_stage_i/registers_i/mem_reg[3][26]/D
                                                             -0.32  (VIOLATED)
   pulpino_top_i/core_region_i/CORE.RISCV_CORE/id_stage_i/registers_i/mem_reg[19][28]/D
                                                             -0.32  (VIOLATED)
   pulpino_top_i/core_region_i/CORE.RISCV_CORE/id_stage_i/registers_i/mem_reg[3][3]/D
                                                             -0.32  (VIOLATED)
   pulpino_top_i/core_region_i/CORE.RISCV_CORE/cs_registers_i/PCCR_q_reg[0][15]/D
                                                             -0.32  (VIOLATED)
   pulpino_top_i/core_region_i/CORE.RISCV_CORE/id_stage_i/hwloop_regs_i/hwlp_counter_q_reg[1][10]/D
                                                             -0.32  (VIOLATED)
   pulpino_top_i/core_region_i/CORE.RISCV_CORE/id_stage_i/mult_operand_b_ex_o_reg[6]/D
                                                             -0.32  (VIOLATED)
   pulpino_top_i/core_region_i/CORE.RISCV_CORE/id_stage_i/registers_i/mem_reg[19][23]/D
                                                             -0.32  (VIOLATED)
   pulpino_top_i/core_region_i/CORE.RISCV_CORE/id_stage_i/registers_i/mem_reg[6][15]/D
                                                             -0.32  (VIOLATED)
   pulpino_top_i/core_region_i/CORE.RISCV_CORE/id_stage_i/mult_dot_op_c_ex_o_reg[6]/TE
                                                             -0.32  (VIOLATED)
   pulpino_top_i/core_region_i/CORE.RISCV_CORE/id_stage_i/mult_dot_op_c_ex_o_reg[7]/TE
                                                             -0.32  (VIOLATED)
   pulpino_top_i/core_region_i/CORE.RISCV_CORE/id_stage_i/registers_i/mem_reg[15][13]/D
                                                             -0.32  (VIOLATED)
   pulpino_top_i/core_region_i/CORE.RISCV_CORE/id_stage_i/registers_i/mem_reg[9][14]/D
                                                             -0.32  (VIOLATED)
   pulpino_top_i/core_region_i/CORE.RISCV_CORE/id_stage_i/mult_dot_op_a_ex_o_reg[9]/TE
                                                             -0.32  (VIOLATED)
   pulpino_top_i/core_region_i/CORE.RISCV_CORE/id_stage_i/registers_i/mem_reg[19][24]/D
                                                             -0.32  (VIOLATED)
   pulpino_top_i/core_region_i/CORE.RISCV_CORE/id_stage_i/registers_i/mem_reg[7][14]/D
                                                             -0.32  (VIOLATED)
   pulpino_top_i/core_region_i/CORE.RISCV_CORE/id_stage_i/mult_dot_op_b_ex_o_reg[6]/D
                                                             -0.32  (VIOLATED)
   pulpino_top_i/peripherals_i/axi2apb_i/genblk1.axi2apb_i/RDATA_Q_reg[2]/D
                                                             -0.32  (VIOLATED)
   pulpino_top_i/core_region_i/CORE.RISCV_CORE/id_stage_i/registers_i/mem_reg[26][14]/D
                                                             -0.32  (VIOLATED)
   pulpino_top_i/core_region_i/CORE.RISCV_CORE/id_stage_i/registers_i/mem_reg[6][25]/D
                                                             -0.32  (VIOLATED)
   pulpino_top_i/core_region_i/CORE.RISCV_CORE/id_stage_i/mult_dot_op_c_ex_o_reg[8]/TE
                                                             -0.32  (VIOLATED)
   pulpino_top_i/core_region_i/CORE.RISCV_CORE/id_stage_i/registers_i/mem_reg[1][1]/D
                                                             -0.32  (VIOLATED)
   pulpino_top_i/core_region_i/CORE.RISCV_CORE/id_stage_i/mult_dot_op_a_ex_o_reg[6]/TE
                                                             -0.32  (VIOLATED)
   pulpino_top_i/core_region_i/CORE.RISCV_CORE/id_stage_i/registers_i/mem_reg[15][14]/D
                                                             -0.32  (VIOLATED)
   pulpino_top_i/core_region_i/instr_mem/sp_ram_wrap_i/bank1_byte0/D[6]
                                                             -0.32  (VIOLATED)
   pulpino_top_i/core_region_i/CORE.RISCV_CORE/id_stage_i/registers_i/mem_reg[12][1]/D
                                                             -0.32  (VIOLATED)
   pulpino_top_i/core_region_i/CORE.RISCV_CORE/id_stage_i/registers_i/mem_reg[13][14]/D
                                                             -0.32  (VIOLATED)
   pulpino_top_i/core_region_i/CORE.RISCV_CORE/id_stage_i/registers_i/mem_reg[18][12]/D
                                                             -0.31  (VIOLATED)
   pulpino_top_i/core_region_i/CORE.RISCV_CORE/id_stage_i/registers_i/mem_reg[25][17]/D
                                                             -0.31  (VIOLATED)
   pulpino_top_i/core_region_i/CORE.RISCV_CORE/id_stage_i/registers_i/mem_reg[4][24]/D
                                                             -0.31  (VIOLATED)
   pulpino_top_i/core_region_i/CORE.RISCV_CORE/id_stage_i/mult_dot_op_c_ex_o_reg[13]/TE
                                                             -0.31  (VIOLATED)
   pulpino_top_i/core_region_i/CORE.RISCV_CORE/id_stage_i/mult_dot_op_c_ex_o_reg[9]/TE
                                                             -0.31  (VIOLATED)
   pulpino_top_i/core_region_i/CORE.RISCV_CORE/id_stage_i/registers_i/mem_reg[9][23]/D
                                                             -0.31  (VIOLATED)
   pulpino_top_i/core_region_i/CORE.RISCV_CORE/id_stage_i/registers_i/mem_reg[9][12]/D
                                                             -0.31  (VIOLATED)
   pulpino_top_i/core_region_i/CORE.RISCV_CORE/id_stage_i/mult_dot_op_c_ex_o_reg[10]/TE
                                                             -0.31  (VIOLATED)
   pulpino_top_i/core_region_i/CORE.RISCV_CORE/id_stage_i/hwloop_regs_i/hwlp_counter_q_reg[1][26]/D
                                                             -0.31  (VIOLATED)
   pulpino_top_i/core_region_i/CORE.RISCV_CORE/id_stage_i/registers_i/mem_reg[20][12]/D
                                                             -0.31  (VIOLATED)
   pulpino_top_i/core_region_i/CORE.RISCV_CORE/id_stage_i/mult_dot_op_c_ex_o_reg[11]/TE
                                                             -0.31  (VIOLATED)
   pulpino_top_i/core_region_i/instr_mem/sp_ram_wrap_i/bank3_byte3/D[3]
                                                             -0.31  (VIOLATED)
   pulpino_top_i/core_region_i/CORE.RISCV_CORE/id_stage_i/mult_dot_op_a_ex_o_reg[20]/TE
                                                             -0.31  (VIOLATED)
   pulpino_top_i/core_region_i/CORE.RISCV_CORE/id_stage_i/registers_i/mem_reg[20][9]/D
                                                             -0.31  (VIOLATED)
   pulpino_top_i/core_region_i/CORE.RISCV_CORE/id_stage_i/mult_dot_op_c_ex_o_reg[12]/TE
                                                             -0.31  (VIOLATED)
   pulpino_top_i/core_region_i/CORE.RISCV_CORE/id_stage_i/registers_i/mem_reg[3][13]/D
                                                             -0.31  (VIOLATED)
   pulpino_top_i/core_region_i/CORE.RISCV_CORE/id_stage_i/registers_i/mem_reg[25][15]/D
                                                             -0.31  (VIOLATED)
   pulpino_top_i/core_region_i/CORE.RISCV_CORE/id_stage_i/registers_i/mem_reg[21][4]/D
                                                             -0.31  (VIOLATED)
   pulpino_top_i/core_region_i/CORE.RISCV_CORE/id_stage_i/registers_i/mem_reg[29][2]/D
                                                             -0.31  (VIOLATED)
   pulpino_top_i/peripherals_i/axi2apb_i/genblk1.axi2apb_i/RDATA_Q_reg[29]/D
                                                             -0.31  (VIOLATED)
   pulpino_top_i/axi_interconnect_i/axi_node_i/_RESP_BLOCK_GEN[0].RESP_BLOCK/BR_ALLOC/outstanding_counter_reg[8]/D
                                                             -0.31  (VIOLATED)
   pulpino_top_i/core_region_i/CORE.RISCV_CORE/id_stage_i/mult_dot_op_a_ex_o_reg[15]/D
                                                             -0.31  (VIOLATED)
   pulpino_top_i/core_region_i/CORE.RISCV_CORE/id_stage_i/mult_operand_a_ex_o_reg[15]/D
                                                             -0.31  (VIOLATED)
   pulpino_top_i/core_region_i/data_mem/bank0_byte2/D[5]     -0.31  (VIOLATED)
   pulpino_top_i/core_region_i/CORE.RISCV_CORE/id_stage_i/registers_i/mem_reg[25][4]/D
                                                             -0.31  (VIOLATED)
   pulpino_top_i/core_region_i/CORE.RISCV_CORE/id_stage_i/registers_i/mem_reg[6][17]/D
                                                             -0.31  (VIOLATED)
   pulpino_top_i/axi_interconnect_i/axi_node_i/_RESP_BLOCK_GEN[1].RESP_BLOCK/BR_ALLOC/outstanding_counter_reg[6]/D
                                                             -0.31  (VIOLATED)
   pulpino_top_i/peripherals_i/axi2apb_i/genblk1.axi2apb_i/RDATA_Q_reg[19]/D
                                                             -0.31  (VIOLATED)
   pulpino_top_i/core_region_i/CORE.RISCV_CORE/id_stage_i/registers_i/mem_reg[3][15]/D
                                                             -0.31  (VIOLATED)
   pulpino_top_i/core_region_i/CORE.RISCV_CORE/id_stage_i/registers_i/mem_reg[6][10]/D
                                                             -0.31  (VIOLATED)
   pulpino_top_i/core_region_i/CORE.RISCV_CORE/cs_registers_i/PCCR_q_reg[0][16]/D
                                                             -0.31  (VIOLATED)
   pulpino_top_i/core_region_i/CORE.RISCV_CORE/id_stage_i/registers_i/mem_reg[4][0]/D
                                                             -0.31  (VIOLATED)
   pulpino_top_i/core_region_i/CORE.RISCV_CORE/id_stage_i/registers_i/mem_reg[8][3]/D
                                                             -0.31  (VIOLATED)
   pulpino_top_i/core_region_i/CORE.RISCV_CORE/id_stage_i/mult_dot_op_a_ex_o_reg[29]/TE
                                                             -0.31  (VIOLATED)
   pulpino_top_i/core_region_i/CORE.RISCV_CORE/id_stage_i/registers_i/mem_reg[24][10]/D
                                                             -0.31  (VIOLATED)
   pulpino_top_i/core_region_i/CORE.RISCV_CORE/id_stage_i/mult_operand_c_ex_o_reg[0]/D
                                                             -0.31  (VIOLATED)
   pulpino_top_i/core_region_i/CORE.RISCV_CORE/id_stage_i/alu_operand_a_ex_o_reg[15]/D
                                                             -0.31  (VIOLATED)
   pulpino_top_i/core_region_i/data_mem/bank2_byte1/D[2]     -0.31  (VIOLATED)
   pulpino_top_i/axi_interconnect_i/axi_node_i/_RESP_BLOCK_GEN[1].RESP_BLOCK/BR_ALLOC/outstanding_counter_reg[3]/D
                                                             -0.31  (VIOLATED)
   pulpino_top_i/core_region_i/CORE.RISCV_CORE/id_stage_i/hwloop_regs_i/hwlp_counter_q_reg[0][11]/D
                                                             -0.31  (VIOLATED)
   pulpino_top_i/core_region_i/CORE.RISCV_CORE/id_stage_i/registers_i/mem_reg[24][24]/D
                                                             -0.31  (VIOLATED)
   pulpino_top_i/core_region_i/CORE.RISCV_CORE/id_stage_i/registers_i/mem_reg[11][14]/D
                                                             -0.31  (VIOLATED)
   pulpino_top_i/core_region_i/CORE.RISCV_CORE/id_stage_i/registers_i/mem_reg[9][7]/D
                                                             -0.31  (VIOLATED)
   pulpino_top_i/core_region_i/CORE.RISCV_CORE/id_stage_i/registers_i/mem_reg[1][17]/D
                                                             -0.31  (VIOLATED)
   pulpino_top_i/core_region_i/CORE.RISCV_CORE/id_stage_i/mult_dot_op_a_ex_o_reg[15]/TE
                                                             -0.31  (VIOLATED)
   pulpino_top_i/core_region_i/CORE.RISCV_CORE/id_stage_i/registers_i/mem_reg[15][3]/D
                                                             -0.31  (VIOLATED)
   pulpino_top_i/core_region_i/CORE.RISCV_CORE/id_stage_i/registers_i/mem_reg[5][15]/D
                                                             -0.31  (VIOLATED)
   pulpino_top_i/core_region_i/data_mem/bank3_byte3/D[1]     -0.31  (VIOLATED)
   pulpino_top_i/core_region_i/CORE.RISCV_CORE/id_stage_i/mult_dot_op_a_ex_o_reg[18]/TE
                                                             -0.31  (VIOLATED)
   pulpino_top_i/core_region_i/CORE.RISCV_CORE/id_stage_i/registers_i/mem_reg[12][7]/D
                                                             -0.31  (VIOLATED)
   pulpino_top_i/core_region_i/instr_mem/sp_ram_wrap_i/bank1_byte0/D[5]
                                                             -0.31  (VIOLATED)
   pulpino_top_i/core_region_i/CORE.RISCV_CORE/id_stage_i/mult_dot_op_a_ex_o_reg[17]/TE
                                                             -0.31  (VIOLATED)
   pulpino_top_i/core_region_i/CORE.RISCV_CORE/id_stage_i/registers_i/mem_reg[10][14]/D
                                                             -0.31  (VIOLATED)
   pulpino_top_i/core_region_i/data_mem/bank0_byte0/D[7]     -0.31  (VIOLATED)
   pulpino_top_i/core_region_i/CORE.RISCV_CORE/id_stage_i/registers_i/mem_reg[25][24]/D
                                                             -0.31  (VIOLATED)
   pulpino_top_i/core_region_i/CORE.RISCV_CORE/id_stage_i/registers_i/mem_reg[31][4]/D
                                                             -0.31  (VIOLATED)
   pulpino_top_i/core_region_i/CORE.RISCV_CORE/id_stage_i/registers_i/mem_reg[21][3]/D
                                                             -0.31  (VIOLATED)
   pulpino_top_i/core_region_i/CORE.RISCV_CORE/id_stage_i/registers_i/mem_reg[19][3]/D
                                                             -0.31  (VIOLATED)
   pulpino_top_i/axi_interconnect_i/axi_node_i/_RESP_BLOCK_GEN[1].RESP_BLOCK/BW_ALLOC/outstanding_counter_reg[7]/D
                                                             -0.31  (VIOLATED)
   pulpino_top_i/core_region_i/data_mem/bank0_byte0/D[0]     -0.31  (VIOLATED)
   pulpino_top_i/peripherals_i/apb_timer_i/TIMER_GEN[0].timer_i/regs_q_reg[0][6]/D
                                                             -0.31  (VIOLATED)
   pulpino_top_i/core_region_i/CORE.RISCV_CORE/id_stage_i/mult_dot_op_a_ex_o_reg[21]/TE
                                                             -0.31  (VIOLATED)
   pulpino_top_i/core_region_i/CORE.RISCV_CORE/id_stage_i/hwloop_regs_i/hwlp_counter_q_reg[0][2]/D
                                                             -0.31  (VIOLATED)
   pulpino_top_i/core_region_i/CORE.RISCV_CORE/id_stage_i/mult_dot_op_a_ex_o_reg[25]/TE
                                                             -0.31  (VIOLATED)
   pulpino_top_i/core_region_i/CORE.RISCV_CORE/id_stage_i/registers_i/mem_reg[15][10]/D
                                                             -0.31  (VIOLATED)
   pulpino_top_i/core_region_i/CORE.RISCV_CORE/id_stage_i/mult_dot_op_b_ex_o_reg[26]/D
                                                             -0.31  (VIOLATED)
   pulpino_top_i/core_region_i/CORE.RISCV_CORE/id_stage_i/mult_dot_op_c_ex_o_reg[0]/D
                                                             -0.31  (VIOLATED)
   pulpino_top_i/core_region_i/CORE.RISCV_CORE/id_stage_i/registers_i/mem_reg[15][31]/D
                                                             -0.31  (VIOLATED)
   pulpino_top_i/core_region_i/CORE.RISCV_CORE/id_stage_i/registers_i/mem_reg[25][14]/D
                                                             -0.31  (VIOLATED)
   pulpino_top_i/core_region_i/CORE.RISCV_CORE/id_stage_i/registers_i/mem_reg[2][24]/D
                                                             -0.31  (VIOLATED)
   pulpino_top_i/axi_interconnect_i/axi_node_i/_RESP_BLOCK_GEN[0].RESP_BLOCK/BR_ALLOC/outstanding_counter_reg[2]/D
                                                             -0.31  (VIOLATED)
   pulpino_top_i/core_region_i/CORE.RISCV_CORE/id_stage_i/registers_i/mem_reg[13][7]/D
                                                             -0.31  (VIOLATED)
   pulpino_top_i/core_region_i/CORE.RISCV_CORE/id_stage_i/registers_i/mem_reg[20][4]/D
                                                             -0.31  (VIOLATED)
   pulpino_top_i/core_region_i/CORE.RISCV_CORE/id_stage_i/registers_i/mem_reg[17][3]/D
                                                             -0.31  (VIOLATED)
   pulpino_top_i/core_region_i/CORE.RISCV_CORE/id_stage_i/mult_dot_op_a_ex_o_reg[28]/TE
                                                             -0.31  (VIOLATED)
   pulpino_top_i/core_region_i/instr_mem/sp_ram_wrap_i/bank0_byte0/D[4]
                                                             -0.31  (VIOLATED)
   pulpino_top_i/core_region_i/CORE.RISCV_CORE/id_stage_i/mult_dot_op_a_ex_o_reg[5]/TE
                                                             -0.31  (VIOLATED)
   pulpino_top_i/core_region_i/CORE.RISCV_CORE/id_stage_i/registers_i/mem_reg[16][3]/D
                                                             -0.31  (VIOLATED)
   pulpino_top_i/core_region_i/CORE.RISCV_CORE/id_stage_i/mult_dot_op_a_ex_o_reg[23]/TE
                                                             -0.31  (VIOLATED)
   pulpino_top_i/core_region_i/CORE.RISCV_CORE/id_stage_i/mult_dot_op_a_ex_o_reg[13]/D
                                                             -0.31  (VIOLATED)
   pulpino_top_i/core_region_i/CORE.RISCV_CORE/id_stage_i/mult_operand_a_ex_o_reg[13]/D
                                                             -0.31  (VIOLATED)
   pulpino_top_i/axi_interconnect_i/axi_node_i/_RESP_BLOCK_GEN[1].RESP_BLOCK/BR_ALLOC/outstanding_counter_reg[8]/D
                                                             -0.31  (VIOLATED)
   pulpino_top_i/core_region_i/CORE.RISCV_CORE/id_stage_i/registers_i/mem_reg[10][10]/D
                                                             -0.31  (VIOLATED)
   pulpino_top_i/core_region_i/CORE.RISCV_CORE/id_stage_i/mult_dot_op_c_ex_o_reg[30]/TE
                                                             -0.31  (VIOLATED)
   pulpino_top_i/peripherals_i/apb_timer_i/TIMER_GEN[0].timer_i/regs_q_reg[0][1]/D
                                                             -0.31  (VIOLATED)
   pulpino_top_i/core_region_i/CORE.RISCV_CORE/id_stage_i/registers_i/mem_reg[27][4]/D
                                                             -0.31  (VIOLATED)
   pulpino_top_i/core_region_i/instr_mem/sp_ram_wrap_i/bank3_byte3/D[6]
                                                             -0.31  (VIOLATED)
   pulpino_top_i/core_region_i/CORE.RISCV_CORE/id_stage_i/registers_i/mem_reg[3][17]/D
                                                             -0.31  (VIOLATED)
   pulpino_top_i/core_region_i/CORE.RISCV_CORE/id_stage_i/mult_dot_op_b_ex_o_reg[17]/TE
                                                             -0.31  (VIOLATED)
   pulpino_top_i/core_region_i/CORE.RISCV_CORE/id_stage_i/hwloop_regs_i/hwlp_counter_q_reg[0][14]/D
                                                             -0.31  (VIOLATED)
   pulpino_top_i/core_region_i/CORE.RISCV_CORE/id_stage_i/registers_i/mem_reg[23][3]/D
                                                             -0.31  (VIOLATED)
   pulpino_top_i/core_region_i/CORE.RISCV_CORE/id_stage_i/registers_i/mem_reg[20][10]/D
                                                             -0.31  (VIOLATED)
   pulpino_top_i/core_region_i/CORE.RISCV_CORE/id_stage_i/registers_i/mem_reg[22][4]/D
                                                             -0.31  (VIOLATED)
   pulpino_top_i/core_region_i/CORE.RISCV_CORE/id_stage_i/registers_i/mem_reg[29][4]/D
                                                             -0.31  (VIOLATED)
   pulpino_top_i/core_region_i/CORE.RISCV_CORE/id_stage_i/registers_i/mem_reg[15][0]/D
                                                             -0.31  (VIOLATED)
   pulpino_top_i/core_region_i/CORE.RISCV_CORE/id_stage_i/alu_operand_a_ex_o_reg[13]/D
                                                             -0.31  (VIOLATED)
   pulpino_top_i/core_region_i/CORE.RISCV_CORE/id_stage_i/registers_i/mem_reg[23][4]/D
                                                             -0.31  (VIOLATED)
   pulpino_top_i/core_region_i/instr_mem/sp_ram_wrap_i/bank2_byte3/A[1]
                                                             -0.31  (VIOLATED)
   pulpino_top_i/core_region_i/CORE.RISCV_CORE/id_stage_i/registers_i/mem_reg[20][3]/D
                                                             -0.31  (VIOLATED)
   pulpino_top_i/core_region_i/CORE.RISCV_CORE/id_stage_i/mult_dot_op_a_ex_o_reg[19]/TE
                                                             -0.31  (VIOLATED)
   pulpino_top_i/core_region_i/CORE.RISCV_CORE/id_stage_i/mult_dot_op_b_ex_o_reg[30]/TE
                                                             -0.30  (VIOLATED)
   pulpino_top_i/core_region_i/CORE.RISCV_CORE/id_stage_i/registers_i/mem_reg[15][15]/D
                                                             -0.30  (VIOLATED)
   pulpino_top_i/core_region_i/CORE.RISCV_CORE/id_stage_i/registers_i/mem_reg[18][23]/D
                                                             -0.30  (VIOLATED)
   pulpino_top_i/core_region_i/CORE.RISCV_CORE/id_stage_i/mult_dot_op_b_ex_o_reg[0]/D
                                                             -0.30  (VIOLATED)
   pulpino_top_i/core_region_i/CORE.RISCV_CORE/id_stage_i/mult_operand_b_ex_o_reg[0]/D
                                                             -0.30  (VIOLATED)
   pulpino_top_i/core_region_i/CORE.RISCV_CORE/id_stage_i/registers_i/mem_reg[15][17]/D
                                                             -0.30  (VIOLATED)
   pulpino_top_i/core_region_i/CORE.RISCV_CORE/id_stage_i/mult_dot_op_b_ex_o_reg[1]/TE
                                                             -0.30  (VIOLATED)
   pulpino_top_i/core_region_i/CORE.RISCV_CORE/id_stage_i/mult_dot_op_a_ex_o_reg[8]/TE
                                                             -0.30  (VIOLATED)
   pulpino_top_i/core_region_i/CORE.RISCV_CORE/id_stage_i/hwloop_regs_i/hwlp_counter_q_reg[0][12]/D
                                                             -0.30  (VIOLATED)
   pulpino_top_i/peripherals_i/apb_timer_i/TIMER_GEN[1].timer_i/cycle_counter_q_reg[17]/D
                                                             -0.30  (VIOLATED)
   pulpino_top_i/core_region_i/CORE.RISCV_CORE/id_stage_i/registers_i/mem_reg[15][25]/D
                                                             -0.30  (VIOLATED)
   pulpino_top_i/core_region_i/CORE.RISCV_CORE/id_stage_i/mult_dot_op_a_ex_o_reg[0]/D
                                                             -0.30  (VIOLATED)
   pulpino_top_i/core_region_i/CORE.RISCV_CORE/id_stage_i/registers_i/mem_reg[21][25]/D
                                                             -0.30  (VIOLATED)
   pulpino_top_i/core_region_i/CORE.RISCV_CORE/id_stage_i/mult_dot_op_b_ex_o_reg[27]/TE
                                                             -0.30  (VIOLATED)
   pulpino_top_i/core_region_i/CORE.RISCV_CORE/id_stage_i/mult_dot_op_c_ex_o_reg[20]/TE
                                                             -0.30  (VIOLATED)
   pulpino_top_i/core_region_i/CORE.RISCV_CORE/id_stage_i/mult_dot_op_c_ex_o_reg[27]/TE
                                                             -0.30  (VIOLATED)
   pulpino_top_i/core_region_i/CORE.RISCV_CORE/id_stage_i/mult_dot_op_c_ex_o_reg[28]/TE
                                                             -0.30  (VIOLATED)
   pulpino_top_i/core_region_i/CORE.RISCV_CORE/id_stage_i/mult_operand_b_ex_o_reg[15]/D
                                                             -0.30  (VIOLATED)
   pulpino_top_i/core_region_i/CORE.RISCV_CORE/id_stage_i/registers_i/mem_reg[3][0]/D
                                                             -0.30  (VIOLATED)
   pulpino_top_i/core_region_i/CORE.RISCV_CORE/id_stage_i/mult_dot_op_c_ex_o_reg[29]/TE
                                                             -0.30  (VIOLATED)
   pulpino_top_i/core_region_i/CORE.RISCV_CORE/id_stage_i/mult_dot_op_a_ex_o_reg[30]/TE
                                                             -0.30  (VIOLATED)
   pulpino_top_i/core_region_i/CORE.RISCV_CORE/id_stage_i/registers_i/mem_reg[20][25]/D
                                                             -0.30  (VIOLATED)
   pulpino_top_i/core_region_i/CORE.RISCV_CORE/id_stage_i/mult_dot_op_b_ex_o_reg[11]/TE
                                                             -0.30  (VIOLATED)
   pulpino_top_i/core_region_i/data_mem/bank3_byte0/CSN      -0.30  (VIOLATED)
   pulpino_top_i/core_region_i/instr_mem/sp_ram_wrap_i/bank0_byte3/D[3]
                                                             -0.30  (VIOLATED)
   pulpino_top_i/core_region_i/CORE.RISCV_CORE/id_stage_i/registers_i/mem_reg[28][4]/D
                                                             -0.30  (VIOLATED)
   pulpino_top_i/core_region_i/CORE.RISCV_CORE/id_stage_i/registers_i/mem_reg[6][31]/D
                                                             -0.30  (VIOLATED)
   pulpino_top_i/core_region_i/CORE.RISCV_CORE/id_stage_i/registers_i/mem_reg[18][3]/D
                                                             -0.30  (VIOLATED)
   pulpino_top_i/core_region_i/CORE.RISCV_CORE/id_stage_i/mult_operand_a_ex_o_reg[0]/D
                                                             -0.30  (VIOLATED)
   pulpino_top_i/core_region_i/CORE.RISCV_CORE/id_stage_i/mult_dot_op_b_ex_o_reg[3]/TE
                                                             -0.30  (VIOLATED)
   pulpino_top_i/axi_interconnect_i/axi_node_i/_RESP_BLOCK_GEN[0].RESP_BLOCK/BR_ALLOC/outstanding_counter_reg[4]/D
                                                             -0.30  (VIOLATED)
   pulpino_top_i/core_region_i/CORE.RISCV_CORE/id_stage_i/alu_operand_c_ex_o_reg[0]/D
                                                             -0.30  (VIOLATED)
   pulpino_top_i/core_region_i/CORE.RISCV_CORE/id_stage_i/registers_i/mem_reg[18][25]/D
                                                             -0.30  (VIOLATED)
   pulpino_top_i/core_region_i/CORE.RISCV_CORE/id_stage_i/registers_i/mem_reg[3][7]/D
                                                             -0.30  (VIOLATED)
   pulpino_top_i/core_region_i/CORE.RISCV_CORE/id_stage_i/registers_i/mem_reg[3][14]/D
                                                             -0.30  (VIOLATED)
   pulpino_top_i/core_region_i/CORE.RISCV_CORE/id_stage_i/registers_i/mem_reg[22][3]/D
                                                             -0.30  (VIOLATED)
   pulpino_top_i/core_region_i/instr_mem/sp_ram_wrap_i/bank0_byte1/D[0]
                                                             -0.30  (VIOLATED)
   pulpino_top_i/core_region_i/CORE.RISCV_CORE/id_stage_i/registers_i/mem_reg[6][14]/D
                                                             -0.30  (VIOLATED)
   pulpino_top_i/core_region_i/CORE.RISCV_CORE/id_stage_i/mult_dot_op_b_ex_o_reg[8]/TE
                                                             -0.30  (VIOLATED)
   pulpino_top_i/core_region_i/CORE.RISCV_CORE/id_stage_i/pc_ex_o_reg[16]/TE
                                                             -0.30  (VIOLATED)
   pulpino_top_i/core_region_i/CORE.RISCV_CORE/id_stage_i/mult_operand_a_ex_o_reg[9]/D
                                                             -0.30  (VIOLATED)
   pulpino_top_i/core_region_i/CORE.RISCV_CORE/id_stage_i/pc_ex_o_reg[12]/TE
                                                             -0.30  (VIOLATED)
   pulpino_top_i/core_region_i/CORE.RISCV_CORE/id_stage_i/mult_dot_op_b_ex_o_reg[6]/TE
                                                             -0.30  (VIOLATED)
   pulpino_top_i/axi_interconnect_i/axi_node_i/_RESP_BLOCK_GEN[2].RESP_BLOCK/BW_ALLOC/outstanding_counter_reg[5]/D
                                                             -0.30  (VIOLATED)
   pulpino_top_i/core_region_i/CORE.RISCV_CORE/id_stage_i/mult_dot_op_b_ex_o_reg[2]/TE
                                                             -0.30  (VIOLATED)
   pulpino_top_i/core_region_i/CORE.RISCV_CORE/id_stage_i/mult_dot_op_b_ex_o_reg[22]/TE
                                                             -0.30  (VIOLATED)
   pulpino_top_i/core_region_i/CORE.RISCV_CORE/id_stage_i/registers_i/mem_reg[23][23]/D
                                                             -0.30  (VIOLATED)
   pulpino_top_i/core_region_i/CORE.RISCV_CORE/id_stage_i/pc_ex_o_reg[11]/TE
                                                             -0.30  (VIOLATED)
   pulpino_top_i/core_region_i/instr_mem/sp_ram_wrap_i/bank3_byte3/D[2]
                                                             -0.30  (VIOLATED)
   pulpino_top_i/core_region_i/CORE.RISCV_CORE/id_stage_i/mult_dot_op_b_ex_o_reg[18]/TE
                                                             -0.30  (VIOLATED)
   pulpino_top_i/core_region_i/CORE.RISCV_CORE/id_stage_i/bmask_a_ex_o_reg[4]/D
                                                             -0.30  (VIOLATED)
   pulpino_top_i/core_region_i/CORE.RISCV_CORE/id_stage_i/mult_dot_op_a_ex_o_reg[9]/D
                                                             -0.30  (VIOLATED)
   pulpino_top_i/core_region_i/instr_mem/sp_ram_wrap_i/bank0_byte3/D[0]
                                                             -0.30  (VIOLATED)
   pulpino_top_i/core_region_i/CORE.RISCV_CORE/id_stage_i/registers_i/mem_reg[3][31]/D
                                                             -0.30  (VIOLATED)
   pulpino_top_i/axi_interconnect_i/axi_node_i/_RESP_BLOCK_GEN[1].RESP_BLOCK/BR_ALLOC/outstanding_counter_reg[5]/D
                                                             -0.30  (VIOLATED)
   pulpino_top_i/core_region_i/CORE.RISCV_CORE/id_stage_i/pc_ex_o_reg[5]/TE
                                                             -0.30  (VIOLATED)
   pulpino_top_i/core_region_i/instr_mem_axi_if/axi_mem_if_SP_i/Slave_r_buffer_LP/buffer_i/FIFO_REGISTERS_reg[2][17]/D
                                                             -0.30  (VIOLATED)
   pulpino_top_i/core_region_i/instr_mem_axi_if/axi_mem_if_SP_i/Slave_r_buffer_LP/buffer_i/FIFO_REGISTERS_reg[3][17]/D
                                                             -0.30  (VIOLATED)
   pulpino_top_i/core_region_i/CORE.RISCV_CORE/id_stage_i/pc_ex_o_reg[4]/TE
                                                             -0.30  (VIOLATED)
   pulpino_top_i/core_region_i/instr_mem_axi_if/axi_mem_if_SP_i/Slave_r_buffer_LP/buffer_i/FIFO_REGISTERS_reg[1][17]/D
                                                             -0.30  (VIOLATED)
   pulpino_top_i/core_region_i/instr_mem_axi_if/axi_mem_if_SP_i/Slave_r_buffer_LP/buffer_i/FIFO_REGISTERS_reg[0][17]/D
                                                             -0.30  (VIOLATED)
   pulpino_top_i/core_region_i/CORE.RISCV_CORE/id_stage_i/mult_dot_op_b_ex_o_reg[13]/TE
                                                             -0.30  (VIOLATED)
   pulpino_top_i/core_region_i/instr_mem/sp_ram_wrap_i/bank3_byte0/D[6]
                                                             -0.30  (VIOLATED)
   pulpino_top_i/core_region_i/CORE.RISCV_CORE/id_stage_i/pc_ex_o_reg[6]/TE
                                                             -0.30  (VIOLATED)
   pulpino_top_i/core_region_i/CORE.RISCV_CORE/id_stage_i/hwloop_regs_i/hwlp_counter_q_reg[0][15]/D
                                                             -0.30  (VIOLATED)
   pulpino_top_i/core_region_i/CORE.RISCV_CORE/id_stage_i/mult_dot_op_b_ex_o_reg[0]/TE
                                                             -0.30  (VIOLATED)
   pulpino_top_i/core_region_i/CORE.RISCV_CORE/id_stage_i/registers_i/mem_reg[5][22]/D
                                                             -0.30  (VIOLATED)
   pulpino_top_i/core_region_i/instr_mem/sp_ram_wrap_i/bank0_byte0/A[4]
                                                             -0.30  (VIOLATED)
   pulpino_top_i/core_region_i/CORE.RISCV_CORE/id_stage_i/registers_i/mem_reg[22][25]/D
                                                             -0.30  (VIOLATED)
   pulpino_top_i/core_region_i/CORE.RISCV_CORE/id_stage_i/mult_dot_op_a_ex_o_reg[3]/TE
                                                             -0.30  (VIOLATED)
   pulpino_top_i/core_region_i/CORE.RISCV_CORE/id_stage_i/mult_dot_op_b_ex_o_reg[28]/TE
                                                             -0.30  (VIOLATED)
   pulpino_top_i/core_region_i/CORE.RISCV_CORE/id_stage_i/registers_i/mem_reg[4][1]/D
                                                             -0.30  (VIOLATED)
   pulpino_top_i/core_region_i/CORE.RISCV_CORE/id_stage_i/registers_i/mem_reg[19][27]/D
                                                             -0.30  (VIOLATED)
   pulpino_top_i/core_region_i/CORE.RISCV_CORE/id_stage_i/mult_dot_op_b_ex_o_reg[9]/TE
                                                             -0.30  (VIOLATED)
   pulpino_top_i/core_region_i/instr_mem/sp_ram_wrap_i/bank0_byte0/D[5]
                                                             -0.30  (VIOLATED)
   pulpino_top_i/core_region_i/CORE.RISCV_CORE/id_stage_i/alu_operand_a_ex_o_reg[0]/D
                                                             -0.30  (VIOLATED)
   pulpino_top_i/core_region_i/CORE.RISCV_CORE/id_stage_i/mult_dot_op_b_ex_o_reg[15]/D
                                                             -0.30  (VIOLATED)
   pulpino_top_i/core_region_i/CORE.RISCV_CORE/id_stage_i/hwloop_regs_i/hwlp_start_q_reg[0][15]/TI
                                                             -0.30  (VIOLATED)
   pulpino_top_i/core_region_i/CORE.RISCV_CORE/id_stage_i/mult_dot_op_a_ex_o_reg[4]/TE
                                                             -0.30  (VIOLATED)
   pulpino_top_i/core_region_i/CORE.RISCV_CORE/id_stage_i/registers_i/mem_reg[13][10]/D
                                                             -0.30  (VIOLATED)
   pulpino_top_i/core_region_i/CORE.RISCV_CORE/id_stage_i/mult_dot_op_b_ex_o_reg[12]/TE
                                                             -0.30  (VIOLATED)
   pulpino_top_i/core_region_i/CORE.RISCV_CORE/id_stage_i/registers_i/mem_reg[3][18]/D
                                                             -0.30  (VIOLATED)
   pulpino_top_i/core_region_i/CORE.RISCV_CORE/id_stage_i/registers_i/mem_reg[23][25]/D
                                                             -0.30  (VIOLATED)
   pulpino_top_i/core_region_i/CORE.RISCV_CORE/id_stage_i/mult_dot_op_b_ex_o_reg[21]/TE
                                                             -0.30  (VIOLATED)
   pulpino_top_i/core_region_i/CORE.RISCV_CORE/id_stage_i/mult_dot_op_b_ex_o_reg[19]/TE
                                                             -0.30  (VIOLATED)
   pulpino_top_i/peripherals_i/apb_timer_i/TIMER_GEN[1].timer_i/cycle_counter_q_reg[20]/D
                                                             -0.30  (VIOLATED)
   pulpino_top_i/core_region_i/CORE.RISCV_CORE/id_stage_i/hwloop_regs_i/hwlp_counter_q_reg[0][13]/D
                                                             -0.30  (VIOLATED)
   pulpino_top_i/core_region_i/CORE.RISCV_CORE/id_stage_i/alu_operator_ex_o_reg[1]/D
                                                             -0.30  (VIOLATED)
   pulpino_top_i/core_region_i/CORE.RISCV_CORE/id_stage_i/registers_i/mem_reg[15][22]/D
                                                             -0.30  (VIOLATED)
   pulpino_top_i/core_region_i/CORE.RISCV_CORE/id_stage_i/mult_dot_op_b_ex_o_reg[5]/TE
                                                             -0.30  (VIOLATED)
   pulpino_top_i/core_region_i/CORE.RISCV_CORE/id_stage_i/mult_dot_op_b_ex_o_reg[29]/TE
                                                             -0.30  (VIOLATED)
   pulpino_top_i/core_region_i/CORE.RISCV_CORE/id_stage_i/mult_dot_op_b_ex_o_reg[4]/TE
                                                             -0.30  (VIOLATED)
   pulpino_top_i/core_region_i/CORE.RISCV_CORE/id_stage_i/controller_i/ctrl_fsm_cs_reg[0]/TE
                                                             -0.30  (VIOLATED)
   pulpino_top_i/core_region_i/instr_mem/sp_ram_wrap_i/bank2_byte3/A[10]
                                                             -0.30  (VIOLATED)
   pulpino_top_i/core_region_i/CORE.RISCV_CORE/id_stage_i/mult_dot_op_a_ex_o_reg[1]/TE
                                                             -0.30  (VIOLATED)
   pulpino_top_i/core_region_i/CORE.RISCV_CORE/id_stage_i/regfile_alu_we_ex_o_reg/TE
                                                             -0.30  (VIOLATED)
   pulpino_top_i/core_region_i/CORE.RISCV_CORE/id_stage_i/hwloop_regs_i/hwlp_counter_q_reg[1][14]/D
                                                             -0.30  (VIOLATED)
   pulpino_top_i/core_region_i/CORE.RISCV_CORE/id_stage_i/registers_i/mem_reg[24][4]/D
                                                             -0.30  (VIOLATED)
   pulpino_top_i/axi_interconnect_i/axi_node_i/_RESP_BLOCK_GEN[2].RESP_BLOCK/BW_ALLOC/outstanding_counter_reg[6]/D
                                                             -0.30  (VIOLATED)
   pulpino_top_i/core_region_i/CORE.RISCV_CORE/id_stage_i/mult_dot_op_b_ex_o_reg[24]/TE
                                                             -0.30  (VIOLATED)
   pulpino_top_i/peripherals_i/apb_timer_i/TIMER_GEN[1].timer_i/regs_q_reg[0][27]/D
                                                             -0.30  (VIOLATED)
   pulpino_top_i/core_region_i/CORE.RISCV_CORE/id_stage_i/hwloop_regs_i/hwlp_start_q_reg[0][12]/TI
                                                             -0.30  (VIOLATED)
   pulpino_top_i/core_region_i/CORE.RISCV_CORE/id_stage_i/registers_i/mem_reg[16][10]/D
                                                             -0.30  (VIOLATED)
   pulpino_top_i/core_region_i/CORE.RISCV_CORE/id_stage_i/registers_i/mem_reg[24][5]/D
                                                             -0.30  (VIOLATED)
   pulpino_top_i/core_region_i/instr_mem_axi_if/axi_mem_if_SP_i/Slave_r_buffer_LP/buffer_i/FIFO_REGISTERS_reg[0][6]/D
                                                             -0.30  (VIOLATED)
   pulpino_top_i/core_region_i/CORE.RISCV_CORE/id_stage_i/hwloop_regs_i/hwlp_counter_q_reg[1][15]/D
                                                             -0.30  (VIOLATED)
   pulpino_top_i/core_region_i/CORE.RISCV_CORE/id_stage_i/mult_dot_op_c_ex_o_reg[23]/TE
                                                             -0.30  (VIOLATED)
   pulpino_top_i/core_region_i/instr_mem_axi_if/axi_mem_if_SP_i/Slave_r_buffer_LP/buffer_i/FIFO_REGISTERS_reg[1][6]/D
                                                             -0.30  (VIOLATED)
   pulpino_top_i/core_region_i/instr_mem_axi_if/axi_mem_if_SP_i/Slave_r_buffer_LP/buffer_i/FIFO_REGISTERS_reg[3][6]/D
                                                             -0.30  (VIOLATED)
   pulpino_top_i/core_region_i/CORE.RISCV_CORE/id_stage_i/mult_dot_op_b_ex_o_reg[20]/TE
                                                             -0.30  (VIOLATED)
   pulpino_top_i/peripherals_i/apb_timer_i/TIMER_GEN[0].timer_i/regs_q_reg[0][2]/D
                                                             -0.30  (VIOLATED)
   pulpino_top_i/core_region_i/instr_mem_axi_if/axi_mem_if_SP_i/Slave_r_buffer_LP/buffer_i/FIFO_REGISTERS_reg[2][6]/D
                                                             -0.30  (VIOLATED)
   pulpino_top_i/peripherals_i/apb_timer_i/TIMER_GEN[1].timer_i/cycle_counter_q_reg[21]/D
                                                             -0.30  (VIOLATED)
   pulpino_top_i/peripherals_i/apb_timer_i/TIMER_GEN[0].timer_i/regs_q_reg[0][13]/D
                                                             -0.30  (VIOLATED)
   pulpino_top_i/core_region_i/CORE.RISCV_CORE/id_stage_i/registers_i/mem_reg[3][22]/D
                                                             -0.30  (VIOLATED)
   pulpino_top_i/core_region_i/CORE.RISCV_CORE/id_stage_i/registers_i/mem_reg[18][28]/D
                                                             -0.30  (VIOLATED)
   pulpino_top_i/core_region_i/CORE.RISCV_CORE/id_stage_i/registers_i/mem_reg[23][28]/D
                                                             -0.30  (VIOLATED)
   pulpino_top_i/core_region_i/CORE.RISCV_CORE/id_stage_i/registers_i/mem_reg[18][7]/D
                                                             -0.30  (VIOLATED)
   pulpino_top_i/core_region_i/CORE.RISCV_CORE/id_stage_i/registers_i/mem_reg[16][23]/D
                                                             -0.30  (VIOLATED)
   pulpino_top_i/core_region_i/CORE.RISCV_CORE/id_stage_i/registers_i/mem_reg[12][10]/D
                                                             -0.30  (VIOLATED)
   pulpino_top_i/core_region_i/CORE.RISCV_CORE/id_stage_i/mult_dot_op_b_ex_o_reg[25]/TE
                                                             -0.30  (VIOLATED)
   pulpino_top_i/core_region_i/CORE.RISCV_CORE/id_stage_i/registers_i/mem_reg[28][10]/D
                                                             -0.30  (VIOLATED)
   pulpino_top_i/core_region_i/CORE.RISCV_CORE/id_stage_i/mult_dot_op_b_ex_o_reg[7]/TE
                                                             -0.30  (VIOLATED)
   pulpino_top_i/core_region_i/CORE.RISCV_CORE/id_stage_i/mult_dot_op_b_ex_o_reg[15]/TE
                                                             -0.30  (VIOLATED)
   pulpino_top_i/core_region_i/CORE.RISCV_CORE/id_stage_i/alu_operand_b_ex_o_reg[3]/TE
                                                             -0.30  (VIOLATED)
   pulpino_top_i/peripherals_i/axi_spi_slave_i/axi_spi_slave_i/u_axiplug/curr_addr_reg[29]/D
                                                             -0.30  (VIOLATED)
   pulpino_top_i/core_region_i/CORE.RISCV_CORE/id_stage_i/alu_operand_b_ex_o_reg[2]/TE
                                                             -0.30  (VIOLATED)
   pulpino_top_i/core_region_i/CORE.RISCV_CORE/id_stage_i/registers_i/mem_reg[3][25]/D
                                                             -0.30  (VIOLATED)
   pulpino_top_i/core_region_i/CORE.RISCV_CORE/id_stage_i/alu_operand_b_ex_o_reg[4]/TE
                                                             -0.30  (VIOLATED)
   pulpino_top_i/core_region_i/CORE.RISCV_CORE/id_stage_i/registers_i/mem_reg[25][10]/D
                                                             -0.30  (VIOLATED)
   pulpino_top_i/core_region_i/CORE.RISCV_CORE/id_stage_i/mult_dot_op_b_ex_o_reg[31]/TE
                                                             -0.30  (VIOLATED)
   pulpino_top_i/core_region_i/CORE.RISCV_CORE/id_stage_i/mult_dot_op_b_ex_o_reg[26]/TE
                                                             -0.30  (VIOLATED)
   pulpino_top_i/peripherals_i/apb_timer_i/TIMER_GEN[0].timer_i/cycle_counter_q_reg[25]/D
                                                             -0.30  (VIOLATED)
   pulpino_top_i/core_region_i/CORE.RISCV_CORE/id_stage_i/registers_i/mem_reg[5][0]/D
                                                             -0.30  (VIOLATED)
   pulpino_top_i/core_region_i/CORE.RISCV_CORE/id_stage_i/registers_i/mem_reg[5][10]/D
                                                             -0.30  (VIOLATED)
   pulpino_top_i/core_region_i/CORE.RISCV_CORE/id_stage_i/mult_dot_op_c_ex_o_reg[15]/D
                                                             -0.30  (VIOLATED)
   pulpino_top_i/core_region_i/CORE.RISCV_CORE/id_stage_i/registers_i/mem_reg[5][14]/D
                                                             -0.30  (VIOLATED)
   pulpino_top_i/core_region_i/CORE.RISCV_CORE/id_stage_i/registers_i/mem_reg[18][26]/D
                                                             -0.30  (VIOLATED)
   pulpino_top_i/core_region_i/instr_mem/sp_ram_wrap_i/bank0_byte3/D[4]
                                                             -0.29  (VIOLATED)
   pulpino_top_i/core_region_i/CORE.RISCV_CORE/id_stage_i/registers_i/mem_reg[8][10]/D
                                                             -0.29  (VIOLATED)
   pulpino_top_i/core_region_i/CORE.RISCV_CORE/id_stage_i/registers_i/mem_reg[22][23]/D
                                                             -0.29  (VIOLATED)
   pulpino_top_i/core_region_i/data_mem/bank3_byte1/A[7]     -0.29  (VIOLATED)
   pulpino_top_i/core_region_i/CORE.RISCV_CORE/id_stage_i/registers_i/mem_reg[16][27]/D
                                                             -0.29  (VIOLATED)
   pulpino_top_i/core_region_i/CORE.RISCV_CORE/id_stage_i/registers_i/mem_reg[20][28]/D
                                                             -0.29  (VIOLATED)
   pulpino_top_i/core_region_i/CORE.RISCV_CORE/id_stage_i/registers_i/mem_reg[22][28]/D
                                                             -0.29  (VIOLATED)
   pulpino_top_i/core_region_i/instr_mem/sp_ram_wrap_i/bank2_byte0/D[5]
                                                             -0.29  (VIOLATED)
   pulpino_top_i/core_region_i/CORE.RISCV_CORE/id_stage_i/registers_i/mem_reg[16][25]/D
                                                             -0.29  (VIOLATED)
   pulpino_top_i/core_region_i/CORE.RISCV_CORE/id_stage_i/alu_operand_b_ex_o_reg[6]/TE
                                                             -0.29  (VIOLATED)
   pulpino_top_i/core_region_i/CORE.RISCV_CORE/id_stage_i/alu_operand_b_ex_o_reg[7]/TE
                                                             -0.29  (VIOLATED)
   pulpino_top_i/core_region_i/CORE.RISCV_CORE/id_stage_i/registers_i/mem_reg[31][3]/D
                                                             -0.29  (VIOLATED)
   pulpino_top_i/core_region_i/instr_mem/sp_ram_wrap_i/bank3_byte2/A[0]
                                                             -0.29  (VIOLATED)
   pulpino_top_i/core_region_i/CORE.RISCV_CORE/id_stage_i/registers_i/mem_reg[22][27]/D
                                                             -0.29  (VIOLATED)
   pulpino_top_i/core_region_i/CORE.RISCV_CORE/id_stage_i/pc_ex_o_reg[27]/TE
                                                             -0.29  (VIOLATED)
   pulpino_top_i/core_region_i/CORE.RISCV_CORE/id_stage_i/pc_ex_o_reg[28]/TE
                                                             -0.29  (VIOLATED)
   pulpino_top_i/core_region_i/CORE.RISCV_CORE/id_stage_i/mult_operand_c_ex_o_reg[15]/D
                                                             -0.29  (VIOLATED)
   pulpino_top_i/core_region_i/CORE.RISCV_CORE/id_stage_i/pc_ex_o_reg[23]/TE
                                                             -0.29  (VIOLATED)
   pulpino_top_i/core_region_i/CORE.RISCV_CORE/id_stage_i/pc_ex_o_reg[21]/TE
                                                             -0.29  (VIOLATED)
   pulpino_top_i/core_region_i/CORE.RISCV_CORE/id_stage_i/pc_ex_o_reg[20]/TE
                                                             -0.29  (VIOLATED)
   pulpino_top_i/core_region_i/CORE.RISCV_CORE/id_stage_i/alu_operand_c_ex_o_reg[15]/D
                                                             -0.29  (VIOLATED)
   pulpino_top_i/core_region_i/CORE.RISCV_CORE/id_stage_i/alu_operand_b_ex_o_reg[31]/TE
                                                             -0.29  (VIOLATED)
   pulpino_top_i/core_region_i/CORE.RISCV_CORE/id_stage_i/pc_ex_o_reg[17]/TE
                                                             -0.29  (VIOLATED)
   pulpino_top_i/core_region_i/CORE.RISCV_CORE/id_stage_i/registers_i/mem_reg[17][27]/D
                                                             -0.29  (VIOLATED)
   pulpino_top_i/core_region_i/CORE.RISCV_CORE/id_stage_i/controller_i/ctrl_fsm_cs_reg[1]/D
                                                             -0.29  (VIOLATED)
   pulpino_top_i/peripherals_i/axi2apb_i/genblk1.axi2apb_i/RDATA_Q_reg[20]/D
                                                             -0.29  (VIOLATED)
   pulpino_top_i/core_region_i/CORE.RISCV_CORE/id_stage_i/pc_ex_o_reg[19]/TE
                                                             -0.29  (VIOLATED)
   pulpino_top_i/core_region_i/data_mem/bank0_byte1/D[6]     -0.29  (VIOLATED)
   pulpino_top_i/core_region_i/CORE.RISCV_CORE/id_stage_i/mult_operand_c_ex_o_reg[12]/TE
                                                             -0.29  (VIOLATED)
   pulpino_top_i/core_region_i/CORE.RISCV_CORE/id_stage_i/registers_i/mem_reg[20][27]/D
                                                             -0.29  (VIOLATED)
   pulpino_top_i/core_region_i/CORE.RISCV_CORE/id_stage_i/mult_dot_op_b_ex_o_reg[14]/D
                                                             -0.29  (VIOLATED)
   pulpino_top_i/core_region_i/CORE.RISCV_CORE/id_stage_i/pc_ex_o_reg[29]/TE
                                                             -0.29  (VIOLATED)
   pulpino_top_i/core_region_i/CORE.RISCV_CORE/id_stage_i/pc_ex_o_reg[24]/TE
                                                             -0.29  (VIOLATED)
   pulpino_top_i/core_region_i/CORE.RISCV_CORE/id_stage_i/pc_ex_o_reg[26]/TE
                                                             -0.29  (VIOLATED)
   pulpino_top_i/core_region_i/CORE.RISCV_CORE/cs_registers_i/PCCR_q_reg[0][19]/D
                                                             -0.29  (VIOLATED)
   pulpino_top_i/core_region_i/CORE.RISCV_CORE/id_stage_i/pc_ex_o_reg[25]/TE
                                                             -0.29  (VIOLATED)
   pulpino_top_i/core_region_i/CORE.RISCV_CORE/id_stage_i/hwloop_regs_i/hwlp_counter_q_reg[1][22]/D
                                                             -0.29  (VIOLATED)
   pulpino_top_i/core_region_i/CORE.RISCV_CORE/id_stage_i/mult_operand_b_ex_o_reg[4]/D
                                                             -0.29  (VIOLATED)
   pulpino_top_i/core_region_i/CORE.RISCV_CORE/id_stage_i/pc_ex_o_reg[31]/TE
                                                             -0.29  (VIOLATED)
   pulpino_top_i/core_region_i/CORE.RISCV_CORE/if_stage_i/prefetch_32.prefetch_buffer_i/fifo_i/addr_Q_reg[1][1]/TE
                                                             -0.29  (VIOLATED)
   pulpino_top_i/core_region_i/instr_mem/sp_ram_wrap_i/bank0_byte3/D[1]
                                                             -0.29  (VIOLATED)
   pulpino_top_i/core_region_i/CORE.RISCV_CORE/id_stage_i/pc_ex_o_reg[30]/TE
                                                             -0.29  (VIOLATED)
   pulpino_top_i/core_region_i/CORE.RISCV_CORE/id_stage_i/registers_i/mem_reg[20][23]/D
                                                             -0.29  (VIOLATED)
   pulpino_top_i/core_region_i/CORE.RISCV_CORE/id_stage_i/registers_i/mem_reg[21][27]/D
                                                             -0.29  (VIOLATED)
   pulpino_top_i/core_region_i/CORE.RISCV_CORE/id_stage_i/alu_operand_b_ex_o_reg[24]/TE
                                                             -0.29  (VIOLATED)
   pulpino_top_i/core_region_i/CORE.RISCV_CORE/id_stage_i/registers_i/mem_reg[23][27]/D
                                                             -0.29  (VIOLATED)
   pulpino_top_i/core_region_i/CORE.RISCV_CORE/id_stage_i/mult_dot_op_b_ex_o_reg[14]/TE
                                                             -0.29  (VIOLATED)
   pulpino_top_i/core_region_i/CORE.RISCV_CORE/id_stage_i/hwloop_regs_i/hwlp_counter_q_reg[0][22]/D
                                                             -0.29  (VIOLATED)
   pulpino_top_i/core_region_i/CORE.RISCV_CORE/id_stage_i/mult_operand_c_ex_o_reg[9]/TE
                                                             -0.29  (VIOLATED)
   pulpino_top_i/core_region_i/data_mem/bank1_byte3/D[2]     -0.29  (VIOLATED)
   pulpino_top_i/core_region_i/CORE.RISCV_CORE/id_stage_i/registers_i/mem_reg[16][22]/D
                                                             -0.29  (VIOLATED)
   pulpino_top_i/core_region_i/CORE.RISCV_CORE/id_stage_i/mult_operand_b_ex_o_reg[27]/TE
                                                             -0.29  (VIOLATED)
   pulpino_top_i/core_region_i/instr_mem/sp_ram_wrap_i/bank3_byte2/A[10]
                                                             -0.29  (VIOLATED)
   pulpino_top_i/axi_interconnect_i/axi_node_i/_RESP_BLOCK_GEN[0].RESP_BLOCK/BW_ALLOC/outstanding_counter_reg[4]/D
                                                             -0.29  (VIOLATED)
   pulpino_top_i/core_region_i/CORE.RISCV_CORE/id_stage_i/pc_ex_o_reg[22]/TE
                                                             -0.29  (VIOLATED)
   pulpino_top_i/core_region_i/CORE.RISCV_CORE/id_stage_i/registers_i/mem_reg[18][22]/D
                                                             -0.29  (VIOLATED)
   pulpino_top_i/core_region_i/CORE.RISCV_CORE/id_stage_i/pc_ex_o_reg[18]/TE
                                                             -0.29  (VIOLATED)
   pulpino_top_i/core_region_i/CORE.RISCV_CORE/id_stage_i/mult_operand_b_ex_o_reg[2]/TE
                                                             -0.29  (VIOLATED)
   pulpino_top_i/core_region_i/CORE.RISCV_CORE/id_stage_i/pc_ex_o_reg[15]/TE
                                                             -0.29  (VIOLATED)
   pulpino_top_i/core_region_i/CORE.RISCV_CORE/id_stage_i/mult_operand_c_ex_o_reg[8]/TE
                                                             -0.29  (VIOLATED)
   pulpino_top_i/core_region_i/data_mem/bank2_byte2/D[4]     -0.29  (VIOLATED)
   pulpino_top_i/core_region_i/CORE.RISCV_CORE/id_stage_i/alu_operand_b_ex_o_reg[27]/TE
                                                             -0.29  (VIOLATED)
   pulpino_top_i/core_region_i/CORE.RISCV_CORE/id_stage_i/mult_operand_c_ex_o_reg[5]/TE
                                                             -0.29  (VIOLATED)
   pulpino_top_i/core_region_i/CORE.RISCV_CORE/id_stage_i/alu_operand_b_ex_o_reg[29]/TE
                                                             -0.29  (VIOLATED)
   pulpino_top_i/core_region_i/CORE.RISCV_CORE/id_stage_i/mult_operand_b_ex_o_reg[7]/TE
                                                             -0.29  (VIOLATED)
   pulpino_top_i/core_region_i/CORE.RISCV_CORE/id_stage_i/mult_operand_c_ex_o_reg[6]/TE
                                                             -0.29  (VIOLATED)
   pulpino_top_i/core_region_i/CORE.RISCV_CORE/id_stage_i/registers_i/mem_reg[20][22]/D
                                                             -0.29  (VIOLATED)
   pulpino_top_i/core_region_i/CORE.RISCV_CORE/id_stage_i/alu_operand_b_ex_o_reg[0]/TE
                                                             -0.29  (VIOLATED)
   pulpino_top_i/core_region_i/CORE.RISCV_CORE/id_stage_i/alu_operand_b_ex_o_reg[1]/TE
                                                             -0.29  (VIOLATED)
   pulpino_top_i/core_region_i/CORE.RISCV_CORE/id_stage_i/registers_i/mem_reg[1][14]/D
                                                             -0.29  (VIOLATED)
   pulpino_top_i/core_region_i/instr_mem/sp_ram_wrap_i/bank3_byte3/D[5]
                                                             -0.29  (VIOLATED)
   pulpino_top_i/core_region_i/CORE.RISCV_CORE/id_stage_i/alu_operand_b_ex_o_reg[11]/TE
                                                             -0.29  (VIOLATED)
   pulpino_top_i/core_region_i/CORE.RISCV_CORE/id_stage_i/alu_operand_b_ex_o_reg[30]/TE
                                                             -0.29  (VIOLATED)
   pulpino_top_i/core_region_i/CORE.RISCV_CORE/id_stage_i/alu_operand_b_ex_o_reg[5]/TE
                                                             -0.29  (VIOLATED)
   pulpino_top_i/core_region_i/CORE.RISCV_CORE/id_stage_i/mult_dot_op_a_ex_o_reg[13]/TE
                                                             -0.29  (VIOLATED)
   pulpino_top_i/core_region_i/CORE.RISCV_CORE/id_stage_i/mult_dot_op_b_ex_o_reg[10]/TE
                                                             -0.29  (VIOLATED)
   pulpino_top_i/axi_interconnect_i/axi_node_i/_RESP_BLOCK_GEN[2].RESP_BLOCK/BR_ALLOC/outstanding_counter_reg[9]/D
                                                             -0.29  (VIOLATED)
   pulpino_top_i/core_region_i/CORE.RISCV_CORE/id_stage_i/pc_ex_o_reg[13]/TE
                                                             -0.29  (VIOLATED)
   pulpino_top_i/core_region_i/CORE.RISCV_CORE/id_stage_i/registers_i/mem_reg[26][10]/D
                                                             -0.29  (VIOLATED)
   pulpino_top_i/core_region_i/CORE.RISCV_CORE/id_stage_i/alu_operand_b_ex_o_reg[12]/TE
                                                             -0.29  (VIOLATED)
   pulpino_top_i/core_region_i/CORE.RISCV_CORE/id_stage_i/mult_operand_b_ex_o_reg[8]/TE
                                                             -0.29  (VIOLATED)
   pulpino_top_i/core_region_i/CORE.RISCV_CORE/id_stage_i/alu_operand_b_ex_o_reg[20]/TE
                                                             -0.29  (VIOLATED)
   pulpino_top_i/core_region_i/CORE.RISCV_CORE/id_stage_i/pc_ex_o_reg[14]/TE
                                                             -0.29  (VIOLATED)
   pulpino_top_i/core_region_i/CORE.RISCV_CORE/id_stage_i/registers_i/mem_reg[23][10]/D
                                                             -0.29  (VIOLATED)
   pulpino_top_i/core_region_i/CORE.RISCV_CORE/id_stage_i/hwloop_regs_i/hwlp_end_q_reg[0][12]/TI
                                                             -0.29  (VIOLATED)
   pulpino_top_i/axi_interconnect_i/axi_node_i/_RESP_BLOCK_GEN[1].RESP_BLOCK/BR_ALLOC/outstanding_counter_reg[2]/D
                                                             -0.29  (VIOLATED)
   pulpino_top_i/core_region_i/CORE.RISCV_CORE/id_stage_i/registers_i/mem_reg[3][10]/D
                                                             -0.29  (VIOLATED)
   pulpino_top_i/core_region_i/CORE.RISCV_CORE/id_stage_i/alu_operand_a_ex_o_reg[9]/D
                                                             -0.29  (VIOLATED)
   pulpino_top_i/core_region_i/CORE.RISCV_CORE/id_stage_i/alu_operand_b_ex_o_reg[15]/TE
                                                             -0.29  (VIOLATED)
   pulpino_top_i/core_region_i/CORE.RISCV_CORE/id_stage_i/mult_operand_b_ex_o_reg[29]/TE
                                                             -0.29  (VIOLATED)
   pulpino_top_i/core_region_i/CORE.RISCV_CORE/id_stage_i/mult_operand_c_ex_o_reg[0]/TE
                                                             -0.29  (VIOLATED)
   pulpino_top_i/core_region_i/CORE.RISCV_CORE/id_stage_i/mult_operand_c_ex_o_reg[7]/TE
                                                             -0.29  (VIOLATED)
   pulpino_top_i/core_region_i/CORE.RISCV_CORE/id_stage_i/mult_operand_c_ex_o_reg[10]/TE
                                                             -0.29  (VIOLATED)
   pulpino_top_i/core_region_i/CORE.RISCV_CORE/id_stage_i/mult_dot_op_a_ex_o_reg[0]/TE
                                                             -0.29  (VIOLATED)
   pulpino_top_i/core_region_i/CORE.RISCV_CORE/id_stage_i/mult_dot_op_c_ex_o_reg[5]/TE
                                                             -0.29  (VIOLATED)
   pulpino_top_i/core_region_i/CORE.RISCV_CORE/id_stage_i/mult_operand_b_ex_o_reg[15]/TE
                                                             -0.29  (VIOLATED)
   pulpino_top_i/core_region_i/CORE.RISCV_CORE/id_stage_i/mult_operand_c_ex_o_reg[11]/TE
                                                             -0.29  (VIOLATED)
   pulpino_top_i/core_region_i/CORE.RISCV_CORE/id_stage_i/mult_dot_op_a_ex_o_reg[7]/TE
                                                             -0.29  (VIOLATED)
   pulpino_top_i/core_region_i/data_mem/bank0_byte0/D[3]     -0.29  (VIOLATED)
   pulpino_top_i/core_region_i/CORE.RISCV_CORE/id_stage_i/mult_dot_op_a_ex_o_reg[2]/TE
                                                             -0.29  (VIOLATED)
   pulpino_top_i/core_region_i/CORE.RISCV_CORE/id_stage_i/mult_dot_op_a_ex_o_reg[12]/TE
                                                             -0.29  (VIOLATED)
   pulpino_top_i/core_region_i/CORE.RISCV_CORE/id_stage_i/mult_operand_b_ex_o_reg[11]/TE
                                                             -0.29  (VIOLATED)
   pulpino_top_i/core_region_i/CORE.RISCV_CORE/id_stage_i/mult_dot_op_c_ex_o_reg[15]/TE
                                                             -0.29  (VIOLATED)
   pulpino_top_i/core_region_i/CORE.RISCV_CORE/id_stage_i/mult_operand_b_ex_o_reg[31]/TE
                                                             -0.29  (VIOLATED)
   pulpino_top_i/core_region_i/CORE.RISCV_CORE/id_stage_i/registers_i/mem_reg[29][10]/D
                                                             -0.29  (VIOLATED)
   pulpino_top_i/core_region_i/CORE.RISCV_CORE/id_stage_i/registers_i/mem_reg[8][1]/D
                                                             -0.29  (VIOLATED)
   pulpino_top_i/core_region_i/CORE.RISCV_CORE/id_stage_i/mult_dot_op_b_ex_o_reg[4]/D
                                                             -0.29  (VIOLATED)
   pulpino_top_i/core_region_i/CORE.RISCV_CORE/id_stage_i/mult_operand_b_ex_o_reg[30]/TE
                                                             -0.29  (VIOLATED)
   pulpino_top_i/core_region_i/CORE.RISCV_CORE/id_stage_i/mult_operand_b_ex_o_reg[18]/TE
                                                             -0.29  (VIOLATED)
   pulpino_top_i/core_region_i/instr_mem/sp_ram_wrap_i/bank3_byte0/A[0]
                                                             -0.29  (VIOLATED)
   pulpino_top_i/core_region_i/CORE.RISCV_CORE/id_stage_i/hwloop_regs_i/hwlp_start_q_reg[0][29]/TI
                                                             -0.29  (VIOLATED)
   pulpino_top_i/core_region_i/instr_mem/sp_ram_wrap_i/bank3_byte3/A[0]
                                                             -0.29  (VIOLATED)
   pulpino_top_i/core_region_i/CORE.RISCV_CORE/id_stage_i/mult_dot_op_c_ex_o_reg[0]/TE
                                                             -0.29  (VIOLATED)
   pulpino_top_i/peripherals_i/apb_timer_i/TIMER_GEN[0].timer_i/regs_q_reg[0][15]/D
                                                             -0.29  (VIOLATED)
   pulpino_top_i/core_region_i/CORE.RISCV_CORE/id_stage_i/mult_dot_op_a_ex_o_reg[10]/TE
                                                             -0.28  (VIOLATED)
   pulpino_top_i/core_region_i/CORE.RISCV_CORE/id_stage_i/mult_operand_b_ex_o_reg[24]/TE
                                                             -0.28  (VIOLATED)
   pulpino_top_i/peripherals_i/axi2apb_i/genblk1.axi2apb_i/RDATA_Q_reg[17]/D
                                                             -0.28  (VIOLATED)
   pulpino_top_i/core_region_i/CORE.RISCV_CORE/id_stage_i/alu_operator_ex_o_reg[5]/D
                                                             -0.28  (VIOLATED)
   pulpino_top_i/core_region_i/instr_mem/sp_ram_wrap_i/bank0_byte3/D[2]
                                                             -0.28  (VIOLATED)
   pulpino_top_i/core_region_i/CORE.RISCV_CORE/id_stage_i/mult_dot_op_a_ex_o_reg[11]/TE
                                                             -0.28  (VIOLATED)
   pulpino_top_i/core_region_i/CORE.RISCV_CORE/id_stage_i/mult_operand_b_ex_o_reg[5]/TE
                                                             -0.28  (VIOLATED)
   pulpino_top_i/peripherals_i/axi_spi_slave_i/axi_spi_slave_i/u_syncro/cs_reg_reg[0]/D
                                                             -0.28  (VIOLATED)
   pulpino_top_i/core_region_i/CORE.RISCV_CORE/id_stage_i/mult_dot_op_a_ex_o_reg[14]/TE
                                                             -0.28  (VIOLATED)
   pulpino_top_i/core_region_i/CORE.RISCV_CORE/id_stage_i/mult_dot_op_c_ex_o_reg[26]/TE
                                                             -0.28  (VIOLATED)
   pulpino_top_i/axi_interconnect_i/axi_node_i/_RESP_BLOCK_GEN[1].RESP_BLOCK/BR_ALLOC/outstanding_counter_reg[1]/D
                                                             -0.28  (VIOLATED)
   pulpino_top_i/core_region_i/CORE.RISCV_CORE/id_stage_i/mult_operand_b_ex_o_reg[19]/TE
                                                             -0.28  (VIOLATED)
   pulpino_top_i/core_region_i/CORE.RISCV_CORE/id_stage_i/registers_i/mem_reg[24][3]/D
                                                             -0.28  (VIOLATED)
   pulpino_top_i/core_region_i/CORE.RISCV_CORE/id_stage_i/mult_dot_op_c_ex_o_reg[18]/TE
                                                             -0.28  (VIOLATED)
   pulpino_top_i/core_region_i/CORE.RISCV_CORE/id_stage_i/mult_dot_op_c_ex_o_reg[25]/TE
                                                             -0.28  (VIOLATED)
   pulpino_top_i/core_region_i/CORE.RISCV_CORE/id_stage_i/mult_dot_op_c_ex_o_reg[14]/TE
                                                             -0.28  (VIOLATED)
   pulpino_top_i/core_region_i/CORE.RISCV_CORE/id_stage_i/mult_dot_op_c_ex_o_reg[16]/TE
                                                             -0.28  (VIOLATED)
   pulpino_top_i/core_region_i/CORE.RISCV_CORE/id_stage_i/registers_i/mem_reg[5][1]/D
                                                             -0.28  (VIOLATED)
   pulpino_top_i/core_region_i/axi_slice_core2axi/WITH_SLICE.axi_slice_i/ar_buffer_i/buffer_i/FIFO_REGISTERS_reg[0][9]/TE
                                                             -0.28  (VIOLATED)
   pulpino_top_i/core_region_i/axi_slice_core2axi/WITH_SLICE.axi_slice_i/ar_buffer_i/buffer_i/FIFO_REGISTERS_reg[0][11]/TE
                                                             -0.28  (VIOLATED)
   pulpino_top_i/core_region_i/CORE.RISCV_CORE/id_stage_i/mult_dot_op_a_ex_o_reg[27]/TE
                                                             -0.28  (VIOLATED)
   pulpino_top_i/core_region_i/axi_slice_core2axi/WITH_SLICE.axi_slice_i/ar_buffer_i/buffer_i/FIFO_REGISTERS_reg[0][15]/TE
                                                             -0.28  (VIOLATED)
   pulpino_top_i/core_region_i/CORE.RISCV_CORE/id_stage_i/registers_i/mem_reg[9][1]/D
                                                             -0.28  (VIOLATED)
   pulpino_top_i/core_region_i/CORE.RISCV_CORE/id_stage_i/registers_i/mem_reg[20][7]/D
                                                             -0.28  (VIOLATED)
   pulpino_top_i/core_region_i/axi_slice_core2axi/WITH_SLICE.axi_slice_i/ar_buffer_i/buffer_i/FIFO_REGISTERS_reg[0][12]/TE
                                                             -0.28  (VIOLATED)
   pulpino_top_i/core_region_i/CORE.RISCV_CORE/id_stage_i/mult_dot_op_c_ex_o_reg[2]/TE
                                                             -0.28  (VIOLATED)
   pulpino_top_i/core_region_i/CORE.RISCV_CORE/id_stage_i/registers_i/mem_reg[29][3]/D
                                                             -0.28  (VIOLATED)
   pulpino_top_i/core_region_i/CORE.RISCV_CORE/id_stage_i/mult_dot_op_c_ex_o_reg[1]/TE
                                                             -0.28  (VIOLATED)
   pulpino_top_i/core_region_i/CORE.RISCV_CORE/id_stage_i/mult_dot_op_c_ex_o_reg[19]/TE
                                                             -0.28  (VIOLATED)
   pulpino_top_i/core_region_i/CORE.RISCV_CORE/id_stage_i/mult_dot_op_a_ex_o_reg[24]/TE
                                                             -0.28  (VIOLATED)
   pulpino_top_i/core_region_i/axi_slice_core2axi/WITH_SLICE.axi_slice_i/ar_buffer_i/buffer_i/FIFO_REGISTERS_reg[0][7]/TE
                                                             -0.28  (VIOLATED)
   pulpino_top_i/core_region_i/axi_slice_core2axi/WITH_SLICE.axi_slice_i/ar_buffer_i/buffer_i/FIFO_REGISTERS_reg[0][8]/TE
                                                             -0.28  (VIOLATED)
   pulpino_top_i/core_region_i/axi_slice_core2axi/WITH_SLICE.axi_slice_i/ar_buffer_i/buffer_i/FIFO_REGISTERS_reg[0][14]/TE
                                                             -0.28  (VIOLATED)
   pulpino_top_i/core_region_i/CORE.RISCV_CORE/id_stage_i/mult_dot_op_a_ex_o_reg[26]/TE
                                                             -0.28  (VIOLATED)
   pulpino_top_i/core_region_i/CORE.RISCV_CORE/id_stage_i/mult_dot_op_c_ex_o_reg[17]/TE
                                                             -0.28  (VIOLATED)
   pulpino_top_i/core_region_i/CORE.RISCV_CORE/id_stage_i/mult_dot_op_c_ex_o_reg[2]/D
                                                             -0.28  (VIOLATED)
   pulpino_top_i/core_region_i/CORE.RISCV_CORE/id_stage_i/mult_operand_c_ex_o_reg[2]/D
                                                             -0.28  (VIOLATED)
   pulpino_top_i/core_region_i/axi_slice_core2axi/WITH_SLICE.axi_slice_i/ar_buffer_i/buffer_i/FIFO_REGISTERS_reg[0][10]/TE
                                                             -0.28  (VIOLATED)
   pulpino_top_i/core_region_i/CORE.RISCV_CORE/id_stage_i/hwloop_regs_i/hwlp_end_q_reg[0][31]/TI
                                                             -0.28  (VIOLATED)
   pulpino_top_i/core_region_i/axi_slice_core2axi/WITH_SLICE.axi_slice_i/ar_buffer_i/buffer_i/FIFO_REGISTERS_reg[0][13]/TE
                                                             -0.28  (VIOLATED)
   pulpino_top_i/core_region_i/instr_mem/sp_ram_wrap_i/bank2_byte0/A[6]
                                                             -0.28  (VIOLATED)
   pulpino_top_i/core_region_i/CORE.RISCV_CORE/id_stage_i/registers_i/mem_reg[13][1]/D
                                                             -0.28  (VIOLATED)
   pulpino_top_i/core_region_i/data_mem/bank3_byte1/D[4]     -0.28  (VIOLATED)
   pulpino_top_i/core_region_i/instr_mem/sp_ram_wrap_i/bank0_byte2/D[5]
                                                             -0.28  (VIOLATED)
   pulpino_top_i/core_region_i/CORE.RISCV_CORE/id_stage_i/mult_dot_op_c_ex_o_reg[22]/TE
                                                             -0.28  (VIOLATED)
   pulpino_top_i/core_region_i/CORE.RISCV_CORE/id_stage_i/registers_i/mem_reg[29][0]/D
                                                             -0.28  (VIOLATED)
   pulpino_top_i/peripherals_i/apb_uart_i/UART_TXFF/iFIFOMem_reg[19][0]/TE
                                                             -0.28  (VIOLATED)
   pulpino_top_i/core_region_i/CORE.RISCV_CORE/id_stage_i/mult_dot_op_c_ex_o_reg[3]/TE
                                                             -0.28  (VIOLATED)
   pulpino_top_i/peripherals_i/apb_uart_i/UART_TXFF/iFIFOMem_reg[19][1]/TE
                                                             -0.28  (VIOLATED)
   pulpino_top_i/peripherals_i/apb_timer_i/TIMER_GEN[1].timer_i/cycle_counter_q_reg[0]/D
                                                             -0.28  (VIOLATED)
   pulpino_top_i/core_region_i/CORE.RISCV_CORE/id_stage_i/mult_dot_signed_ex_o_reg[1]/TE
                                                             -0.28  (VIOLATED)
   pulpino_top_i/peripherals_i/apb_uart_i/UART_TXFF/iFIFOMem_reg[19][3]/TE
                                                             -0.28  (VIOLATED)
   pulpino_top_i/core_region_i/instr_mem/sp_ram_wrap_i/bank3_byte3/D[4]
                                                             -0.28  (VIOLATED)
   pulpino_top_i/core_region_i/CORE.RISCV_CORE/id_stage_i/data_load_event_ex_o_reg/TI
                                                             -0.28  (VIOLATED)
   pulpino_top_i/core_region_i/CORE.RISCV_CORE/id_stage_i/registers_i/mem_reg[22][10]/D
                                                             -0.28  (VIOLATED)
   pulpino_top_i/peripherals_i/apb_uart_i/UART_TXFF/iFIFOMem_reg[19][6]/TE
                                                             -0.28  (VIOLATED)
   pulpino_top_i/peripherals_i/apb_gpio_i/r_status_reg[10]/D
                                                             -0.28  (VIOLATED)
   pulpino_top_i/core_region_i/CORE.RISCV_CORE/cs_registers_i/PCCR_q_reg[0][20]/D
                                                             -0.28  (VIOLATED)
   pulpino_top_i/core_region_i/CORE.RISCV_CORE/id_stage_i/mult_dot_op_b_ex_o_reg[16]/TE
                                                             -0.28  (VIOLATED)
   pulpino_top_i/peripherals_i/apb_uart_i/UART_TXFF/iFIFOMem_reg[19][4]/TE
                                                             -0.28  (VIOLATED)
   pulpino_top_i/peripherals_i/apb_uart_i/UART_TXFF/iFIFOMem_reg[19][7]/TE
                                                             -0.28  (VIOLATED)
   pulpino_top_i/axi_interconnect_i/axi_node_i/_RESP_BLOCK_GEN[0].RESP_BLOCK/BR_ALLOC/outstanding_counter_reg[9]/TI
                                                             -0.28  (VIOLATED)
   pulpino_top_i/core_region_i/CORE.RISCV_CORE/id_stage_i/mult_dot_op_b_ex_o_reg[23]/TE
                                                             -0.28  (VIOLATED)
   pulpino_top_i/core_region_i/CORE.RISCV_CORE/cs_registers_i/PCCR_q_reg[0][25]/D
                                                             -0.28  (VIOLATED)
   pulpino_top_i/core_region_i/CORE.RISCV_CORE/id_stage_i/registers_i/mem_reg[16][7]/D
                                                             -0.28  (VIOLATED)
   pulpino_top_i/core_region_i/CORE.RISCV_CORE/id_stage_i/mult_dot_op_c_ex_o_reg[21]/TE
                                                             -0.28  (VIOLATED)
   pulpino_top_i/core_region_i/CORE.RISCV_CORE/id_stage_i/alu_operand_c_ex_o_reg[2]/D
                                                             -0.28  (VIOLATED)
   pulpino_top_i/core_region_i/CORE.RISCV_CORE/id_stage_i/mult_dot_op_c_ex_o_reg[24]/TE
                                                             -0.28  (VIOLATED)
   pulpino_top_i/peripherals_i/apb_uart_i/UART_TXFF/iFIFOMem_reg[19][5]/TE
                                                             -0.28  (VIOLATED)
   pulpino_top_i/core_region_i/CORE.RISCV_CORE/id_stage_i/hwloop_regs_i/hwlp_start_q_reg[0][30]/TI
                                                             -0.28  (VIOLATED)
   pulpino_top_i/core_region_i/data_mem/bank3_byte1/D[6]     -0.28  (VIOLATED)
   pulpino_top_i/core_region_i/CORE.RISCV_CORE/id_stage_i/mult_dot_signed_ex_o_reg[0]/TE
                                                             -0.28  (VIOLATED)
   pulpino_top_i/core_region_i/CORE.RISCV_CORE/id_stage_i/registers_i/mem_reg[18][10]/D
                                                             -0.28  (VIOLATED)
   pulpino_top_i/core_region_i/instr_mem/sp_ram_wrap_i/bank0_byte2/D[2]
                                                             -0.28  (VIOLATED)
   pulpino_top_i/core_region_i/CORE.RISCV_CORE/id_stage_i/mult_operand_b_ex_o_reg[6]/TE
                                                             -0.28  (VIOLATED)
   pulpino_top_i/core_region_i/CORE.RISCV_CORE/id_stage_i/mult_operand_b_ex_o_reg[9]/TE
                                                             -0.28  (VIOLATED)
   pulpino_top_i/core_region_i/CORE.RISCV_CORE/id_stage_i/bmask_a_ex_o_reg[1]/D
                                                             -0.28  (VIOLATED)
   pulpino_top_i/core_region_i/instr_mem/sp_ram_wrap_i/bank2_byte0/A[5]
                                                             -0.28  (VIOLATED)
   pulpino_top_i/peripherals_i/apb_uart_i/UART_TXFF/iFIFOMem_reg[19][2]/TE
                                                             -0.28  (VIOLATED)
   pulpino_top_i/peripherals_i/axi2apb_i/genblk1.axi2apb_i/RDATA_Q_reg[27]/D
                                                             -0.28  (VIOLATED)
   pulpino_top_i/core_region_i/instr_mem/sp_ram_wrap_i/bank0_byte3/D[5]
                                                             -0.28  (VIOLATED)
   pulpino_top_i/core_region_i/CORE.RISCV_CORE/id_stage_i/mult_dot_op_c_ex_o_reg[31]/TE
                                                             -0.28  (VIOLATED)
   pulpino_top_i/core_region_i/instr_mem_axi_if/axi_mem_if_SP_i/Slave_r_buffer_LP/buffer_i/FIFO_REGISTERS_reg[0][3]/D
                                                             -0.28  (VIOLATED)
   pulpino_top_i/core_region_i/instr_mem_axi_if/axi_mem_if_SP_i/Slave_r_buffer_LP/buffer_i/FIFO_REGISTERS_reg[1][3]/D
                                                             -0.28  (VIOLATED)
   pulpino_top_i/peripherals_i/apb_gpio_i/r_status_reg[2]/D
                                                             -0.28  (VIOLATED)
   pulpino_top_i/core_region_i/CORE.RISCV_CORE/id_stage_i/alu_operand_b_ex_o_reg[23]/TE
                                                             -0.28  (VIOLATED)
   pulpino_top_i/peripherals_i/apb_uart_i/UART_TXFF/iFIFOMem_reg[3][1]/TE
                                                             -0.28  (VIOLATED)
   pulpino_top_i/core_region_i/instr_mem_axi_if/axi_mem_if_SP_i/Slave_r_buffer_LP/buffer_i/FIFO_REGISTERS_reg[3][3]/D
                                                             -0.28  (VIOLATED)
   pulpino_top_i/core_region_i/CORE.RISCV_CORE/id_stage_i/mult_operand_a_ex_o_reg[3]/TE
                                                             -0.28  (VIOLATED)
   pulpino_top_i/core_region_i/CORE.RISCV_CORE/id_stage_i/mult_operand_a_ex_o_reg[4]/TE
                                                             -0.28  (VIOLATED)
   pulpino_top_i/core_region_i/CORE.RISCV_CORE/id_stage_i/mult_operand_b_ex_o_reg[26]/TE
                                                             -0.28  (VIOLATED)
   pulpino_top_i/peripherals_i/apb_uart_i/UART_TXFF/iFIFOMem_reg[3][6]/TE
                                                             -0.28  (VIOLATED)
   pulpino_top_i/core_region_i/instr_mem_axi_if/axi_mem_if_SP_i/Slave_r_buffer_LP/buffer_i/FIFO_REGISTERS_reg[2][3]/D
                                                             -0.28  (VIOLATED)
   pulpino_top_i/peripherals_i/apb_uart_i/UART_TXFF/iFIFOMem_reg[3][3]/TE
                                                             -0.28  (VIOLATED)
   pulpino_top_i/core_region_i/data_mem/bank0_byte0/D[1]     -0.28  (VIOLATED)
   pulpino_top_i/peripherals_i/apb_uart_i/UART_TXFF/iFIFOMem_reg[3][0]/TE
                                                             -0.28  (VIOLATED)
   pulpino_top_i/peripherals_i/apb_uart_i/UART_TXFF/iFIFOMem_reg[3][7]/TE
                                                             -0.28  (VIOLATED)
   pulpino_top_i/core_region_i/CORE.RISCV_CORE/id_stage_i/mult_operand_b_ex_o_reg[13]/TE
                                                             -0.28  (VIOLATED)
   pulpino_top_i/core_region_i/CORE.RISCV_CORE/id_stage_i/mult_operand_b_ex_o_reg[28]/TE
                                                             -0.28  (VIOLATED)
   pulpino_top_i/core_region_i/CORE.RISCV_CORE/id_stage_i/mult_dot_op_a_ex_o_reg[31]/TE
                                                             -0.28  (VIOLATED)
   pulpino_top_i/core_region_i/CORE.RISCV_CORE/id_stage_i/mult_operand_b_ex_o_reg[12]/TE
                                                             -0.28  (VIOLATED)
   pulpino_top_i/core_region_i/CORE.RISCV_CORE/id_stage_i/registers_i/mem_reg[15][1]/D
                                                             -0.28  (VIOLATED)
   pulpino_top_i/core_region_i/CORE.RISCV_CORE/cs_registers_i/PCCR_q_reg[0][22]/D
                                                             -0.28  (VIOLATED)
   pulpino_top_i/peripherals_i/apb_uart_i/UART_TXFF/iFIFOMem_reg[3][2]/TE
                                                             -0.28  (VIOLATED)
   pulpino_top_i/peripherals_i/apb_uart_i/UART_TXFF/iFIFOMem_reg[3][4]/TE
                                                             -0.28  (VIOLATED)
   pulpino_top_i/core_region_i/CORE.RISCV_CORE/id_stage_i/mult_dot_op_c_ex_o_reg[4]/TE
                                                             -0.28  (VIOLATED)
   pulpino_top_i/core_region_i/instr_mem/sp_ram_wrap_i/bank2_byte1/A[6]
                                                             -0.28  (VIOLATED)
   pulpino_top_i/peripherals_i/apb_timer_i/TIMER_GEN[0].timer_i/cycle_counter_q_reg[22]/D
                                                             -0.28  (VIOLATED)
   pulpino_top_i/core_region_i/CORE.RISCV_CORE/if_stage_i/prefetch_32.prefetch_buffer_i/hwlp_CS_reg[2]/D
                                                             -0.27  (VIOLATED)
   pulpino_top_i/core_region_i/instr_mem/sp_ram_wrap_i/bank0_byte3/A[9]
                                                             -0.27  (VIOLATED)
   pulpino_top_i/core_region_i/CORE.RISCV_CORE/id_stage_i/alu_operator_ex_o_reg[2]/D
                                                             -0.27  (VIOLATED)
   pulpino_top_i/peripherals_i/apb_uart_i/UART_TXFF/iFIFOMem_reg[3][5]/TE
                                                             -0.27  (VIOLATED)
   pulpino_top_i/peripherals_i/apb_timer_i/TIMER_GEN[0].timer_i/cycle_counter_q_reg[23]/D
                                                             -0.27  (VIOLATED)
   pulpino_top_i/core_region_i/CORE.RISCV_CORE/cs_registers_i/PCCR_q_reg[0][21]/D
                                                             -0.27  (VIOLATED)
   pulpino_top_i/core_region_i/CORE.RISCV_CORE/id_stage_i/mult_operand_a_ex_o_reg[1]/TE
                                                             -0.27  (VIOLATED)
   pulpino_top_i/core_region_i/CORE.RISCV_CORE/id_stage_i/mult_operand_a_ex_o_reg[9]/TE
                                                             -0.27  (VIOLATED)
   pulpino_top_i/core_region_i/CORE.RISCV_CORE/id_stage_i/mult_operand_a_ex_o_reg[10]/TE
                                                             -0.27  (VIOLATED)
   pulpino_top_i/core_region_i/CORE.RISCV_CORE/id_stage_i/registers_i/mem_reg[18][1]/D
                                                             -0.27  (VIOLATED)
   pulpino_top_i/core_region_i/CORE.RISCV_CORE/id_stage_i/mult_operand_a_ex_o_reg[20]/TE
                                                             -0.27  (VIOLATED)
   pulpino_top_i/axi_interconnect_i/axi_node_i/_RESP_BLOCK_GEN[0].RESP_BLOCK/BW_ALLOC/outstanding_counter_reg[5]/D
                                                             -0.27  (VIOLATED)
   pulpino_top_i/core_region_i/CORE.RISCV_CORE/id_stage_i/mult_operand_a_ex_o_reg[8]/TE
                                                             -0.27  (VIOLATED)
   pulpino_top_i/core_region_i/CORE.RISCV_CORE/id_stage_i/mult_operand_b_ex_o_reg[14]/TE
                                                             -0.27  (VIOLATED)
   pulpino_top_i/core_region_i/CORE.RISCV_CORE/id_stage_i/alu_operand_b_ex_o_reg[19]/TE
                                                             -0.27  (VIOLATED)
   pulpino_top_i/core_region_i/CORE.RISCV_CORE/id_stage_i/hwloop_regs_i/hwlp_start_q_reg[0][14]/TI
                                                             -0.27  (VIOLATED)
   pulpino_top_i/core_region_i/CORE.RISCV_CORE/id_stage_i/registers_i/mem_reg[19][1]/D
                                                             -0.27  (VIOLATED)
   pulpino_top_i/core_region_i/instr_mem_axi_if/axi_mem_if_SP_i/Slave_r_buffer_LP/buffer_i/FIFO_REGISTERS_reg[0][10]/D
                                                             -0.27  (VIOLATED)
   pulpino_top_i/core_region_i/instr_mem_axi_if/axi_mem_if_SP_i/Slave_r_buffer_LP/buffer_i/FIFO_REGISTERS_reg[2][10]/D
                                                             -0.27  (VIOLATED)
   pulpino_top_i/core_region_i/data_mem/bank0_byte1/D[2]     -0.27  (VIOLATED)
   pulpino_top_i/core_region_i/instr_mem_axi_if/axi_mem_if_SP_i/Slave_r_buffer_LP/buffer_i/FIFO_REGISTERS_reg[1][10]/D
                                                             -0.27  (VIOLATED)
   pulpino_top_i/core_region_i/data_mem/bank0_byte0/D[2]     -0.27  (VIOLATED)
   pulpino_top_i/core_region_i/instr_mem/sp_ram_wrap_i/bank2_byte1/A[5]
                                                             -0.27  (VIOLATED)
   pulpino_top_i/core_region_i/instr_mem_axi_if/axi_mem_if_SP_i/Slave_r_buffer_LP/buffer_i/FIFO_REGISTERS_reg[3][10]/D
                                                             -0.27  (VIOLATED)
   pulpino_top_i/core_region_i/CORE.RISCV_CORE/id_stage_i/mult_operand_a_ex_o_reg[13]/TE
                                                             -0.27  (VIOLATED)
   pulpino_top_i/core_region_i/instr_mem/sp_ram_wrap_i/bank0_byte1/A[4]
                                                             -0.27  (VIOLATED)
   pulpino_top_i/core_region_i/CORE.RISCV_CORE/id_stage_i/mult_operand_a_ex_o_reg[12]/TE
                                                             -0.27  (VIOLATED)
   pulpino_top_i/core_region_i/CORE.RISCV_CORE/id_stage_i/mult_operand_a_ex_o_reg[7]/TE
                                                             -0.27  (VIOLATED)
   pulpino_top_i/core_region_i/CORE.RISCV_CORE/id_stage_i/mult_operand_b_ex_o_reg[10]/TE
                                                             -0.27  (VIOLATED)
   pulpino_top_i/axi_interconnect_i/axi_node_i/_RESP_BLOCK_GEN[1].RESP_BLOCK/BR_ALLOC/outstanding_counter_reg[9]/TI
                                                             -0.27  (VIOLATED)
   pulpino_top_i/core_region_i/CORE.RISCV_CORE/id_stage_i/mult_operand_a_ex_o_reg[5]/TE
                                                             -0.27  (VIOLATED)
   pulpino_top_i/core_region_i/instr_mem/sp_ram_wrap_i/bank0_byte2/D[3]
                                                             -0.27  (VIOLATED)
   pulpino_top_i/core_region_i/CORE.RISCV_CORE/id_stage_i/hwloop_regs_i/hwlp_start_q_reg[0][13]/TI
                                                             -0.27  (VIOLATED)
   pulpino_top_i/peripherals_i/apb_timer_i/TIMER_GEN[0].timer_i/cycle_counter_q_reg[28]/D
                                                             -0.27  (VIOLATED)
   pulpino_top_i/core_region_i/CORE.RISCV_CORE/id_stage_i/registers_i/mem_reg[21][1]/D
                                                             -0.27  (VIOLATED)
   pulpino_top_i/axi_interconnect_i/axi_node_i/_RESP_BLOCK_GEN[1].RESP_BLOCK/DW_ADDR_DEC/MASTER_ID_FIFO/CS_reg[0]/D
                                                             -0.27  (VIOLATED)
   pulpino_top_i/core_region_i/CORE.RISCV_CORE/id_stage_i/mult_operand_b_ex_o_reg[3]/TE
                                                             -0.27  (VIOLATED)
   pulpino_top_i/core_region_i/instr_mem/sp_ram_wrap_i/bank0_byte0/A[8]
                                                             -0.27  (VIOLATED)
   pulpino_top_i/core_region_i/CORE.RISCV_CORE/id_stage_i/mult_operand_b_ex_o_reg[1]/TE
                                                             -0.27  (VIOLATED)
   pulpino_top_i/peripherals_i/apb_timer_i/TIMER_GEN[0].timer_i/cycle_counter_q_reg[24]/D
                                                             -0.27  (VIOLATED)
   pulpino_top_i/peripherals_i/apb_timer_i/TIMER_GEN[0].timer_i/cycle_counter_q_reg[20]/D
                                                             -0.27  (VIOLATED)
   pulpino_top_i/core_region_i/instr_mem/sp_ram_wrap_i/bank3_byte1/D[5]
                                                             -0.27  (VIOLATED)
   pulpino_top_i/core_region_i/data_mem/bank2_byte0/D[2]     -0.27  (VIOLATED)
   pulpino_top_i/core_region_i/CORE.RISCV_CORE/id_stage_i/mult_operand_b_ex_o_reg[17]/TE
                                                             -0.27  (VIOLATED)
   pulpino_top_i/core_region_i/instr_mem/sp_ram_wrap_i/bank0_byte2/A[3]
                                                             -0.27  (VIOLATED)
   pulpino_top_i/core_region_i/CORE.RISCV_CORE/ex_stage_i/alu_i/int_div.div_i/ResReg_DP_reg[31]/D
                                                             -0.27  (VIOLATED)
   pulpino_top_i/core_region_i/CORE.RISCV_CORE/id_stage_i/mult_operand_b_ex_o_reg[0]/TE
                                                             -0.27  (VIOLATED)
   pulpino_top_i/core_region_i/instr_mem/sp_ram_wrap_i/bank0_byte3/D[7]
                                                             -0.27  (VIOLATED)
   pulpino_top_i/core_region_i/CORE.RISCV_CORE/id_stage_i/registers_i/mem_reg[16][1]/D
                                                             -0.27  (VIOLATED)
   pulpino_top_i/peripherals_i/apb_uart_i/UART_TXFF/iFIFOMem_reg[23][0]/TE
                                                             -0.27  (VIOLATED)
   pulpino_top_i/peripherals_i/apb_uart_i/UART_TXFF/iFIFOMem_reg[23][1]/TE
                                                             -0.27  (VIOLATED)
   pulpino_top_i/peripherals_i/apb_uart_i/UART_TXFF/iFIFOMem_reg[23][3]/TE
                                                             -0.27  (VIOLATED)
   pulpino_top_i/peripherals_i/apb_uart_i/UART_TXFF/iFIFOMem_reg[23][6]/TE
                                                             -0.27  (VIOLATED)
   pulpino_top_i/core_region_i/CORE.RISCV_CORE/cs_registers_i/PCCR_q_reg[0][1]/D
                                                             -0.27  (VIOLATED)
   pulpino_top_i/core_region_i/instr_mem/sp_ram_wrap_i/bank3_byte0/D[7]
                                                             -0.27  (VIOLATED)
   pulpino_top_i/core_region_i/CORE.RISCV_CORE/id_stage_i/mult_operand_b_ex_o_reg[21]/TE
                                                             -0.27  (VIOLATED)
   pulpino_top_i/core_region_i/CORE.RISCV_CORE/id_stage_i/registers_i/mem_reg[27][1]/D
                                                             -0.27  (VIOLATED)
   pulpino_top_i/peripherals_i/apb_uart_i/UART_TXFF/iFIFOMem_reg[23][2]/TE
                                                             -0.27  (VIOLATED)
   pulpino_top_i/peripherals_i/apb_uart_i/UART_TXFF/iFIFOMem_reg[23][7]/TE
                                                             -0.27  (VIOLATED)
   pulpino_top_i/peripherals_i/apb_uart_i/UART_TXFF/iFIFOMem_reg[23][4]/TE
                                                             -0.27  (VIOLATED)
   pulpino_top_i/core_region_i/CORE.RISCV_CORE/id_stage_i/registers_i/mem_reg[29][1]/D
                                                             -0.26  (VIOLATED)
   pulpino_top_i/core_region_i/CORE.RISCV_CORE/id_stage_i/registers_i/mem_reg[28][1]/D
                                                             -0.26  (VIOLATED)
   pulpino_top_i/core_region_i/CORE.RISCV_CORE/id_stage_i/mult_operand_b_ex_o_reg[4]/TE
                                                             -0.26  (VIOLATED)
   pulpino_top_i/peripherals_i/apb_uart_i/UART_TXFF/iFIFOMem_reg[23][5]/TE
                                                             -0.26  (VIOLATED)
   pulpino_top_i/core_region_i/instr_mem/sp_ram_wrap_i/bank3_byte1/D[3]
                                                             -0.26  (VIOLATED)
   pulpino_top_i/core_region_i/CORE.RISCV_CORE/cs_registers_i/PCCR_q_reg[0][28]/D
                                                             -0.26  (VIOLATED)
   pulpino_top_i/core_region_i/CORE.RISCV_CORE/if_stage_i/pc_id_o_reg[31]/TE
                                                             -0.26  (VIOLATED)
   pulpino_top_i/core_region_i/CORE.RISCV_CORE/id_stage_i/registers_i/mem_reg[25][1]/D
                                                             -0.26  (VIOLATED)
   pulpino_top_i/core_region_i/data_mem/bank0_byte2/D[2]     -0.26  (VIOLATED)
   pulpino_top_i/core_region_i/CORE.RISCV_CORE/if_stage_i/pc_id_o_reg[0]/TE
                                                             -0.26  (VIOLATED)
   pulpino_top_i/core_region_i/instr_mem/sp_ram_wrap_i/bank0_byte1/A[8]
                                                             -0.26  (VIOLATED)
   pulpino_top_i/core_region_i/CORE.RISCV_CORE/id_stage_i/registers_i/mem_reg[23][1]/D
                                                             -0.26  (VIOLATED)
   pulpino_top_i/peripherals_i/apb_gpio_i/r_status_reg[28]/D
                                                             -0.26  (VIOLATED)
   pulpino_top_i/peripherals_i/apb_gpio_i/r_status_reg[24]/D
                                                             -0.26  (VIOLATED)
   pulpino_top_i/core_region_i/CORE.RISCV_CORE/id_stage_i/mult_operand_b_ex_o_reg[25]/TE
                                                             -0.26  (VIOLATED)
   pulpino_top_i/core_region_i/CORE.RISCV_CORE/id_stage_i/regfile_waddr_ex_o_reg[2]/TE
                                                             -0.26  (VIOLATED)
   pulpino_top_i/peripherals_i/apb_uart_i/UART_TXFF/iFIFOMem_reg[51][2]/TE
                                                             -0.26  (VIOLATED)
   pulpino_top_i/core_region_i/CORE.RISCV_CORE/if_stage_i/pc_id_o_reg[1]/TE
                                                             -0.26  (VIOLATED)
   pulpino_top_i/peripherals_i/apb_uart_i/UART_TXFF/iFIFOMem_reg[51][1]/TE
                                                             -0.26  (VIOLATED)
   pulpino_top_i/peripherals_i/apb_uart_i/UART_TXFF/iFIFOMem_reg[51][3]/TE
                                                             -0.26  (VIOLATED)
   pulpino_top_i/peripherals_i/apb_uart_i/UART_TXFF/iFIFOMem_reg[51][0]/TE
                                                             -0.26  (VIOLATED)
   pulpino_top_i/core_region_i/adv_dbg_if_i/dbg_module_i/i_dbg_axi/axi_biu_i/axi_fsm_state_reg[0]/D
                                                             -0.26  (VIOLATED)
   pulpino_top_i/core_region_i/CORE.RISCV_CORE/id_stage_i/hwloop_regs_i/hwlp_start_q_reg[0][18]/TI
                                                             -0.26  (VIOLATED)
   pulpino_top_i/core_region_i/CORE.RISCV_CORE/load_store_unit_i/CS_reg[1]/D
                                                             -0.26  (VIOLATED)
   pulpino_top_i/core_region_i/CORE.RISCV_CORE/id_stage_i/registers_i/mem_reg[17][1]/D
                                                             -0.26  (VIOLATED)
   pulpino_top_i/core_region_i/data_mem/bank0_byte2/D[1]     -0.26  (VIOLATED)
   pulpino_top_i/core_region_i/CORE.RISCV_CORE/id_stage_i/registers_i/mem_reg[26][1]/D
                                                             -0.26  (VIOLATED)
   pulpino_top_i/core_region_i/CORE.RISCV_CORE/id_stage_i/registers_i/mem_reg[20][1]/D
                                                             -0.26  (VIOLATED)
   pulpino_top_i/core_region_i/CORE.RISCV_CORE/id_stage_i/registers_i/mem_reg[22][1]/D
                                                             -0.26  (VIOLATED)
   pulpino_top_i/peripherals_i/apb_timer_i/TIMER_GEN[0].timer_i/cycle_counter_q_reg[21]/D
                                                             -0.26  (VIOLATED)
   pulpino_top_i/core_region_i/CORE.RISCV_CORE/id_stage_i/regfile_waddr_ex_o_reg[0]/TE
                                                             -0.26  (VIOLATED)
   pulpino_top_i/core_region_i/CORE.RISCV_CORE/id_stage_i/regfile_waddr_ex_o_reg[3]/TE
                                                             -0.26  (VIOLATED)
   pulpino_top_i/core_region_i/CORE.RISCV_CORE/id_stage_i/regfile_waddr_ex_o_reg[4]/TE
                                                             -0.26  (VIOLATED)
   pulpino_top_i/core_region_i/CORE.RISCV_CORE/id_stage_i/regfile_waddr_ex_o_reg[1]/TE
                                                             -0.26  (VIOLATED)
   pulpino_top_i/axi_interconnect_i/axi_node_i/_RESP_BLOCK_GEN[1].RESP_BLOCK/BW_ALLOC/outstanding_counter_reg[5]/D
                                                             -0.26  (VIOLATED)
   pulpino_top_i/core_region_i/CORE.RISCV_CORE/id_stage_i/hwloop_regs_i/hwlp_end_q_reg[0][24]/TE
                                                             -0.26  (VIOLATED)
   pulpino_top_i/core_region_i/CORE.RISCV_CORE/id_stage_i/hwloop_regs_i/hwlp_end_q_reg[0][25]/TE
                                                             -0.26  (VIOLATED)
   pulpino_top_i/core_region_i/CORE.RISCV_CORE/id_stage_i/hwloop_regs_i/hwlp_end_q_reg[0][26]/TE
                                                             -0.26  (VIOLATED)
   pulpino_top_i/peripherals_i/apb_timer_i/TIMER_GEN[0].timer_i/cycle_counter_q_reg[27]/D
                                                             -0.26  (VIOLATED)
   pulpino_top_i/peripherals_i/apb_timer_i/TIMER_GEN[0].timer_i/cycle_counter_q_reg[26]/D
                                                             -0.26  (VIOLATED)
   pulpino_top_i/axi_interconnect_i/axi_node_i/_RESP_BLOCK_GEN[0].RESP_BLOCK/DW_ADDR_DEC/MASTER_ID_FIFO/CS_reg[1]/D
                                                             -0.26  (VIOLATED)
   pulpino_top_i/core_region_i/CORE.RISCV_CORE/id_stage_i/hwloop_regs_i/hwlp_end_q_reg[0][27]/TE
                                                             -0.26  (VIOLATED)
   pulpino_top_i/peripherals_i/axi2apb_i/genblk1.axi2apb_i/RDATA_Q_reg[14]/D
                                                             -0.26  (VIOLATED)
   pulpino_top_i/core_region_i/CORE.RISCV_CORE/id_stage_i/csr_op_ex_o_reg[1]/D
                                                             -0.26  (VIOLATED)
   pulpino_top_i/core_region_i/CORE.RISCV_CORE/id_stage_i/hwloop_regs_i/hwlp_end_q_reg[0][21]/TE
                                                             -0.26  (VIOLATED)
   pulpino_top_i/core_region_i/CORE.RISCV_CORE/id_stage_i/hwloop_regs_i/hwlp_end_q_reg[0][22]/TE
                                                             -0.26  (VIOLATED)
   pulpino_top_i/core_region_i/CORE.RISCV_CORE/id_stage_i/hwloop_regs_i/hwlp_end_q_reg[0][23]/TE
                                                             -0.26  (VIOLATED)
   pulpino_top_i/core_region_i/CORE.RISCV_CORE/id_stage_i/hwloop_regs_i/hwlp_start_q_reg[1][25]/TE
                                                             -0.26  (VIOLATED)
   pulpino_top_i/core_region_i/CORE.RISCV_CORE/id_stage_i/hwloop_regs_i/hwlp_start_q_reg[1][26]/TE
                                                             -0.26  (VIOLATED)
   pulpino_top_i/peripherals_i/axi_spi_slave_i/axi_spi_slave_i/u_axiplug/curr_addr_reg[28]/D
                                                             -0.26  (VIOLATED)
   pulpino_top_i/core_region_i/instr_mem_axi_if/axi_mem_if_SP_i/Slave_r_buffer_LP/buffer_i/FIFO_REGISTERS_reg[1][11]/D
                                                             -0.26  (VIOLATED)
   pulpino_top_i/core_region_i/instr_mem_axi_if/axi_mem_if_SP_i/Slave_r_buffer_LP/buffer_i/FIFO_REGISTERS_reg[2][11]/D
                                                             -0.26  (VIOLATED)
   pulpino_top_i/core_region_i/instr_mem_axi_if/axi_mem_if_SP_i/Slave_r_buffer_LP/buffer_i/FIFO_REGISTERS_reg[3][11]/D
                                                             -0.26  (VIOLATED)
   pulpino_top_i/peripherals_i/apb_uart_i/UART_TXFF/iFIFOMem_reg[11][1]/TE
                                                             -0.26  (VIOLATED)
   pulpino_top_i/core_region_i/CORE.RISCV_CORE/id_stage_i/hwloop_regs_i/hwlp_start_q_reg[1][22]/TE
                                                             -0.26  (VIOLATED)
   pulpino_top_i/core_region_i/instr_mem_axi_if/axi_mem_if_SP_i/Slave_r_buffer_LP/buffer_i/FIFO_REGISTERS_reg[0][11]/D
                                                             -0.26  (VIOLATED)
   pulpino_top_i/axi_interconnect_i/axi_node_i/_RESP_BLOCK_GEN[0].RESP_BLOCK/DW_ADDR_DEC/MASTER_ID_FIFO/Push_Pointer_CS_reg[2]/TI
                                                             -0.26  (VIOLATED)
   pulpino_top_i/core_region_i/CORE.RISCV_CORE/cs_registers_i/PCCR_q_reg[0][6]/D
                                                             -0.26  (VIOLATED)
   pulpino_top_i/peripherals_i/apb_uart_i/UART_TXFF/iFIFOMem_reg[51][5]/TE
                                                             -0.26  (VIOLATED)
   pulpino_top_i/core_region_i/CORE.RISCV_CORE/id_stage_i/hwloop_regs_i/hwlp_end_q_reg[0][30]/TE
                                                             -0.26  (VIOLATED)
   pulpino_top_i/core_region_i/CORE.RISCV_CORE/id_stage_i/hwloop_regs_i/hwlp_start_q_reg[1][21]/TE
                                                             -0.26  (VIOLATED)
   pulpino_top_i/peripherals_i/apb_uart_i/UART_TXFF/iFIFOMem_reg[7][0]/TE
                                                             -0.26  (VIOLATED)
   pulpino_top_i/core_region_i/CORE.RISCV_CORE/id_stage_i/hwloop_regs_i/hwlp_start_q_reg[0][24]/TE
                                                             -0.26  (VIOLATED)
   pulpino_top_i/core_region_i/CORE.RISCV_CORE/id_stage_i/hwloop_regs_i/hwlp_start_q_reg[0][25]/TE
                                                             -0.26  (VIOLATED)
   pulpino_top_i/core_region_i/CORE.RISCV_CORE/id_stage_i/hwloop_regs_i/hwlp_end_q_reg[0][29]/TI
                                                             -0.26  (VIOLATED)
   pulpino_top_i/core_region_i/CORE.RISCV_CORE/id_stage_i/hwloop_regs_i/hwlp_start_q_reg[0][26]/TE
                                                             -0.26  (VIOLATED)
   pulpino_top_i/core_region_i/CORE.RISCV_CORE/if_stage_i/prefetch_32.prefetch_buffer_i/fifo_i/addr_Q_reg[1][0]/TE
                                                             -0.26  (VIOLATED)
   pulpino_top_i/peripherals_i/apb_uart_i/UART_TXFF/iFIFOMem_reg[7][1]/TE
                                                             -0.26  (VIOLATED)
   pulpino_top_i/peripherals_i/apb_uart_i/UART_TXFF/iFIFOMem_reg[7][3]/TE
                                                             -0.26  (VIOLATED)
   pulpino_top_i/core_region_i/CORE.RISCV_CORE/id_stage_i/alu_operator_ex_o_reg[4]/D
                                                             -0.26  (VIOLATED)
   pulpino_top_i/peripherals_i/apb_uart_i/UART_TXFF/iFIFOMem_reg[7][7]/TE
                                                             -0.26  (VIOLATED)
   pulpino_top_i/core_region_i/CORE.RISCV_CORE/id_stage_i/hwloop_regs_i/hwlp_start_q_reg[0][21]/TE
                                                             -0.26  (VIOLATED)
   pulpino_top_i/core_region_i/CORE.RISCV_CORE/id_stage_i/hwloop_regs_i/hwlp_start_q_reg[0][22]/TE
                                                             -0.26  (VIOLATED)
   pulpino_top_i/core_region_i/CORE.RISCV_CORE/id_stage_i/csr_op_ex_o_reg[0]/D
                                                             -0.26  (VIOLATED)
   pulpino_top_i/peripherals_i/apb_uart_i/UART_TXFF/iFIFOMem_reg[51][4]/TE
                                                             -0.26  (VIOLATED)
   pulpino_top_i/peripherals_i/apb_uart_i/UART_TXFF/iFIFOMem_reg[51][7]/TE
                                                             -0.26  (VIOLATED)
   pulpino_top_i/core_region_i/CORE.RISCV_CORE/id_stage_i/hwloop_regs_i/hwlp_start_q_reg[0][27]/TE
                                                             -0.26  (VIOLATED)
   pulpino_top_i/core_region_i/CORE.RISCV_CORE/id_stage_i/hwloop_regs_i/hwlp_start_q_reg[0][28]/TE
                                                             -0.26  (VIOLATED)
   pulpino_top_i/peripherals_i/apb_uart_i/UART_TXFF/iFIFOMem_reg[51][6]/TE
                                                             -0.26  (VIOLATED)
   pulpino_top_i/core_region_i/CORE.RISCV_CORE/id_stage_i/hwloop_regs_i/hwlp_start_q_reg[0][23]/TE
                                                             -0.26  (VIOLATED)
   pulpino_top_i/peripherals_i/apb_uart_i/UART_TXFF/iFIFOMem_reg[7][2]/TE
                                                             -0.26  (VIOLATED)
   pulpino_top_i/core_region_i/CORE.RISCV_CORE/id_stage_i/hwloop_regs_i/hwlp_end_q_reg[0][20]/TE
                                                             -0.26  (VIOLATED)
   pulpino_top_i/core_region_i/CORE.RISCV_CORE/id_stage_i/hwloop_regs_i/hwlp_end_q_reg[0][31]/TE
                                                             -0.26  (VIOLATED)
   pulpino_top_i/core_region_i/CORE.RISCV_CORE/id_stage_i/hwloop_regs_i/hwlp_start_q_reg[1][23]/TE
                                                             -0.26  (VIOLATED)
   pulpino_top_i/core_region_i/instr_mem/sp_ram_wrap_i/bank0_byte2/D[7]
                                                             -0.26  (VIOLATED)
   pulpino_top_i/peripherals_i/apb_uart_i/UART_TXFF/iFIFOMem_reg[11][5]/TE
                                                             -0.26  (VIOLATED)
   pulpino_top_i/peripherals_i/apb_uart_i/UART_TXFF/iFIFOMem_reg[27][1]/TE
                                                             -0.26  (VIOLATED)
   pulpino_top_i/core_region_i/CORE.RISCV_CORE/if_stage_i/is_hwlp_id_q_reg/TE
                                                             -0.26  (VIOLATED)
   pulpino_top_i/peripherals_i/apb_uart_i/UART_TXFF/iFIFOMem_reg[27][0]/TE
                                                             -0.26  (VIOLATED)
   pulpino_top_i/peripherals_i/apb_uart_i/UART_TXFF/iFIFOMem_reg[27][3]/TE
                                                             -0.26  (VIOLATED)
   pulpino_top_i/core_region_i/instr_mem/sp_ram_wrap_i/bank3_byte1/D[1]
                                                             -0.26  (VIOLATED)
   pulpino_top_i/peripherals_i/apb_timer_i/TIMER_GEN[0].timer_i/cycle_counter_q_reg[29]/D
                                                             -0.26  (VIOLATED)
   pulpino_top_i/core_region_i/CORE.RISCV_CORE/id_stage_i/hwloop_regs_i/hwlp_start_q_reg[1][27]/TE
                                                             -0.26  (VIOLATED)
   pulpino_top_i/core_region_i/CORE.RISCV_CORE/id_stage_i/hwloop_regs_i/hwlp_end_q_reg[0][28]/TE
                                                             -0.26  (VIOLATED)
   pulpino_top_i/core_region_i/CORE.RISCV_CORE/cs_registers_i/PCCR_q_reg[0][10]/D
                                                             -0.26  (VIOLATED)
   pulpino_top_i/peripherals_i/apb_uart_i/UART_TXFF/iFIFOMem_reg[7][4]/TE
                                                             -0.26  (VIOLATED)
   pulpino_top_i/core_region_i/CORE.RISCV_CORE/id_stage_i/hwloop_regs_i/hwlp_start_q_reg[0][20]/TE
                                                             -0.26  (VIOLATED)
   pulpino_top_i/peripherals_i/axi2apb_i/genblk1.axi2apb_i/RDATA_Q_reg[18]/D
                                                             -0.26  (VIOLATED)
   pulpino_top_i/peripherals_i/apb_uart_i/UART_TXFF/iFIFOMem_reg[11][4]/TE
                                                             -0.26  (VIOLATED)
   pulpino_top_i/peripherals_i/apb_uart_i/UART_TXFF/iFIFOMem_reg[11][7]/TE
                                                             -0.26  (VIOLATED)
   pulpino_top_i/core_region_i/CORE.RISCV_CORE/id_stage_i/hwloop_regs_i/hwlp_start_q_reg[1][28]/TE
                                                             -0.26  (VIOLATED)
   pulpino_top_i/core_region_i/instr_mem/sp_ram_wrap_i/bank0_byte3/D[6]
                                                             -0.26  (VIOLATED)
   pulpino_top_i/core_region_i/instr_mem/sp_ram_wrap_i/bank3_byte1/D[6]
                                                             -0.26  (VIOLATED)
   pulpino_top_i/core_region_i/CORE.RISCV_CORE/id_stage_i/hwloop_regs_i/hwlp_end_q_reg[0][19]/TE
                                                             -0.26  (VIOLATED)
   pulpino_top_i/core_region_i/CORE.RISCV_CORE/id_stage_i/hwloop_regs_i/hwlp_start_q_reg[1][20]/TE
                                                             -0.26  (VIOLATED)
   pulpino_top_i/core_region_i/instr_mem/sp_ram_wrap_i/bank2_byte1/D[0]
                                                             -0.26  (VIOLATED)
   pulpino_top_i/core_region_i/CORE.RISCV_CORE/id_stage_i/hwloop_regs_i/hwlp_end_q_reg[0][29]/TE
                                                             -0.26  (VIOLATED)
   pulpino_top_i/peripherals_i/apb_uart_i/UART_TXFF/iFIFOMem_reg[27][4]/TE
                                                             -0.26  (VIOLATED)
   pulpino_top_i/core_region_i/CORE.RISCV_CORE/id_stage_i/hwloop_regs_i/hwlp_start_q_reg[0][29]/TE
                                                             -0.26  (VIOLATED)
   pulpino_top_i/core_region_i/CORE.RISCV_CORE/id_stage_i/hwloop_regs_i/hwlp_start_q_reg[1][29]/TE
                                                             -0.26  (VIOLATED)
   pulpino_top_i/core_region_i/CORE.RISCV_CORE/id_stage_i/controller_i/ctrl_fsm_cs_reg[4]/D
                                                             -0.26  (VIOLATED)
   pulpino_top_i/core_region_i/CORE.RISCV_CORE/cs_registers_i/PCCR_q_reg[0][3]/D
                                                             -0.26  (VIOLATED)
   pulpino_top_i/core_region_i/instr_mem/sp_ram_wrap_i/bank0_byte1/D[4]
                                                             -0.26  (VIOLATED)
   pulpino_top_i/peripherals_i/apb_uart_i/UART_TXFF/iFIFOMem_reg[7][6]/TE
                                                             -0.26  (VIOLATED)
   pulpino_top_i/peripherals_i/apb_uart_i/UART_TXFF/iFIFOMem_reg[27][6]/TE
                                                             -0.26  (VIOLATED)
   pulpino_top_i/peripherals_i/apb_uart_i/UART_TXFF/iFIFOMem_reg[7][5]/TE
                                                             -0.25  (VIOLATED)
   pulpino_top_i/peripherals_i/apb_uart_i/UART_TXFF/iFIFOMem_reg[27][7]/TE
                                                             -0.25  (VIOLATED)
   pulpino_top_i/core_region_i/CORE.RISCV_CORE/id_stage_i/hwloop_regs_i/hwlp_start_q_reg[1][24]/TE
                                                             -0.25  (VIOLATED)
   pulpino_top_i/core_region_i/CORE.RISCV_CORE/id_stage_i/hwloop_regs_i/hwlp_start_q_reg[1][30]/TE
                                                             -0.25  (VIOLATED)
   pulpino_top_i/peripherals_i/apb_timer_i/TIMER_GEN[1].timer_i/regs_q_reg[0][9]/D
                                                             -0.25  (VIOLATED)
   pulpino_top_i/peripherals_i/apb_uart_i/UART_TXFF/iFIFOMem_reg[11][2]/TE
                                                             -0.25  (VIOLATED)
   pulpino_top_i/core_region_i/CORE.RISCV_CORE/id_stage_i/hwloop_regs_i/hwlp_start_q_reg[0][19]/TE
                                                             -0.25  (VIOLATED)
   pulpino_top_i/core_region_i/CORE.RISCV_CORE/id_stage_i/hwloop_regs_i/hwlp_start_q_reg[1][19]/TE
                                                             -0.25  (VIOLATED)
   pulpino_top_i/peripherals_i/apb_uart_i/UART_TXFF/iFIFOMem_reg[27][2]/TE
                                                             -0.25  (VIOLATED)
   pulpino_top_i/peripherals_i/apb_uart_i/UART_TXFF/iFIFOMem_reg[11][6]/TE
                                                             -0.25  (VIOLATED)
   pulpino_top_i/axi_interconnect_i/axi_node_i/_RESP_BLOCK_GEN[0].RESP_BLOCK/BW_ALLOC/outstanding_counter_reg[2]/D
                                                             -0.25  (VIOLATED)
   pulpino_top_i/peripherals_i/apb_uart_i/UART_TXFF/iFIFOMem_reg[11][0]/TE
                                                             -0.25  (VIOLATED)
   pulpino_top_i/core_region_i/CORE.RISCV_CORE/id_stage_i/mult_operand_a_ex_o_reg[11]/TE
                                                             -0.25  (VIOLATED)
   pulpino_top_i/core_region_i/CORE.RISCV_CORE/id_stage_i/regfile_alu_waddr_ex_o_reg[2]/TE
                                                             -0.25  (VIOLATED)
   pulpino_top_i/core_region_i/CORE.RISCV_CORE/id_stage_i/regfile_alu_waddr_ex_o_reg[3]/TE
                                                             -0.25  (VIOLATED)
   pulpino_top_i/peripherals_i/apb_uart_i/UART_TXFF/iFIFOMem_reg[11][3]/TE
                                                             -0.25  (VIOLATED)
   pulpino_top_i/core_region_i/CORE.RISCV_CORE/id_stage_i/mult_operand_a_ex_o_reg[14]/TE
                                                             -0.25  (VIOLATED)
   pulpino_top_i/core_region_i/CORE.RISCV_CORE/id_stage_i/mult_operand_a_ex_o_reg[29]/TE
                                                             -0.25  (VIOLATED)
   pulpino_top_i/core_region_i/CORE.RISCV_CORE/id_stage_i/regfile_alu_waddr_ex_o_reg[1]/TE
                                                             -0.25  (VIOLATED)
   pulpino_top_i/core_region_i/CORE.RISCV_CORE/id_stage_i/mult_operand_a_ex_o_reg[15]/TE
                                                             -0.25  (VIOLATED)
   pulpino_top_i/core_region_i/CORE.RISCV_CORE/id_stage_i/regfile_alu_waddr_ex_o_reg[0]/TE
                                                             -0.25  (VIOLATED)
   pulpino_top_i/core_region_i/CORE.RISCV_CORE/id_stage_i/regfile_alu_waddr_ex_o_reg[4]/TE
                                                             -0.25  (VIOLATED)
   pulpino_top_i/core_region_i/CORE.RISCV_CORE/id_stage_i/hwloop_regs_i/hwlp_end_q_reg[0][18]/TE
                                                             -0.25  (VIOLATED)
   pulpino_top_i/core_region_i/CORE.RISCV_CORE/cs_registers_i/PCCR_q_reg[0][11]/D
                                                             -0.25  (VIOLATED)
   pulpino_top_i/core_region_i/CORE.RISCV_CORE/id_stage_i/hwloop_regs_i/hwlp_start_q_reg[0][30]/TE
                                                             -0.25  (VIOLATED)
   pulpino_top_i/core_region_i/instr_mem/sp_ram_wrap_i/bank2_byte2/A[6]
                                                             -0.25  (VIOLATED)
   pulpino_top_i/core_region_i/CORE.RISCV_CORE/cs_registers_i/PCCR_q_reg[0][0]/D
                                                             -0.25  (VIOLATED)
   pulpino_top_i/core_region_i/CORE.RISCV_CORE/id_stage_i/hwloop_regs_i/hwlp_start_q_reg[0][26]/TI
                                                             -0.25  (VIOLATED)
   pulpino_top_i/core_region_i/CORE.RISCV_CORE/id_stage_i/alu_operator_ex_o_reg[3]/D
                                                             -0.25  (VIOLATED)
   pulpino_top_i/axi_interconnect_i/axi_node_i/_RESP_BLOCK_GEN[0].RESP_BLOCK/DW_ADDR_DEC/MASTER_ID_FIFO/CS_reg[0]/D
                                                             -0.25  (VIOLATED)
   pulpino_top_i/peripherals_i/axi2apb_i/genblk1.axi2apb_i/RDATA_Q_reg[21]/D
                                                             -0.25  (VIOLATED)
   pulpino_top_i/core_region_i/CORE.RISCV_CORE/id_stage_i/hwloop_regs_i/hwlp_start_q_reg[1][18]/TE
                                                             -0.25  (VIOLATED)
   pulpino_top_i/peripherals_i/apb_uart_i/UART_TXFF/iFIFOMem_reg[27][5]/TE
                                                             -0.25  (VIOLATED)
   pulpino_top_i/core_region_i/CORE.RISCV_CORE/id_stage_i/hwloop_regs_i/hwlp_start_q_reg[0][27]/TI
                                                             -0.25  (VIOLATED)
   pulpino_top_i/core_region_i/CORE.RISCV_CORE/id_stage_i/alu_operator_ex_o_reg[0]/D
                                                             -0.25  (VIOLATED)
   pulpino_top_i/core_region_i/CORE.RISCV_CORE/id_stage_i/hwloop_regs_i/hwlp_end_q_reg[0][17]/TE
                                                             -0.25  (VIOLATED)
   pulpino_top_i/core_region_i/CORE.RISCV_CORE/id_stage_i/hwloop_regs_i/hwlp_start_q_reg[1][31]/TE
                                                             -0.25  (VIOLATED)
   pulpino_top_i/core_region_i/CORE.RISCV_CORE/id_stage_i/hwloop_regs_i/hwlp_start_q_reg[0][18]/TE
                                                             -0.25  (VIOLATED)
   pulpino_top_i/core_region_i/CORE.RISCV_CORE/id_stage_i/hwloop_regs_i/hwlp_start_q_reg[0][31]/TE
                                                             -0.25  (VIOLATED)
   pulpino_top_i/core_region_i/CORE.RISCV_CORE/id_stage_i/mult_operand_a_ex_o_reg[0]/TE
                                                             -0.25  (VIOLATED)
   pulpino_top_i/core_region_i/CORE.RISCV_CORE/id_stage_i/hwloop_regs_i/hwlp_end_q_reg[1][24]/TE
                                                             -0.25  (VIOLATED)
   pulpino_top_i/core_region_i/CORE.RISCV_CORE/id_stage_i/hwloop_regs_i/hwlp_end_q_reg[1][25]/TE
                                                             -0.25  (VIOLATED)
   pulpino_top_i/core_region_i/instr_mem/sp_ram_wrap_i/bank2_byte1/D[2]
                                                             -0.25  (VIOLATED)
   pulpino_top_i/core_region_i/CORE.RISCV_CORE/id_stage_i/hwloop_regs_i/hwlp_end_q_reg[1][26]/TE
                                                             -0.25  (VIOLATED)
   pulpino_top_i/core_region_i/CORE.RISCV_CORE/id_stage_i/hwloop_regs_i/hwlp_start_q_reg[0][24]/TI
                                                             -0.25  (VIOLATED)
   pulpino_top_i/core_region_i/data_mem/bank2_byte2/D[5]     -0.25  (VIOLATED)
   pulpino_top_i/core_region_i/instr_mem/sp_ram_wrap_i/bank0_byte2/D[6]
                                                             -0.25  (VIOLATED)
   pulpino_top_i/core_region_i/CORE.RISCV_CORE/id_stage_i/hwloop_regs_i/hwlp_end_q_reg[1][31]/TE
                                                             -0.25  (VIOLATED)
   pulpino_top_i/core_region_i/instr_mem/sp_ram_wrap_i/bank3_byte0/WEN
                                                             -0.25  (VIOLATED)
   pulpino_top_i/peripherals_i/apb_uart_i/UART_TXFF/iFIFOMem_reg[15][0]/TE
                                                             -0.25  (VIOLATED)
   pulpino_top_i/peripherals_i/apb_uart_i/UART_TXFF/iFIFOMem_reg[15][1]/TE
                                                             -0.25  (VIOLATED)
   pulpino_top_i/peripherals_i/apb_uart_i/UART_TXFF/iFIFOMem_reg[15][6]/TE
                                                             -0.25  (VIOLATED)
   pulpino_top_i/core_region_i/CORE.RISCV_CORE/id_stage_i/hwloop_regs_i/hwlp_end_q_reg[1][21]/TE
                                                             -0.25  (VIOLATED)
   pulpino_top_i/core_region_i/CORE.RISCV_CORE/id_stage_i/hwloop_regs_i/hwlp_end_q_reg[1][27]/TE
                                                             -0.25  (VIOLATED)
   pulpino_top_i/core_region_i/instr_mem/sp_ram_wrap_i/bank0_byte2/D[4]
                                                             -0.25  (VIOLATED)
   pulpino_top_i/peripherals_i/apb_uart_i/UART_TXFF/iFIFOMem_reg[15][5]/TE
                                                             -0.25  (VIOLATED)
   pulpino_top_i/axi_interconnect_i/axi_node_i/_RESP_BLOCK_GEN[2].RESP_BLOCK/BW_ALLOC/outstanding_counter_reg[0]/D
                                                             -0.25  (VIOLATED)
   pulpino_top_i/core_region_i/CORE.RISCV_CORE/id_stage_i/hwloop_regs_i/hwlp_end_q_reg[0][16]/TE
                                                             -0.25  (VIOLATED)
   pulpino_top_i/core_region_i/CORE.RISCV_CORE/id_stage_i/registers_i/mem_reg[24][1]/D
                                                             -0.25  (VIOLATED)
   pulpino_top_i/core_region_i/data_mem/bank2_byte0/D[1]     -0.25  (VIOLATED)
   pulpino_top_i/core_region_i/instr_mem/sp_ram_wrap_i/bank0_byte2/D[1]
                                                             -0.25  (VIOLATED)
   pulpino_top_i/core_region_i/instr_mem/sp_ram_wrap_i/bank3_byte1/D[0]
                                                             -0.25  (VIOLATED)
   pulpino_top_i/core_region_i/CORE.RISCV_CORE/cs_registers_i/PCCR_q_reg[0][17]/D
                                                             -0.25  (VIOLATED)
   pulpino_top_i/core_region_i/CORE.RISCV_CORE/id_stage_i/hwloop_regs_i/hwlp_start_q_reg[0][19]/TI
                                                             -0.25  (VIOLATED)
   pulpino_top_i/core_region_i/CORE.RISCV_CORE/id_stage_i/hwloop_regs_i/hwlp_end_q_reg[1][22]/TE
                                                             -0.25  (VIOLATED)
   pulpino_top_i/peripherals_i/apb_uart_i/UART_TXFF/iFIFOMem_reg[15][3]/TE
                                                             -0.25  (VIOLATED)
   pulpino_top_i/peripherals_i/apb_uart_i/UART_TXFF/iFIFOMem_reg[15][4]/TE
                                                             -0.25  (VIOLATED)
   pulpino_top_i/core_region_i/instr_mem/sp_ram_wrap_i/bank3_byte0/A[1]
                                                             -0.25  (VIOLATED)
   pulpino_top_i/core_region_i/CORE.RISCV_CORE/id_stage_i/hwloop_regs_i/hwlp_end_q_reg[1][23]/TE
                                                             -0.25  (VIOLATED)
   pulpino_top_i/core_region_i/instr_mem/sp_ram_wrap_i/bank2_byte2/A[5]
                                                             -0.25  (VIOLATED)
   pulpino_top_i/peripherals_i/apb_timer_i/TIMER_GEN[1].timer_i/regs_q_reg[0][4]/D
                                                             -0.25  (VIOLATED)
   pulpino_top_i/core_region_i/CORE.RISCV_CORE/cs_registers_i/PCCR_q_reg[0][29]/D
                                                             -0.25  (VIOLATED)
   pulpino_top_i/peripherals_i/apb_uart_i/UART_TXFF/iFIFOMem_reg[15][2]/TE
                                                             -0.25  (VIOLATED)
   pulpino_top_i/core_region_i/CORE.RISCV_CORE/cs_registers_i/PCCR_q_reg[0][7]/D
                                                             -0.25  (VIOLATED)
   pulpino_top_i/core_region_i/instr_mem/sp_ram_wrap_i/bank2_byte0/D[4]
                                                             -0.25  (VIOLATED)
   pulpino_top_i/core_region_i/CORE.RISCV_CORE/id_stage_i/hwloop_regs_i/hwlp_end_q_reg[1][20]/TE
                                                             -0.25  (VIOLATED)
   pulpino_top_i/core_region_i/instr_mem/sp_ram_wrap_i/bank3_byte1/D[7]
                                                             -0.25  (VIOLATED)
   pulpino_top_i/core_region_i/CORE.RISCV_CORE/id_stage_i/hwloop_regs_i/hwlp_end_q_reg[1][19]/TE
                                                             -0.25  (VIOLATED)
   pulpino_top_i/peripherals_i/apb_uart_i/UART_TXFF/iFIFOMem_reg[15][7]/TE
                                                             -0.25  (VIOLATED)
   pulpino_top_i/core_region_i/instr_mem/sp_ram_wrap_i/bank0_byte1/D[7]
                                                             -0.25  (VIOLATED)
   pulpino_top_i/peripherals_i/apb_uart_i/UART_TXFF/iFIFOMem_reg[24][0]/TE
                                                             -0.25  (VIOLATED)
   pulpino_top_i/peripherals_i/apb_uart_i/UART_TXFF/iFIFOMem_reg[24][1]/TE
                                                             -0.25  (VIOLATED)
   pulpino_top_i/core_region_i/data_mem/bank3_byte0/A[7]     -0.25  (VIOLATED)
   pulpino_top_i/core_region_i/CORE.RISCV_CORE/id_stage_i/hwloop_regs_i/hwlp_start_q_reg[0][7]/TI
                                                             -0.25  (VIOLATED)
   pulpino_top_i/core_region_i/instr_mem/sp_ram_wrap_i/bank0_byte1/D[6]
                                                             -0.25  (VIOLATED)
   pulpino_top_i/core_region_i/instr_mem/sp_ram_wrap_i/bank0_byte1/D[1]
                                                             -0.25  (VIOLATED)
   pulpino_top_i/core_region_i/CORE.RISCV_CORE/id_stage_i/hwloop_regs_i/hwlp_end_q_reg[1][28]/TE
                                                             -0.25  (VIOLATED)
   pulpino_top_i/core_region_i/CORE.RISCV_CORE/id_stage_i/hwloop_regs_i/hwlp_end_q_reg[1][29]/TE
                                                             -0.25  (VIOLATED)
   pulpino_top_i/core_region_i/CORE.RISCV_CORE/id_stage_i/hwloop_regs_i/hwlp_end_q_reg[1][30]/TE
                                                             -0.25  (VIOLATED)
   pulpino_top_i/peripherals_i/apb_uart_i/UART_TXFF/iFIFOMem_reg[24][3]/TE
                                                             -0.25  (VIOLATED)
   pulpino_top_i/core_region_i/instr_mem/sp_ram_wrap_i/bank3_byte2/A[7]
                                                             -0.25  (VIOLATED)
   pulpino_top_i/core_region_i/CORE.RISCV_CORE/id_stage_i/hwloop_regs_i/hwlp_start_q_reg[1][17]/TE
                                                             -0.25  (VIOLATED)
   pulpino_top_i/core_region_i/CORE.RISCV_CORE/id_stage_i/mult_dot_op_b_ex_o_reg[3]/D
                                                             -0.25  (VIOLATED)
   pulpino_top_i/core_region_i/instr_mem/sp_ram_wrap_i/bank3_byte1/D[2]
                                                             -0.25  (VIOLATED)
   pulpino_top_i/peripherals_i/apb_uart_i/UART_TXFF/iFIFOMem_reg[24][7]/TE
                                                             -0.25  (VIOLATED)
   pulpino_top_i/core_region_i/instr_mem/sp_ram_wrap_i/bank0_byte2/D[0]
                                                             -0.25  (VIOLATED)
   pulpino_top_i/peripherals_i/apb_uart_i/UART_TXFF/iFIFOMem_reg[24][4]/TE
                                                             -0.25  (VIOLATED)
   pulpino_top_i/core_region_i/data_mem/bank0_byte3/D[3]     -0.25  (VIOLATED)
   pulpino_top_i/core_region_i/CORE.RISCV_CORE/id_stage_i/mult_operand_b_ex_o_reg[3]/D
                                                             -0.25  (VIOLATED)
   pulpino_top_i/axi_interconnect_i/axi_node_i/_RESP_BLOCK_GEN[1].RESP_BLOCK/BW_ALLOC/outstanding_counter_reg[8]/D
                                                             -0.25  (VIOLATED)
   pulpino_top_i/core_region_i/instr_mem/sp_ram_wrap_i/bank0_byte1/D[3]
                                                             -0.25  (VIOLATED)
   pulpino_top_i/core_region_i/CORE.RISCV_CORE/id_stage_i/hwloop_regs_i/hwlp_start_q_reg[1][15]/D
                                                             -0.25  (VIOLATED)
   pulpino_top_i/core_region_i/CORE.RISCV_CORE/id_stage_i/hwloop_regs_i/hwlp_start_q_reg[0][17]/TE
                                                             -0.25  (VIOLATED)
   pulpino_top_i/core_region_i/instr_mem/sp_ram_wrap_i/bank3_byte0/D[0]
                                                             -0.25  (VIOLATED)
   pulpino_top_i/axi_interconnect_i/axi_node_i/_RESP_BLOCK_GEN[0].RESP_BLOCK/BW_ALLOC/outstanding_counter_reg[7]/D
                                                             -0.25  (VIOLATED)
   pulpino_top_i/core_region_i/instr_mem/sp_ram_wrap_i/bank2_byte1/D[7]
                                                             -0.24  (VIOLATED)
   pulpino_top_i/core_region_i/CORE.RISCV_CORE/cs_registers_i/PCCR_q_reg[0][8]/D
                                                             -0.24  (VIOLATED)
   pulpino_top_i/peripherals_i/apb_uart_i/UART_TXFF/iFIFOMem_reg[24][2]/TE
                                                             -0.24  (VIOLATED)
   pulpino_top_i/core_region_i/CORE.RISCV_CORE/cs_registers_i/PCCR_q_reg[0][9]/D
                                                             -0.24  (VIOLATED)
   pulpino_top_i/core_region_i/CORE.RISCV_CORE/id_stage_i/hwloop_regs_i/hwlp_end_q_reg[0][15]/TE
                                                             -0.24  (VIOLATED)
   pulpino_top_i/core_region_i/instr_mem/sp_ram_wrap_i/bank0_byte1/D[5]
                                                             -0.24  (VIOLATED)
   pulpino_top_i/core_region_i/CORE.RISCV_CORE/cs_registers_i/PCCR_q_reg[0][13]/D
                                                             -0.24  (VIOLATED)
   pulpino_top_i/peripherals_i/apb_timer_i/TIMER_GEN[0].timer_i/regs_q_reg[0][14]/D
                                                             -0.24  (VIOLATED)
   pulpino_top_i/core_region_i/CORE.RISCV_CORE/id_stage_i/hwloop_regs_i/hwlp_end_q_reg[1][17]/TE
                                                             -0.24  (VIOLATED)
   pulpino_top_i/core_region_i/CORE.RISCV_CORE/id_stage_i/hwloop_regs_i/hwlp_end_q_reg[1][18]/TE
                                                             -0.24  (VIOLATED)
   pulpino_top_i/peripherals_i/apb_timer_i/TIMER_GEN[1].timer_i/regs_q_reg[0][1]/D
                                                             -0.24  (VIOLATED)
   pulpino_top_i/core_region_i/CORE.RISCV_CORE/cs_registers_i/PCCR_q_reg[0][2]/D
                                                             -0.24  (VIOLATED)
   pulpino_top_i/core_region_i/instr_mem/sp_ram_wrap_i/bank3_byte1/D[4]
                                                             -0.24  (VIOLATED)
   pulpino_top_i/core_region_i/CORE.RISCV_CORE/id_stage_i/hwloop_regs_i/hwlp_start_q_reg[0][16]/TE
                                                             -0.24  (VIOLATED)
   pulpino_top_i/core_region_i/instr_mem_axi_if/axi_mem_if_SP_i/Slave_r_buffer_LP/buffer_i/FIFO_REGISTERS_reg[2][25]/D
                                                             -0.24  (VIOLATED)
   pulpino_top_i/core_region_i/instr_mem_axi_if/axi_mem_if_SP_i/Slave_r_buffer_LP/buffer_i/FIFO_REGISTERS_reg[3][25]/D
                                                             -0.24  (VIOLATED)
   pulpino_top_i/core_region_i/instr_mem_axi_if/axi_mem_if_SP_i/Slave_r_buffer_LP/buffer_i/FIFO_REGISTERS_reg[0][25]/D
                                                             -0.24  (VIOLATED)
   pulpino_top_i/core_region_i/instr_mem_axi_if/axi_mem_if_SP_i/Slave_r_buffer_LP/buffer_i/FIFO_REGISTERS_reg[1][25]/D
                                                             -0.24  (VIOLATED)
   pulpino_top_i/core_region_i/CORE.RISCV_CORE/id_stage_i/hwloop_regs_i/hwlp_start_q_reg[0][25]/TI
                                                             -0.24  (VIOLATED)
   pulpino_top_i/peripherals_i/apb_uart_i/UART_TXFF/iFIFOMem_reg[25][0]/TE
                                                             -0.24  (VIOLATED)
   pulpino_top_i/peripherals_i/apb_uart_i/UART_TXFF/iFIFOMem_reg[25][1]/TE
                                                             -0.24  (VIOLATED)
   pulpino_top_i/axi_interconnect_i/axi_node_i/_RESP_BLOCK_GEN[1].RESP_BLOCK/BW_ALLOC/outstanding_counter_reg[2]/D
                                                             -0.24  (VIOLATED)
   pulpino_top_i/peripherals_i/apb_uart_i/UART_TXFF/iFIFOMem_reg[25][3]/TE
                                                             -0.24  (VIOLATED)
   pulpino_top_i/core_region_i/CORE.RISCV_CORE/id_stage_i/hwloop_regs_i/hwlp_start_q_reg[1][16]/TE
                                                             -0.24  (VIOLATED)
   pulpino_top_i/core_region_i/CORE.RISCV_CORE/cs_registers_i/mcause_q_reg[5]/D
                                                             -0.24  (VIOLATED)
   pulpino_top_i/core_region_i/CORE.RISCV_CORE/cs_registers_i/PCCR_q_reg[0][14]/D
                                                             -0.24  (VIOLATED)
   pulpino_top_i/core_region_i/CORE.RISCV_CORE/id_stage_i/hwloop_regs_i/hwlp_start_q_reg[0][20]/TI
                                                             -0.24  (VIOLATED)
   pulpino_top_i/core_region_i/CORE.RISCV_CORE/id_stage_i/alu_operand_a_ex_o_reg[5]/TE
                                                             -0.24  (VIOLATED)
   pulpino_top_i/core_region_i/CORE.RISCV_CORE/id_stage_i/hwloop_regs_i/hwlp_end_q_reg[0][14]/TE
                                                             -0.24  (VIOLATED)
   pulpino_top_i/core_region_i/CORE.RISCV_CORE/id_stage_i/hwloop_regs_i/hwlp_end_q_reg[1][16]/TE
                                                             -0.24  (VIOLATED)
   pulpino_top_i/core_region_i/CORE.RISCV_CORE/cs_registers_i/PCCR_q_reg[0][12]/D
                                                             -0.24  (VIOLATED)
   pulpino_top_i/core_region_i/CORE.RISCV_CORE/load_store_unit_i/rdata_q_reg[20]/D
                                                             -0.24  (VIOLATED)
   pulpino_top_i/peripherals_i/apb_timer_i/TIMER_GEN[1].timer_i/regs_q_reg[0][26]/D
                                                             -0.24  (VIOLATED)
   pulpino_top_i/peripherals_i/apb_uart_i/UART_TXFF/iFIFOMem_reg[24][6]/TE
                                                             -0.24  (VIOLATED)
   pulpino_top_i/core_region_i/CORE.RISCV_CORE/id_stage_i/alu_operand_a_ex_o_reg[8]/TE
                                                             -0.24  (VIOLATED)
   pulpino_top_i/peripherals_i/apb_uart_i/UART_TXFF/iFIFOMem_reg[24][5]/TE
                                                             -0.24  (VIOLATED)
   pulpino_top_i/core_region_i/CORE.RISCV_CORE/id_stage_i/hwloop_regs_i/hwlp_start_q_reg[1][12]/D
                                                             -0.24  (VIOLATED)
   pulpino_top_i/peripherals_i/apb_uart_i/UART_TXFF/iFIFOMem_reg[25][7]/TE
                                                             -0.24  (VIOLATED)
   pulpino_top_i/axi_interconnect_i/axi_node_i/_RESP_BLOCK_GEN[1].RESP_BLOCK/BW_ALLOC/outstanding_counter_reg[1]/D
                                                             -0.24  (VIOLATED)
   pulpino_top_i/core_region_i/instr_mem/sp_ram_wrap_i/bank3_byte0/D[3]
                                                             -0.24  (VIOLATED)
   pulpino_top_i/core_region_i/instr_mem/sp_ram_wrap_i/bank0_byte1/D[2]
                                                             -0.24  (VIOLATED)
   pulpino_top_i/peripherals_i/apb_uart_i/UART_TXFF/iFIFOMem_reg[25][6]/TE
                                                             -0.24  (VIOLATED)
   pulpino_top_i/peripherals_i/apb_uart_i/UART_TXFF/iFIFOMem_reg[25][2]/TE
                                                             -0.24  (VIOLATED)
   pulpino_top_i/core_region_i/CORE.RISCV_CORE/id_stage_i/hwloop_regs_i/hwlp_end_q_reg[0][13]/TE
                                                             -0.24  (VIOLATED)
   pulpino_top_i/peripherals_i/apb_uart_i/UART_TXFF/iFIFOMem_reg[25][4]/TE
                                                             -0.24  (VIOLATED)
   pulpino_top_i/core_region_i/instr_mem/sp_ram_wrap_i/bank3_byte2/A[1]
                                                             -0.24  (VIOLATED)
   pulpino_top_i/axi_interconnect_i/axi_node_i/_RESP_BLOCK_GEN[1].RESP_BLOCK/BR_ALLOC/outstanding_counter_reg[7]/D
                                                             -0.24  (VIOLATED)
   pulpino_top_i/core_region_i/data_mem/bank2_byte2/D[6]     -0.24  (VIOLATED)
   pulpino_top_i/core_region_i/instr_mem/sp_ram_wrap_i/bank3_byte3/A[7]
                                                             -0.24  (VIOLATED)
   pulpino_top_i/core_region_i/CORE.RISCV_CORE/id_stage_i/hwloop_regs_i/hwlp_end_q_reg[0][12]/TE
                                                             -0.24  (VIOLATED)
   pulpino_top_i/core_region_i/data_mem/bank0_byte0/D[5]     -0.24  (VIOLATED)
   pulpino_top_i/core_region_i/CORE.RISCV_CORE/id_stage_i/hwloop_regs_i/hwlp_end_q_reg[1][15]/TE
                                                             -0.24  (VIOLATED)
   pulpino_top_i/core_region_i/CORE.RISCV_CORE/id_stage_i/alu_operand_a_ex_o_reg[10]/TE
                                                             -0.24  (VIOLATED)
   pulpino_top_i/core_region_i/CORE.RISCV_CORE/id_stage_i/alu_operand_a_ex_o_reg[4]/TE
                                                             -0.24  (VIOLATED)
   pulpino_top_i/core_region_i/instr_mem/sp_ram_wrap_i/bank3_byte0/D[2]
                                                             -0.24  (VIOLATED)
   pulpino_top_i/core_region_i/CORE.RISCV_CORE/id_stage_i/alu_operand_a_ex_o_reg[7]/TE
                                                             -0.24  (VIOLATED)
   pulpino_top_i/peripherals_i/apb_uart_i/UART_TXFF/iFIFOMem_reg[25][5]/TE
                                                             -0.24  (VIOLATED)
   pulpino_top_i/core_region_i/CORE.RISCV_CORE/id_stage_i/alu_operand_a_ex_o_reg[3]/TE
                                                             -0.24  (VIOLATED)
   pulpino_top_i/core_region_i/instr_mem_axi_if/axi_mem_if_SP_i/Slave_r_buffer_LP/buffer_i/FIFO_REGISTERS_reg[2][34]/D
                                                             -0.24  (VIOLATED)
   pulpino_top_i/core_region_i/instr_mem_axi_if/axi_mem_if_SP_i/Slave_r_buffer_LP/buffer_i/FIFO_REGISTERS_reg[3][34]/D
                                                             -0.24  (VIOLATED)
   pulpino_top_i/core_region_i/CORE.RISCV_CORE/id_stage_i/alu_operand_a_ex_o_reg[0]/TE
                                                             -0.24  (VIOLATED)
   pulpino_top_i/core_region_i/CORE.RISCV_CORE/id_stage_i/alu_operand_a_ex_o_reg[6]/TE
                                                             -0.24  (VIOLATED)
   pulpino_top_i/core_region_i/instr_mem_axi_if/axi_mem_if_SP_i/Slave_r_buffer_LP/buffer_i/FIFO_REGISTERS_reg[1][34]/D
                                                             -0.24  (VIOLATED)
   pulpino_top_i/core_region_i/data_mem/bank0_byte0/D[6]     -0.24  (VIOLATED)
   pulpino_top_i/core_region_i/instr_mem/sp_ram_wrap_i/bank3_byte0/A[10]
                                                             -0.24  (VIOLATED)
   pulpino_top_i/core_region_i/instr_mem_axi_if/axi_mem_if_SP_i/Slave_r_buffer_LP/buffer_i/FIFO_REGISTERS_reg[0][34]/D
                                                             -0.24  (VIOLATED)
   pulpino_top_i/core_region_i/CORE.RISCV_CORE/id_stage_i/alu_operand_a_ex_o_reg[9]/TE
                                                             -0.24  (VIOLATED)
   pulpino_top_i/core_region_i/CORE.RISCV_CORE/id_stage_i/alu_operand_a_ex_o_reg[1]/TE
                                                             -0.24  (VIOLATED)
   pulpino_top_i/core_region_i/CORE.RISCV_CORE/id_stage_i/hwloop_regs_i/hwlp_start_q_reg[0][28]/TI
                                                             -0.24  (VIOLATED)
   pulpino_top_i/peripherals_i/apb_uart_i/UART_TXFF/iFIFOMem_reg[35][5]/TE
                                                             -0.24  (VIOLATED)
   pulpino_top_i/peripherals_i/apb_uart_i/UART_TXFF/iFIFOMem_reg[35][4]/TE
                                                             -0.24  (VIOLATED)
   pulpino_top_i/peripherals_i/apb_uart_i/UART_TXFF/iFIFOMem_reg[35][6]/TE
                                                             -0.24  (VIOLATED)
   pulpino_top_i/core_region_i/instr_mem_axi_if/axi_mem_if_SP_i/Slave_r_buffer_LP/buffer_i/FIFO_REGISTERS_reg[2][13]/D
                                                             -0.24  (VIOLATED)
   pulpino_top_i/peripherals_i/apb_uart_i/UART_TXFF/iFIFOMem_reg[35][1]/TE
                                                             -0.24  (VIOLATED)
   pulpino_top_i/core_region_i/CORE.RISCV_CORE/id_stage_i/alu_operand_a_ex_o_reg[12]/TE
                                                             -0.24  (VIOLATED)
   pulpino_top_i/core_region_i/instr_mem_axi_if/axi_mem_if_SP_i/Slave_r_buffer_LP/buffer_i/FIFO_REGISTERS_reg[0][13]/D
                                                             -0.24  (VIOLATED)
   pulpino_top_i/core_region_i/instr_mem_axi_if/axi_mem_if_SP_i/Slave_r_buffer_LP/buffer_i/FIFO_REGISTERS_reg[1][13]/D
                                                             -0.24  (VIOLATED)
   pulpino_top_i/core_region_i/instr_mem_axi_if/axi_mem_if_SP_i/Slave_r_buffer_LP/buffer_i/FIFO_REGISTERS_reg[3][13]/D
                                                             -0.24  (VIOLATED)
   pulpino_top_i/axi_interconnect_i/axi_node_i/_RESP_BLOCK_GEN[1].RESP_BLOCK/DW_ADDR_DEC/MASTER_ID_FIFO/CS_reg[1]/D
                                                             -0.24  (VIOLATED)
   pulpino_top_i/peripherals_i/apb_uart_i/UART_TXFF/iFIFOMem_reg[35][3]/TE
                                                             -0.24  (VIOLATED)
   pulpino_top_i/peripherals_i/apb_uart_i/UART_TXFF/iFIFOMem_reg[35][2]/TE
                                                             -0.24  (VIOLATED)
   pulpino_top_i/peripherals_i/apb_uart_i/UART_TXFF/iFIFOMem_reg[35][0]/TE
                                                             -0.24  (VIOLATED)
   pulpino_top_i/core_region_i/CORE.RISCV_CORE/id_stage_i/alu_operand_a_ex_o_reg[2]/TE
                                                             -0.24  (VIOLATED)
   pulpino_top_i/peripherals_i/apb_uart_i/UART_TXFF/iFIFOMem_reg[35][7]/TE
                                                             -0.23  (VIOLATED)
   pulpino_top_i/core_region_i/CORE.RISCV_CORE/id_stage_i/hwloop_regs_i/hwlp_start_q_reg[0][21]/TI
                                                             -0.23  (VIOLATED)
   pulpino_top_i/core_region_i/CORE.RISCV_CORE/id_stage_i/hwloop_regs_i/hwlp_end_q_reg[1][14]/TE
                                                             -0.23  (VIOLATED)
   pulpino_top_i/core_region_i/CORE.RISCV_CORE/id_stage_i/hwloop_regs_i/hwlp_start_q_reg[0][9]/TI
                                                             -0.23  (VIOLATED)
   pulpino_top_i/core_region_i/instr_mem/sp_ram_wrap_i/bank3_byte2/A[2]
                                                             -0.23  (VIOLATED)
   pulpino_top_i/core_region_i/data_mem/bank0_byte0/CSN      -0.23  (VIOLATED)
   pulpino_top_i/core_region_i/CORE.RISCV_CORE/id_stage_i/mult_operand_b_ex_o_reg[14]/D
                                                             -0.23  (VIOLATED)
   pulpino_top_i/core_region_i/CORE.RISCV_CORE/id_stage_i/hwloop_regs_i/hwlp_end_q_reg[1][13]/TE
                                                             -0.23  (VIOLATED)
   pulpino_top_i/core_region_i/instr_mem_axi_if/axi_mem_if_SP_i/Slave_r_buffer_LP/buffer_i/FIFO_REGISTERS_reg[2][33]/D
                                                             -0.23  (VIOLATED)
   pulpino_top_i/core_region_i/instr_mem_axi_if/axi_mem_if_SP_i/Slave_r_buffer_LP/buffer_i/FIFO_REGISTERS_reg[3][33]/D
                                                             -0.23  (VIOLATED)
   pulpino_top_i/core_region_i/instr_mem_axi_if/axi_mem_if_SP_i/Slave_r_buffer_LP/buffer_i/FIFO_REGISTERS_reg[0][33]/D
                                                             -0.23  (VIOLATED)
   pulpino_top_i/core_region_i/instr_mem_axi_if/axi_mem_if_SP_i/Slave_r_buffer_LP/buffer_i/FIFO_REGISTERS_reg[1][33]/D
                                                             -0.23  (VIOLATED)
   pulpino_top_i/core_region_i/CORE.RISCV_CORE/id_stage_i/hwloop_regs_i/hwlp_start_q_reg[0][15]/TE
                                                             -0.23  (VIOLATED)
   pulpino_top_i/core_region_i/CORE.RISCV_CORE/id_stage_i/hwloop_regs_i/hwlp_start_q_reg[1][15]/TE
                                                             -0.23  (VIOLATED)
   pulpino_top_i/core_region_i/CORE.RISCV_CORE/cs_registers_i/PCCR_q_reg[0][27]/D
                                                             -0.23  (VIOLATED)
   pulpino_top_i/core_region_i/CORE.RISCV_CORE/id_stage_i/hwloop_regs_i/hwlp_start_q_reg[0][16]/TI
                                                             -0.23  (VIOLATED)
   pulpino_top_i/core_region_i/CORE.RISCV_CORE/id_stage_i/hwloop_regs_i/hwlp_end_q_reg[1][12]/TE
                                                             -0.23  (VIOLATED)
   pulpino_top_i/peripherals_i/apb_uart_i/UART_TXFF/iFIFOMem_reg[37][0]/TE
                                                             -0.23  (VIOLATED)
   pulpino_top_i/peripherals_i/apb_uart_i/UART_TXFF/iFIFOMem_reg[37][2]/TE
                                                             -0.23  (VIOLATED)
   pulpino_top_i/core_region_i/CORE.RISCV_CORE/id_stage_i/hwloop_regs_i/hwlp_start_q_reg[0][14]/TE
                                                             -0.23  (VIOLATED)
   pulpino_top_i/peripherals_i/apb_uart_i/UART_TXFF/iFIFOMem_reg[37][3]/TE
                                                             -0.23  (VIOLATED)
   pulpino_top_i/core_region_i/CORE.RISCV_CORE/id_stage_i/hwloop_regs_i/hwlp_start_q_reg[0][12]/TE
                                                             -0.23  (VIOLATED)
   pulpino_top_i/core_region_i/CORE.RISCV_CORE/cs_registers_i/PCCR_q_reg[0][24]/D
                                                             -0.23  (VIOLATED)
   pulpino_top_i/core_region_i/CORE.RISCV_CORE/id_stage_i/data_sign_ext_ex_o_reg/TE
                                                             -0.23  (VIOLATED)
   pulpino_top_i/core_region_i/CORE.RISCV_CORE/id_stage_i/data_type_ex_o_reg[0]/TE
                                                             -0.23  (VIOLATED)
   pulpino_top_i/core_region_i/CORE.RISCV_CORE/id_stage_i/data_type_ex_o_reg[1]/TE
                                                             -0.23  (VIOLATED)
   pulpino_top_i/core_region_i/CORE.RISCV_CORE/id_stage_i/data_we_ex_o_reg/TE
                                                             -0.23  (VIOLATED)
   pulpino_top_i/core_region_i/CORE.RISCV_CORE/id_stage_i/alu_operand_b_ex_o_reg[4]/TI
                                                             -0.23  (VIOLATED)
   pulpino_top_i/axi_interconnect_i/axi_node_i/_RESP_BLOCK_GEN[2].RESP_BLOCK/BW_ALLOC/outstanding_counter_reg[3]/D
                                                             -0.23  (VIOLATED)
   pulpino_top_i/core_region_i/CORE.RISCV_CORE/id_stage_i/hwloop_regs_i/hwlp_start_q_reg[1][14]/TE
                                                             -0.23  (VIOLATED)
   pulpino_top_i/core_region_i/CORE.RISCV_CORE/id_stage_i/hwloop_regs_i/hwlp_start_q_reg[0][13]/TE
                                                             -0.23  (VIOLATED)
   pulpino_top_i/core_region_i/CORE.RISCV_CORE/load_store_unit_i/rdata_q_reg[8]/D
                                                             -0.23  (VIOLATED)
   pulpino_top_i/core_region_i/data_mem/bank3_byte3/D[6]     -0.23  (VIOLATED)
   pulpino_top_i/core_region_i/CORE.RISCV_CORE/id_stage_i/hwloop_regs_i/hwlp_start_q_reg[0][23]/TI
                                                             -0.23  (VIOLATED)
   pulpino_top_i/peripherals_i/apb_uart_i/UART_TXFF/iFIFOMem_reg[37][1]/TE
                                                             -0.23  (VIOLATED)
   pulpino_top_i/core_region_i/data_mem/bank0_byte1/CSN      -0.23  (VIOLATED)
   pulpino_top_i/core_region_i/CORE.RISCV_CORE/id_stage_i/hwloop_regs_i/hwlp_start_q_reg[1][13]/TE
                                                             -0.23  (VIOLATED)
   pulpino_top_i/axi_interconnect_i/axi_node_i/_RESP_BLOCK_GEN[2].RESP_BLOCK/BW_ALLOC/outstanding_counter_reg[8]/D
                                                             -0.23  (VIOLATED)
   pulpino_top_i/peripherals_i/apb_uart_i/UART_TXFF/iFIFOMem_reg[37][4]/TE
                                                             -0.23  (VIOLATED)
   pulpino_top_i/peripherals_i/apb_uart_i/UART_TXFF/iFIFOMem_reg[10][1]/TE
                                                             -0.23  (VIOLATED)
   pulpino_top_i/peripherals_i/apb_uart_i/UART_TXFF/iFIFOMem_reg[10][6]/TE
                                                             -0.23  (VIOLATED)
   pulpino_top_i/core_region_i/CORE.RISCV_CORE/id_stage_i/hwloop_regs_i/hwlp_end_q_reg[0][30]/TI
                                                             -0.23  (VIOLATED)
   pulpino_top_i/peripherals_i/apb_uart_i/UART_TXFF/iFIFOMem_reg[10][4]/TE
                                                             -0.23  (VIOLATED)
   pulpino_top_i/peripherals_i/apb_uart_i/UART_TXFF/iFIFOMem_reg[10][7]/TE
                                                             -0.23  (VIOLATED)
   pulpino_top_i/peripherals_i/apb_uart_i/UART_TXFF/iFIFOMem_reg[10][5]/TE
                                                             -0.23  (VIOLATED)
   pulpino_top_i/peripherals_i/apb_uart_i/UART_TXFF/iFIFOMem_reg[10][0]/TE
                                                             -0.23  (VIOLATED)
   pulpino_top_i/core_region_i/CORE.RISCV_CORE/id_stage_i/hwloop_regs_i/hwlp_start_q_reg[1][31]/D
                                                             -0.23  (VIOLATED)
   pulpino_top_i/peripherals_i/apb_uart_i/UART_TXFF/iFIFOMem_reg[18][0]/TE
                                                             -0.23  (VIOLATED)
   pulpino_top_i/peripherals_i/apb_uart_i/UART_TXFF/iFIFOMem_reg[18][1]/TE
                                                             -0.23  (VIOLATED)
   pulpino_top_i/peripherals_i/apb_uart_i/UART_TXFF/iFIFOMem_reg[18][3]/TE
                                                             -0.23  (VIOLATED)
   pulpino_top_i/peripherals_i/apb_uart_i/UART_TXFF/iFIFOMem_reg[33][6]/TE
                                                             -0.23  (VIOLATED)
   pulpino_top_i/peripherals_i/apb_uart_i/UART_TXFF/iFIFOMem_reg[37][5]/TE
                                                             -0.23  (VIOLATED)
   pulpino_top_i/peripherals_i/apb_uart_i/UART_TXFF/iFIFOMem_reg[37][6]/TE
                                                             -0.23  (VIOLATED)
   pulpino_top_i/peripherals_i/apb_timer_i/TIMER_GEN[1].timer_i/regs_q_reg[0][5]/D
                                                             -0.23  (VIOLATED)
   pulpino_top_i/core_region_i/CORE.RISCV_CORE/id_stage_i/hwloop_regs_i/hwlp_start_q_reg[1][12]/TE
                                                             -0.23  (VIOLATED)
   pulpino_top_i/peripherals_i/apb_uart_i/UART_TXFF/iFIFOMem_reg[18][6]/TE
                                                             -0.23  (VIOLATED)
   pulpino_top_i/peripherals_i/apb_uart_i/UART_TXFF/iFIFOMem_reg[37][7]/TE
                                                             -0.23  (VIOLATED)
   pulpino_top_i/core_region_i/CORE.RISCV_CORE/id_stage_i/hwloop_regs_i/hwlp_end_q_reg[0][22]/TI
                                                             -0.23  (VIOLATED)
   pulpino_top_i/core_region_i/CORE.RISCV_CORE/id_stage_i/hwloop_regs_i/hwlp_start_q_reg[0][3]/TI
                                                             -0.23  (VIOLATED)
   pulpino_top_i/core_region_i/instr_mem/sp_ram_wrap_i/bank1_byte3/A[0]
                                                             -0.22  (VIOLATED)
   pulpino_top_i/core_region_i/CORE.RISCV_CORE/id_stage_i/hwloop_regs_i/hwlp_end_q_reg[0][18]/TI
                                                             -0.22  (VIOLATED)
   pulpino_top_i/peripherals_i/apb_uart_i/UART_TXFF/iFIFOMem_reg[18][4]/TE
                                                             -0.22  (VIOLATED)
   pulpino_top_i/peripherals_i/apb_uart_i/UART_TXFF/iFIFOMem_reg[18][7]/TE
                                                             -0.22  (VIOLATED)
   pulpino_top_i/core_region_i/CORE.RISCV_CORE/load_store_unit_i/rdata_q_reg[12]/D
                                                             -0.22  (VIOLATED)
   pulpino_top_i/peripherals_i/apb_uart_i/UART_TXFF/iFIFOMem_reg[36][0]/TE
                                                             -0.22  (VIOLATED)
   pulpino_top_i/peripherals_i/apb_uart_i/UART_TXFF/iFIFOMem_reg[36][2]/TE
                                                             -0.22  (VIOLATED)
   pulpino_top_i/peripherals_i/apb_uart_i/UART_TXFF/iFIFOMem_reg[36][3]/TE
                                                             -0.22  (VIOLATED)
   pulpino_top_i/peripherals_i/apb_uart_i/UART_TXFF/iFIFOMem_reg[18][2]/TE
                                                             -0.22  (VIOLATED)
   pulpino_top_i/peripherals_i/apb_uart_i/UART_TXFF/iFIFOMem_reg[33][5]/TE
                                                             -0.22  (VIOLATED)
   pulpino_top_i/peripherals_i/apb_uart_i/UART_TXFF/iFIFOMem_reg[18][5]/TE
                                                             -0.22  (VIOLATED)
   pulpino_top_i/axi_interconnect_i/axi_node_i/_RESP_BLOCK_GEN[1].RESP_BLOCK/BW_ALLOC/outstanding_counter_reg[4]/D
                                                             -0.22  (VIOLATED)
   pulpino_top_i/peripherals_i/apb_uart_i/UART_TXFF/iFIFOMem_reg[33][2]/TE
                                                             -0.22  (VIOLATED)
   pulpino_top_i/peripherals_i/apb_uart_i/UART_TXFF/iFIFOMem_reg[33][3]/TE
                                                             -0.22  (VIOLATED)
   pulpino_top_i/core_region_i/CORE.RISCV_CORE/id_stage_i/mult_operand_b_ex_o_reg[7]/D
                                                             -0.22  (VIOLATED)
   pulpino_top_i/peripherals_i/apb_uart_i/UART_TXFF/iFIFOMem_reg[33][4]/TE
                                                             -0.22  (VIOLATED)
   pulpino_top_i/core_region_i/instr_mem/sp_ram_wrap_i/bank3_byte3/WEN
                                                             -0.22  (VIOLATED)
   pulpino_top_i/core_region_i/instr_mem/sp_ram_wrap_i/bank2_byte1/D[6]
                                                             -0.22  (VIOLATED)
   pulpino_top_i/peripherals_i/apb_uart_i/UART_TXFF/iFIFOMem_reg[33][0]/TE
                                                             -0.22  (VIOLATED)
   pulpino_top_i/peripherals_i/apb_uart_i/UART_TXFF/iFIFOMem_reg[33][1]/TE
                                                             -0.22  (VIOLATED)
   pulpino_top_i/peripherals_i/apb_uart_i/UART_TXFF/iFIFOMem_reg[33][7]/TE
                                                             -0.22  (VIOLATED)
   pulpino_top_i/peripherals_i/apb_uart_i/UART_TXFF/iFIFOMem_reg[10][3]/TE
                                                             -0.22  (VIOLATED)
   pulpino_top_i/peripherals_i/apb_timer_i/TIMER_GEN[0].timer_i/regs_q_reg[0][16]/D
                                                             -0.22  (VIOLATED)
   pulpino_top_i/peripherals_i/apb_uart_i/UART_TXFF/iFIFOMem_reg[10][2]/TE
                                                             -0.22  (VIOLATED)
   pulpino_top_i/core_region_i/CORE.RISCV_CORE/id_stage_i/hwloop_regs_i/hwlp_end_q_reg[0][7]/TI
                                                             -0.22  (VIOLATED)
   pulpino_top_i/peripherals_i/apb_uart_i/UART_TXFF/iFIFOMem_reg[36][1]/TE
                                                             -0.22  (VIOLATED)
   pulpino_top_i/core_region_i/instr_mem/sp_ram_wrap_i/bank3_byte3/A[1]
                                                             -0.22  (VIOLATED)
   pulpino_top_i/peripherals_i/apb_uart_i/UART_TXFF/iFIFOMem_reg[36][4]/TE
                                                             -0.22  (VIOLATED)
   pulpino_top_i/peripherals_i/apb_uart_i/UART_TXFF/iFIFOMem_reg[21][1]/TE
                                                             -0.22  (VIOLATED)
   pulpino_top_i/peripherals_i/apb_uart_i/UART_TXFF/iFIFOMem_reg[21][3]/TE
                                                             -0.22  (VIOLATED)
   pulpino_top_i/peripherals_i/apb_uart_i/UART_TXFF/iFIFOMem_reg[21][4]/TE
                                                             -0.22  (VIOLATED)
   pulpino_top_i/peripherals_i/apb_uart_i/UART_TXFF/iFIFOMem_reg[21][7]/TE
                                                             -0.22  (VIOLATED)
   pulpino_top_i/peripherals_i/apb_uart_i/UART_TXFF/iFIFOMem_reg[21][5]/TE
                                                             -0.22  (VIOLATED)
   pulpino_top_i/peripherals_i/apb_uart_i/UART_TXFF/iFIFOMem_reg[36][5]/TE
                                                             -0.22  (VIOLATED)
   pulpino_top_i/core_region_i/instr_mem/sp_ram_wrap_i/bank1_byte3/WEN
                                                             -0.22  (VIOLATED)
   pulpino_top_i/core_region_i/instr_mem_axi_if/axi_mem_if_SP_i/Slave_r_buffer_LP/buffer_i/FIFO_REGISTERS_reg[0][9]/D
                                                             -0.22  (VIOLATED)
   pulpino_top_i/core_region_i/instr_mem_axi_if/axi_mem_if_SP_i/Slave_r_buffer_LP/buffer_i/FIFO_REGISTERS_reg[1][9]/D
                                                             -0.22  (VIOLATED)
   pulpino_top_i/core_region_i/instr_mem_axi_if/axi_mem_if_SP_i/Slave_r_buffer_LP/buffer_i/FIFO_REGISTERS_reg[2][9]/D
                                                             -0.22  (VIOLATED)
   pulpino_top_i/peripherals_i/apb_uart_i/UART_TXFF/iFIFOMem_reg[21][0]/TE
                                                             -0.22  (VIOLATED)
   pulpino_top_i/core_region_i/instr_mem_axi_if/axi_mem_if_SP_i/Slave_r_buffer_LP/buffer_i/FIFO_REGISTERS_reg[3][9]/D
                                                             -0.22  (VIOLATED)
   pulpino_top_i/peripherals_i/apb_uart_i/UART_TXFF/iFIFOMem_reg[21][6]/TE
                                                             -0.22  (VIOLATED)
   pulpino_top_i/peripherals_i/apb_uart_i/UART_TXFF/iFIFOMem_reg[21][2]/TE
                                                             -0.22  (VIOLATED)
   pulpino_top_i/core_region_i/CORE.RISCV_CORE/id_stage_i/hwloop_regs_i/hwlp_end_q_reg[0][21]/TI
                                                             -0.22  (VIOLATED)
   pulpino_top_i/peripherals_i/apb_uart_i/UART_TXFF/iFIFOMem_reg[36][6]/TE
                                                             -0.22  (VIOLATED)
   pulpino_top_i/core_region_i/CORE.RISCV_CORE/id_stage_i/hwloop_regs_i/hwlp_end_q_reg[0][13]/TI
                                                             -0.22  (VIOLATED)
   pulpino_top_i/core_region_i/CORE.RISCV_CORE/id_stage_i/mult_operand_b_ex_o_reg[5]/D
                                                             -0.22  (VIOLATED)
   pulpino_top_i/core_region_i/CORE.RISCV_CORE/id_stage_i/hwloop_regs_i/hwlp_start_q_reg[1][14]/D
                                                             -0.22  (VIOLATED)
   pulpino_top_i/core_region_i/CORE.RISCV_CORE/load_store_unit_i/rdata_q_reg[21]/D
                                                             -0.22  (VIOLATED)
   pulpino_top_i/peripherals_i/apb_uart_i/UART_TXFF/iFIFOMem_reg[36][7]/TE
                                                             -0.22  (VIOLATED)
   pulpino_top_i/core_region_i/CORE.RISCV_CORE/cs_registers_i/PCCR_q_reg[0][23]/D
                                                             -0.22  (VIOLATED)
   pulpino_top_i/peripherals_i/apb_uart_i/UART_TXFF/iFIFOMem_reg[5][1]/TE
                                                             -0.22  (VIOLATED)
   pulpino_top_i/core_region_i/CORE.RISCV_CORE/load_store_unit_i/rdata_q_reg[30]/D
                                                             -0.22  (VIOLATED)
   pulpino_top_i/core_region_i/instr_mem/sp_ram_wrap_i/bank3_byte1/A[3]
                                                             -0.22  (VIOLATED)
   pulpino_top_i/peripherals_i/apb_uart_i/UART_TXFF/iFIFOMem_reg[5][6]/TE
                                                             -0.22  (VIOLATED)
   pulpino_top_i/core_region_i/instr_mem_axi_if/axi_mem_if_SP_i/Slave_r_buffer_LP/buffer_i/FIFO_REGISTERS_reg[2][19]/D
                                                             -0.22  (VIOLATED)
   pulpino_top_i/core_region_i/instr_mem_axi_if/axi_mem_if_SP_i/Slave_r_buffer_LP/buffer_i/FIFO_REGISTERS_reg[3][19]/D
                                                             -0.22  (VIOLATED)
   pulpino_top_i/core_region_i/CORE.RISCV_CORE/id_stage_i/mult_dot_op_b_ex_o_reg[7]/D
                                                             -0.22  (VIOLATED)
   pulpino_top_i/peripherals_i/apb_uart_i/UART_TXFF/iFIFOMem_reg[5][0]/TE
                                                             -0.22  (VIOLATED)
   pulpino_top_i/core_region_i/instr_mem_axi_if/axi_mem_if_SP_i/Slave_r_buffer_LP/buffer_i/FIFO_REGISTERS_reg[1][19]/D
                                                             -0.22  (VIOLATED)
   pulpino_top_i/core_region_i/instr_mem_axi_if/axi_mem_if_SP_i/Slave_r_buffer_LP/buffer_i/FIFO_REGISTERS_reg[0][19]/D
                                                             -0.22  (VIOLATED)
   pulpino_top_i/core_region_i/CORE.RISCV_CORE/id_stage_i/hwloop_regs_i/hwlp_start_q_reg[1][13]/D
                                                             -0.22  (VIOLATED)
   pulpino_top_i/axi_interconnect_i/axi_node_i/_RESP_BLOCK_GEN[2].RESP_BLOCK/BW_ALLOC/outstanding_counter_reg[2]/D
                                                             -0.22  (VIOLATED)
   pulpino_top_i/peripherals_i/apb_uart_i/UART_TXFF/iFIFOMem_reg[5][3]/TE
                                                             -0.22  (VIOLATED)
   pulpino_top_i/core_region_i/CORE.RISCV_CORE/id_stage_i/mult_dot_op_b_ex_o_reg[5]/D
                                                             -0.22  (VIOLATED)
   pulpino_top_i/peripherals_i/apb_uart_i/UART_TXFF/iFIFOMem_reg[5][7]/TE
                                                             -0.22  (VIOLATED)
   pulpino_top_i/peripherals_i/apb_uart_i/UART_TXFF/iFIFOMem_reg[5][2]/TE
                                                             -0.22  (VIOLATED)
   pulpino_top_i/peripherals_i/apb_uart_i/UART_TXFF/iFIFOMem_reg[5][4]/TE
                                                             -0.21  (VIOLATED)
   pulpino_top_i/core_region_i/instr_mem/sp_ram_wrap_i/bank3_byte3/A[2]
                                                             -0.21  (VIOLATED)
   pulpino_top_i/core_region_i/data_mem/bank0_byte1/D[7]     -0.21  (VIOLATED)
   pulpino_top_i/core_region_i/CORE.RISCV_CORE/load_store_unit_i/rdata_q_reg[24]/D
                                                             -0.21  (VIOLATED)
   pulpino_top_i/core_region_i/CORE.RISCV_CORE/id_stage_i/hwloop_regs_i/hwlp_start_q_reg[0][17]/TI
                                                             -0.21  (VIOLATED)
   pulpino_top_i/peripherals_i/apb_gpio_i/r_status_reg[26]/D
                                                             -0.21  (VIOLATED)
   pulpino_top_i/peripherals_i/apb_uart_i/UART_TXFF/iFIFOMem_reg[9][2]/TE
                                                             -0.21  (VIOLATED)
   pulpino_top_i/peripherals_i/apb_event_unit_i/i_event_unit/regs_q_reg[1][4]/TE
                                                             -0.21  (VIOLATED)
   pulpino_top_i/peripherals_i/apb_uart_i/UART_TXFF/iFIFOMem_reg[9][5]/TE
                                                             -0.21  (VIOLATED)
   pulpino_top_i/peripherals_i/apb_event_unit_i/i_event_unit/regs_q_reg[1][6]/TE
                                                             -0.21  (VIOLATED)
   pulpino_top_i/peripherals_i/apb_event_unit_i/i_event_unit/regs_q_reg[1][5]/TE
                                                             -0.21  (VIOLATED)
   pulpino_top_i/peripherals_i/apb_event_unit_i/i_event_unit/regs_q_reg[1][7]/TE
                                                             -0.21  (VIOLATED)
   pulpino_top_i/axi_interconnect_i/axi_node_i/_RESP_BLOCK_GEN[0].RESP_BLOCK/BW_ALLOC/outstanding_counter_reg[3]/D
                                                             -0.21  (VIOLATED)
   pulpino_top_i/core_region_i/CORE.RISCV_CORE/id_stage_i/hwloop_regs_i/hwlp_end_q_reg[0][19]/TI
                                                             -0.21  (VIOLATED)
   pulpino_top_i/peripherals_i/apb_event_unit_i/i_event_unit/regs_q_reg[1][3]/TE
                                                             -0.21  (VIOLATED)
   pulpino_top_i/peripherals_i/apb_uart_i/UART_TXFF/iFIFOMem_reg[9][1]/TE
                                                             -0.21  (VIOLATED)
   pulpino_top_i/peripherals_i/apb_uart_i/UART_TXFF/iFIFOMem_reg[5][5]/TE
                                                             -0.21  (VIOLATED)
   pulpino_top_i/peripherals_i/apb_event_unit_i/i_event_unit/regs_q_reg[1][8]/TE
                                                             -0.21  (VIOLATED)
   pulpino_top_i/peripherals_i/apb_uart_i/UART_TXFF/iFIFOMem_reg[9][6]/TE
                                                             -0.21  (VIOLATED)
   pulpino_top_i/peripherals_i/apb_uart_i/UART_TXFF/iFIFOMem_reg[8][3]/TE
                                                             -0.21  (VIOLATED)
   pulpino_top_i/peripherals_i/apb_uart_i/UART_TXFF/iFIFOMem_reg[8][5]/TE
                                                             -0.21  (VIOLATED)
   pulpino_top_i/peripherals_i/apb_uart_i/UART_TXFF/iFIFOMem_reg[8][6]/TE
                                                             -0.21  (VIOLATED)
   pulpino_top_i/peripherals_i/apb_uart_i/UART_TXFF/iFIFOMem_reg[8][7]/TE
                                                             -0.21  (VIOLATED)
   pulpino_top_i/peripherals_i/apb_uart_i/UART_TXFF/iFIFOMem_reg[9][0]/TE
                                                             -0.21  (VIOLATED)
   pulpino_top_i/peripherals_i/apb_uart_i/UART_TXFF/iFIFOMem_reg[9][3]/TE
                                                             -0.21  (VIOLATED)
   pulpino_top_i/peripherals_i/apb_uart_i/UART_TXFF/iFIFOMem_reg[8][0]/TE
                                                             -0.21  (VIOLATED)
   pulpino_top_i/peripherals_i/apb_uart_i/UART_TXFF/iFIFOMem_reg[8][4]/TE
                                                             -0.21  (VIOLATED)
   pulpino_top_i/peripherals_i/apb_event_unit_i/i_event_unit/regs_q_reg[1][2]/TE
                                                             -0.21  (VIOLATED)
   pulpino_top_i/peripherals_i/apb_uart_i/UART_TXFF/iFIFOMem_reg[8][1]/TE
                                                             -0.21  (VIOLATED)
   pulpino_top_i/peripherals_i/apb_event_unit_i/i_event_unit/regs_q_reg[1][1]/TE
                                                             -0.21  (VIOLATED)
   pulpino_top_i/peripherals_i/apb_timer_i/TIMER_GEN[0].timer_i/regs_q_reg[0][3]/D
                                                             -0.21  (VIOLATED)
   pulpino_top_i/core_region_i/instr_mem/sp_ram_wrap_i/bank2_byte3/WEN
                                                             -0.21  (VIOLATED)
   pulpino_top_i/peripherals_i/apb_uart_i/UART_TXFF/iFIFOMem_reg[9][4]/TE
                                                             -0.21  (VIOLATED)
   pulpino_top_i/peripherals_i/apb_event_unit_i/i_event_unit/regs_q_reg[1][9]/TE
                                                             -0.21  (VIOLATED)
   pulpino_top_i/peripherals_i/apb_event_unit_i/i_event_unit/regs_q_reg[1][11]/TE
                                                             -0.21  (VIOLATED)
   pulpino_top_i/axi_interconnect_i/axi_node_i/_RESP_BLOCK_GEN[0].RESP_BLOCK/BW_ALLOC/outstanding_counter_reg[1]/D
                                                             -0.21  (VIOLATED)
   pulpino_top_i/peripherals_i/apb_uart_i/UART_TXFF/iFIFOMem_reg[9][7]/TE
                                                             -0.21  (VIOLATED)
   pulpino_top_i/peripherals_i/apb_event_unit_i/i_event_unit/regs_q_reg[1][10]/TE
                                                             -0.21  (VIOLATED)
   pulpino_top_i/core_region_i/instr_mem/sp_ram_wrap_i/bank2_byte3/A[6]
                                                             -0.21  (VIOLATED)
   pulpino_top_i/core_region_i/CORE.RISCV_CORE/cs_registers_i/mepc_q_reg[17]/D
                                                             -0.21  (VIOLATED)
   pulpino_top_i/core_region_i/CORE.RISCV_CORE/cs_registers_i/PCCR_q_reg[0][26]/D
                                                             -0.21  (VIOLATED)
   pulpino_top_i/peripherals_i/apb_uart_i/UART_TXFF/iFIFOMem_reg[13][1]/TE
                                                             -0.21  (VIOLATED)
   pulpino_top_i/core_region_i/CORE.RISCV_CORE/cs_registers_i/mepc_q_reg[14]/D
                                                             -0.21  (VIOLATED)
   pulpino_top_i/core_region_i/instr_mem/sp_ram_wrap_i/bank2_byte3/A[5]
                                                             -0.21  (VIOLATED)
   pulpino_top_i/peripherals_i/apb_event_unit_i/i_event_unit/regs_q_reg[1][13]/TE
                                                             -0.21  (VIOLATED)
   pulpino_top_i/peripherals_i/apb_uart_i/UART_TXFF/iFIFOMem_reg[8][2]/TE
                                                             -0.21  (VIOLATED)
   pulpino_top_i/core_region_i/data_mem/bank0_byte2/D[3]     -0.21  (VIOLATED)
   pulpino_top_i/peripherals_i/apb_uart_i/UART_TXFF/iFIFOMem_reg[20][0]/TE
                                                             -0.21  (VIOLATED)
   pulpino_top_i/peripherals_i/apb_uart_i/UART_TXFF/iFIFOMem_reg[32][6]/TE
                                                             -0.21  (VIOLATED)
   pulpino_top_i/axi_interconnect_i/axi_node_i/_RESP_BLOCK_GEN[2].RESP_BLOCK/BW_ALLOC/outstanding_counter_reg[1]/D
                                                             -0.21  (VIOLATED)
   pulpino_top_i/peripherals_i/apb_uart_i/UART_TXFF/iFIFOMem_reg[20][1]/TE
                                                             -0.21  (VIOLATED)
   pulpino_top_i/peripherals_i/apb_uart_i/UART_TXFF/iFIFOMem_reg[20][3]/TE
                                                             -0.21  (VIOLATED)
   pulpino_top_i/peripherals_i/apb_uart_i/UART_RXFF/iUSAGE_reg[3]/D
                                                             -0.21  (VIOLATED)
   pulpino_top_i/core_region_i/data_mem/bank0_byte2/CSN      -0.21  (VIOLATED)
   pulpino_top_i/peripherals_i/apb_uart_i/UART_TXFF/iFIFOMem_reg[20][2]/TE
                                                             -0.21  (VIOLATED)
   pulpino_top_i/peripherals_i/apb_uart_i/UART_TXFF/iFIFOMem_reg[20][6]/TE
                                                             -0.21  (VIOLATED)
   pulpino_top_i/core_region_i/CORE.RISCV_CORE/id_stage_i/hwloop_regs_i/hwlp_start_q_reg[1][29]/D
                                                             -0.21  (VIOLATED)
   pulpino_top_i/peripherals_i/apb_uart_i/UART_TXFF/iFIFOMem_reg[32][7]/TE
                                                             -0.21  (VIOLATED)
   pulpino_top_i/peripherals_i/apb_uart_i/UART_TXFF/iFIFOMem_reg[20][5]/TE
                                                             -0.21  (VIOLATED)
   pulpino_top_i/peripherals_i/apb_uart_i/UART_TXFF/iFIFOMem_reg[20][7]/TE
                                                             -0.21  (VIOLATED)
   pulpino_top_i/peripherals_i/apb_uart_i/UART_TXFF/iFIFOMem_reg[55][4]/TE
                                                             -0.21  (VIOLATED)
   pulpino_top_i/peripherals_i/apb_uart_i/UART_TXFF/iFIFOMem_reg[55][5]/TE
                                                             -0.21  (VIOLATED)
   pulpino_top_i/peripherals_i/apb_uart_i/UART_TXFF/iFIFOMem_reg[13][2]/TE
                                                             -0.21  (VIOLATED)
   pulpino_top_i/peripherals_i/apb_event_unit_i/i_event_unit/regs_q_reg[1][14]/TE
                                                             -0.21  (VIOLATED)
   pulpino_top_i/peripherals_i/apb_uart_i/UART_TXFF/iFIFOMem_reg[13][7]/TE
                                                             -0.21  (VIOLATED)
   pulpino_top_i/core_region_i/CORE.RISCV_CORE/load_store_unit_i/rdata_q_reg[29]/D
                                                             -0.21  (VIOLATED)
   pulpino_top_i/peripherals_i/apb_uart_i/UART_TXFF/iFIFOMem_reg[55][0]/TE
                                                             -0.21  (VIOLATED)
   pulpino_top_i/peripherals_i/apb_uart_i/UART_TXFF/iFIFOMem_reg[32][4]/TE
                                                             -0.21  (VIOLATED)
   pulpino_top_i/peripherals_i/apb_uart_i/UART_TXFF/iFIFOMem_reg[55][3]/TE
                                                             -0.21  (VIOLATED)
   pulpino_top_i/peripherals_i/apb_uart_i/UART_TXFF/iFIFOMem_reg[32][5]/TE
                                                             -0.21  (VIOLATED)
   pulpino_top_i/peripherals_i/apb_event_unit_i/i_event_unit/regs_q_reg[1][12]/TE
                                                             -0.21  (VIOLATED)
   pulpino_top_i/peripherals_i/apb_event_unit_i/i_event_unit/regs_q_reg[1][15]/TE
                                                             -0.21  (VIOLATED)
   pulpino_top_i/peripherals_i/apb_uart_i/UART_TXFF/iFIFOMem_reg[13][4]/TE
                                                             -0.21  (VIOLATED)
   pulpino_top_i/peripherals_i/apb_uart_i/UART_TXFF/iFIFOMem_reg[55][1]/TE
                                                             -0.21  (VIOLATED)
   pulpino_top_i/peripherals_i/apb_uart_i/UART_TXFF/iFIFOMem_reg[32][1]/TE
                                                             -0.21  (VIOLATED)
   pulpino_top_i/peripherals_i/apb_uart_i/UART_TXFF/iFIFOMem_reg[20][4]/TE
                                                             -0.21  (VIOLATED)
   pulpino_top_i/peripherals_i/apb_timer_i/TIMER_GEN[1].timer_i/regs_q_reg[0][2]/D
                                                             -0.20  (VIOLATED)
   pulpino_top_i/peripherals_i/apb_uart_i/UART_TXFF/iFIFOMem_reg[13][6]/TE
                                                             -0.20  (VIOLATED)
   pulpino_top_i/peripherals_i/apb_uart_i/UART_TXFF/iFIFOMem_reg[13][0]/TE
                                                             -0.20  (VIOLATED)
   pulpino_top_i/peripherals_i/apb_uart_i/UART_TXFF/iFIFOMem_reg[55][2]/TE
                                                             -0.20  (VIOLATED)
   pulpino_top_i/peripherals_i/apb_uart_i/UART_TXFF/iFIFOMem_reg[32][2]/TE
                                                             -0.20  (VIOLATED)
   pulpino_top_i/peripherals_i/apb_uart_i/UART_TXFF/iFIFOMem_reg[43][0]/TE
                                                             -0.20  (VIOLATED)
   pulpino_top_i/peripherals_i/apb_uart_i/UART_TXFF/iFIFOMem_reg[43][1]/TE
                                                             -0.20  (VIOLATED)
   pulpino_top_i/peripherals_i/apb_uart_i/UART_TXFF/iFIFOMem_reg[22][0]/TE
                                                             -0.20  (VIOLATED)
   pulpino_top_i/peripherals_i/apb_uart_i/UART_TXFF/iFIFOMem_reg[22][1]/TE
                                                             -0.20  (VIOLATED)
   pulpino_top_i/peripherals_i/apb_uart_i/UART_TXFF/iFIFOMem_reg[32][3]/TE
                                                             -0.20  (VIOLATED)
   pulpino_top_i/peripherals_i/apb_uart_i/UART_TXFF/iFIFOMem_reg[32][0]/TE
                                                             -0.20  (VIOLATED)
   pulpino_top_i/peripherals_i/apb_uart_i/UART_TXFF/iFIFOMem_reg[43][4]/TE
                                                             -0.20  (VIOLATED)
   pulpino_top_i/peripherals_i/apb_uart_i/UART_TXFF/iFIFOMem_reg[13][3]/TE
                                                             -0.20  (VIOLATED)
   pulpino_top_i/peripherals_i/apb_uart_i/UART_TXFF/iFIFOMem_reg[22][3]/TE
                                                             -0.20  (VIOLATED)
   pulpino_top_i/peripherals_i/apb_uart_i/UART_TXFF/iFIFOMem_reg[43][5]/TE
                                                             -0.20  (VIOLATED)
   pulpino_top_i/peripherals_i/apb_uart_i/UART_TXFF/iFIFOMem_reg[13][5]/TE
                                                             -0.20  (VIOLATED)
   pulpino_top_i/peripherals_i/apb_uart_i/UART_TXFF/iFIFOMem_reg[43][6]/TE
                                                             -0.20  (VIOLATED)
   pulpino_top_i/core_region_i/data_mem/bank0_byte2/D[0]     -0.20  (VIOLATED)
   pulpino_top_i/peripherals_i/apb_uart_i/UART_TXFF/iFIFOMem_reg[43][3]/TE
                                                             -0.20  (VIOLATED)
   pulpino_top_i/peripherals_i/apb_uart_i/UART_TXFF/iFIFOMem_reg[43][7]/TE
                                                             -0.20  (VIOLATED)
   pulpino_top_i/peripherals_i/apb_uart_i/UART_TXFF/iFIFOMem_reg[22][4]/TE
                                                             -0.20  (VIOLATED)
   pulpino_top_i/peripherals_i/apb_event_unit_i/i_event_unit/regs_q_reg[1][17]/TE
                                                             -0.20  (VIOLATED)
   pulpino_top_i/peripherals_i/apb_uart_i/UART_TXFF/iFIFOMem_reg[43][2]/TE
                                                             -0.20  (VIOLATED)
   pulpino_top_i/core_region_i/data_mem/bank0_byte3/D[4]     -0.20  (VIOLATED)
   pulpino_top_i/peripherals_i/apb_uart_i/UART_TXFF/iFIFOMem_reg[22][7]/TE
                                                             -0.20  (VIOLATED)
   pulpino_top_i/core_region_i/instr_mem_axi_if/axi_mem_if_SP_i/Slave_r_buffer_LP/buffer_i/FIFO_REGISTERS_reg[0][20]/D
                                                             -0.20  (VIOLATED)
   pulpino_top_i/core_region_i/instr_mem_axi_if/axi_mem_if_SP_i/Slave_r_buffer_LP/buffer_i/FIFO_REGISTERS_reg[1][20]/D
                                                             -0.20  (VIOLATED)
   pulpino_top_i/core_region_i/instr_mem_axi_if/axi_mem_if_SP_i/Slave_r_buffer_LP/buffer_i/FIFO_REGISTERS_reg[2][20]/D
                                                             -0.20  (VIOLATED)
   pulpino_top_i/core_region_i/instr_mem_axi_if/axi_mem_if_SP_i/Slave_r_buffer_LP/buffer_i/FIFO_REGISTERS_reg[3][20]/D
                                                             -0.20  (VIOLATED)
   pulpino_top_i/peripherals_i/apb_uart_i/UART_TXFF/iFIFOMem_reg[22][5]/TE
                                                             -0.20  (VIOLATED)
   pulpino_top_i/peripherals_i/apb_uart_i/UART_TXFF/iFIFOMem_reg[22][2]/TE
                                                             -0.20  (VIOLATED)
   pulpino_top_i/peripherals_i/apb_uart_i/UART_TXFF/iFIFOMem_reg[22][6]/TE
                                                             -0.20  (VIOLATED)
   pulpino_top_i/core_region_i/CORE.RISCV_CORE/id_stage_i/hwloop_regs_i/hwlp_start_q_reg[0][6]/TI
                                                             -0.20  (VIOLATED)
   pulpino_top_i/peripherals_i/apb_event_unit_i/i_event_unit/regs_q_reg[1][16]/TE
                                                             -0.20  (VIOLATED)
   pulpino_top_i/peripherals_i/apb_timer_i/TIMER_GEN[0].timer_i/regs_q_reg[0][19]/D
                                                             -0.20  (VIOLATED)
   pulpino_top_i/axi_interconnect_i/axi_node_i/_RESP_BLOCK_GEN[2].RESP_BLOCK/BW_ALLOC/outstanding_counter_reg[4]/D
                                                             -0.20  (VIOLATED)
   pulpino_top_i/core_region_i/CORE.RISCV_CORE/id_stage_i/hwloop_regs_i/hwlp_start_q_reg[1][30]/D
                                                             -0.20  (VIOLATED)
   pulpino_top_i/peripherals_i/apb_uart_i/UART_TXFF/iFIFOMem_reg[39][3]/TE
                                                             -0.20  (VIOLATED)
   pulpino_top_i/peripherals_i/apb_uart_i/UART_TXFF/iFIFOMem_reg[4][2]/TE
                                                             -0.20  (VIOLATED)
   pulpino_top_i/peripherals_i/apb_uart_i/UART_TXFF/iFIFOMem_reg[39][0]/TE
                                                             -0.20  (VIOLATED)
   pulpino_top_i/peripherals_i/apb_uart_i/UART_TXFF/iFIFOMem_reg[39][1]/TE
                                                             -0.20  (VIOLATED)
   pulpino_top_i/peripherals_i/apb_uart_i/UART_TXFF/iFIFOMem_reg[55][7]/TE
                                                             -0.20  (VIOLATED)
   pulpino_top_i/peripherals_i/apb_uart_i/UART_TXFF/iFIFOMem_reg[39][4]/TE
                                                             -0.20  (VIOLATED)
   pulpino_top_i/peripherals_i/apb_uart_i/UART_TXFF/iFIFOMem_reg[4][1]/TE
                                                             -0.20  (VIOLATED)
   pulpino_top_i/core_region_i/CORE.RISCV_CORE/id_stage_i/hwloop_regs_i/hwlp_start_q_reg[1][28]/D
                                                             -0.20  (VIOLATED)
   pulpino_top_i/core_region_i/CORE.RISCV_CORE/cs_registers_i/mepc_q_reg[21]/D
                                                             -0.20  (VIOLATED)
   pulpino_top_i/peripherals_i/apb_uart_i/UART_TXFF/iFIFOMem_reg[4][4]/TE
                                                             -0.20  (VIOLATED)
   pulpino_top_i/peripherals_i/apb_uart_i/UART_TXFF/iFIFOMem_reg[39][5]/TE
                                                             -0.20  (VIOLATED)
   pulpino_top_i/peripherals_i/apb_uart_i/UART_TXFF/iFIFOMem_reg[55][6]/TE
                                                             -0.20  (VIOLATED)
   pulpino_top_i/peripherals_i/apb_uart_i/UART_TXFF/iFIFOMem_reg[4][7]/TE
                                                             -0.20  (VIOLATED)
   pulpino_top_i/peripherals_i/apb_uart_i/UART_TXFF/iFIFOMem_reg[39][2]/TE
                                                             -0.20  (VIOLATED)
   pulpino_top_i/peripherals_i/apb_timer_i/TIMER_GEN[0].timer_i/regs_q_reg[0][17]/D
                                                             -0.20  (VIOLATED)
   pulpino_top_i/peripherals_i/apb_uart_i/UART_TXFF/iFIFOMem_reg[4][0]/TE
                                                             -0.20  (VIOLATED)
   pulpino_top_i/peripherals_i/apb_uart_i/UART_TXFF/iFIFOMem_reg[4][3]/TE
                                                             -0.20  (VIOLATED)
   pulpino_top_i/axi_interconnect_i/axi_node_i/_RESP_BLOCK_GEN[1].RESP_BLOCK/DW_ADDR_DEC/MASTER_ID_FIFO/Push_Pointer_CS_reg[2]/TI
                                                             -0.20  (VIOLATED)
   pulpino_top_i/core_region_i/CORE.RISCV_CORE/id_stage_i/hwloop_regs_i/hwlp_end_q_reg[0][27]/TI
                                                             -0.20  (VIOLATED)
   pulpino_top_i/peripherals_i/apb_uart_i/UART_TXFF/iFIFOMem_reg[17][3]/TE
                                                             -0.20  (VIOLATED)
   pulpino_top_i/core_region_i/instr_mem/sp_ram_wrap_i/bank3_byte1/A[0]
                                                             -0.20  (VIOLATED)
   pulpino_top_i/peripherals_i/apb_uart_i/UART_TXFF/iFIFOMem_reg[17][6]/TE
                                                             -0.20  (VIOLATED)
   pulpino_top_i/peripherals_i/apb_uart_i/UART_TXFF/iFIFOMem_reg[39][6]/TE
                                                             -0.20  (VIOLATED)
   pulpino_top_i/peripherals_i/apb_uart_i/UART_TXFF/iFIFOMem_reg[12][1]/TE
                                                             -0.20  (VIOLATED)
   pulpino_top_i/peripherals_i/apb_uart_i/UART_TXFF/iFIFOMem_reg[12][6]/TE
                                                             -0.20  (VIOLATED)
   pulpino_top_i/peripherals_i/apb_uart_i/UART_TXFF/iFIFOMem_reg[39][7]/TE
                                                             -0.20  (VIOLATED)
   pulpino_top_i/peripherals_i/apb_event_unit_i/i_event_unit/regs_q_reg[1][23]/TE
                                                             -0.20  (VIOLATED)
   pulpino_top_i/peripherals_i/apb_event_unit_i/i_event_unit/regs_q_reg[1][19]/TE
                                                             -0.20  (VIOLATED)
   pulpino_top_i/peripherals_i/apb_uart_i/UART_TXFF/iFIFOMem_reg[12][0]/TE
                                                             -0.20  (VIOLATED)
   pulpino_top_i/peripherals_i/apb_uart_i/UART_TXFF/iFIFOMem_reg[17][4]/TE
                                                             -0.20  (VIOLATED)
   pulpino_top_i/peripherals_i/apb_gpio_i/r_status_reg[31]/D
                                                             -0.20  (VIOLATED)
   pulpino_top_i/peripherals_i/apb_uart_i/UART_TXFF/iFIFOMem_reg[17][0]/TE
                                                             -0.20  (VIOLATED)
   pulpino_top_i/peripherals_i/apb_uart_i/UART_TXFF/iFIFOMem_reg[17][1]/TE
                                                             -0.20  (VIOLATED)
   pulpino_top_i/core_region_i/CORE.RISCV_CORE/id_stage_i/hwloop_regs_i/hwlp_end_q_reg[0][9]/TI
                                                             -0.20  (VIOLATED)
   pulpino_top_i/peripherals_i/apb_uart_i/UART_TXFF/iFIFOMem_reg[4][6]/TE
                                                             -0.20  (VIOLATED)
   pulpino_top_i/peripherals_i/apb_uart_i/UART_TXFF/iFIFOMem_reg[17][7]/TE
                                                             -0.20  (VIOLATED)
   pulpino_top_i/peripherals_i/apb_uart_i/UART_TXFF/iFIFOMem_reg[12][3]/TE
                                                             -0.20  (VIOLATED)
   pulpino_top_i/peripherals_i/apb_uart_i/UART_TXFF/iFIFOMem_reg[17][2]/TE
                                                             -0.20  (VIOLATED)
   pulpino_top_i/peripherals_i/apb_uart_i/UART_TXFF/iFIFOMem_reg[17][5]/TE
                                                             -0.20  (VIOLATED)
   pulpino_top_i/core_region_i/data_mem/bank3_byte2/WEN      -0.20  (VIOLATED)
   pulpino_top_i/peripherals_i/apb_uart_i/UART_TXFF/iFIFOMem_reg[4][5]/TE
                                                             -0.20  (VIOLATED)
   pulpino_top_i/core_region_i/CORE.RISCV_CORE/cs_registers_i/mepc_q_reg[24]/D
                                                             -0.20  (VIOLATED)
   pulpino_top_i/core_region_i/CORE.RISCV_CORE/load_store_unit_i/rdata_q_reg[28]/D
                                                             -0.20  (VIOLATED)
   pulpino_top_i/core_region_i/CORE.RISCV_CORE/id_stage_i/hwloop_regs_i/hwlp_start_q_reg[1][26]/D
                                                             -0.20  (VIOLATED)
   pulpino_top_i/peripherals_i/apb_uart_i/UART_TXFF/iFIFOMem_reg[12][2]/TE
                                                             -0.20  (VIOLATED)
   pulpino_top_i/peripherals_i/apb_event_unit_i/i_event_unit/regs_q_reg[1][18]/TE
                                                             -0.20  (VIOLATED)
   pulpino_top_i/peripherals_i/apb_uart_i/UART_TXFF/iFIFOMem_reg[12][7]/TE
                                                             -0.20  (VIOLATED)
   pulpino_top_i/core_region_i/CORE.RISCV_CORE/cs_registers_i/mepc_q_reg[16]/D
                                                             -0.20  (VIOLATED)
   pulpino_top_i/core_region_i/instr_mem/sp_ram_wrap_i/bank3_byte3/A[10]
                                                             -0.20  (VIOLATED)
   pulpino_top_i/peripherals_i/apb_uart_i/UART_TXFF/iFIFOMem_reg[16][4]/TE
                                                             -0.20  (VIOLATED)
   pulpino_top_i/peripherals_i/apb_uart_i/UART_TXFF/iFIFOMem_reg[12][4]/TE
                                                             -0.20  (VIOLATED)
   pulpino_top_i/peripherals_i/apb_uart_i/UART_TXFF/iFIFOMem_reg[16][3]/TE
                                                             -0.20  (VIOLATED)
   pulpino_top_i/core_region_i/CORE.RISCV_CORE/id_stage_i/hwloop_regs_i/hwlp_start_q_reg[1][27]/D
                                                             -0.20  (VIOLATED)
   pulpino_top_i/core_region_i/CORE.RISCV_CORE/id_stage_i/hwloop_regs_i/hwlp_start_q_reg[1][19]/D
                                                             -0.19  (VIOLATED)
   pulpino_top_i/core_region_i/CORE.RISCV_CORE/id_stage_i/hwloop_regs_i/hwlp_end_q_reg[0][14]/TI
                                                             -0.19  (VIOLATED)
   pulpino_top_i/core_region_i/CORE.RISCV_CORE/id_stage_i/hwloop_regs_i/hwlp_start_q_reg[0][22]/TI
                                                             -0.19  (VIOLATED)
   pulpino_top_i/peripherals_i/apb_uart_i/UART_TXFF/iFIFOMem_reg[26][0]/TE
                                                             -0.19  (VIOLATED)
   pulpino_top_i/peripherals_i/apb_uart_i/UART_TXFF/iFIFOMem_reg[26][1]/TE
                                                             -0.19  (VIOLATED)
   pulpino_top_i/peripherals_i/apb_uart_i/UART_TXFF/iFIFOMem_reg[26][3]/TE
                                                             -0.19  (VIOLATED)
   pulpino_top_i/core_region_i/CORE.RISCV_CORE/id_stage_i/hwloop_regs_i/hwlp_end_q_reg[0][17]/TI
                                                             -0.19  (VIOLATED)
   pulpino_top_i/peripherals_i/apb_uart_i/UART_TXFF/iFIFOMem_reg[16][5]/TE
                                                             -0.19  (VIOLATED)
   pulpino_top_i/peripherals_i/apb_uart_i/UART_TXFF/iFIFOMem_reg[12][5]/TE
                                                             -0.19  (VIOLATED)
   pulpino_top_i/core_region_i/CORE.RISCV_CORE/id_stage_i/hwloop_regs_i/hwlp_end_q_reg[0][23]/TI
                                                             -0.19  (VIOLATED)
   pulpino_top_i/peripherals_i/apb_uart_i/UART_TXFF/iFIFOMem_reg[26][6]/TE
                                                             -0.19  (VIOLATED)
   pulpino_top_i/peripherals_i/apb_uart_i/UART_TXFF/iFIFOMem_reg[26][7]/TE
                                                             -0.19  (VIOLATED)
   pulpino_top_i/peripherals_i/apb_uart_i/UART_TXFF/iFIFOMem_reg[16][6]/TE
                                                             -0.19  (VIOLATED)
   pulpino_top_i/peripherals_i/apb_uart_i/UART_TXFF/iFIFOMem_reg[26][2]/TE
                                                             -0.19  (VIOLATED)
   pulpino_top_i/core_region_i/data_mem/bank2_byte3/D[3]     -0.19  (VIOLATED)
   pulpino_top_i/axi_interconnect_i/axi_node_i/_RESP_BLOCK_GEN[0].RESP_BLOCK/BW_ALLOC/outstanding_counter_reg[0]/D
                                                             -0.19  (VIOLATED)
   pulpino_top_i/peripherals_i/apb_timer_i/TIMER_GEN[1].timer_i/regs_q_reg[0][6]/D
                                                             -0.19  (VIOLATED)
   pulpino_top_i/peripherals_i/apb_uart_i/UART_TXFF/iFIFOMem_reg[2][5]/TE
                                                             -0.19  (VIOLATED)
   pulpino_top_i/peripherals_i/apb_uart_i/UART_TXFF/iFIFOMem_reg[2][6]/TE
                                                             -0.19  (VIOLATED)
   pulpino_top_i/peripherals_i/apb_uart_i/UART_TXFF/iFIFOMem_reg[2][0]/TE
                                                             -0.19  (VIOLATED)
   pulpino_top_i/peripherals_i/apb_uart_i/UART_TXFF/iFIFOMem_reg[2][1]/TE
                                                             -0.19  (VIOLATED)
   pulpino_top_i/peripherals_i/apb_uart_i/UART_TXFF/iFIFOMem_reg[2][3]/TE
                                                             -0.19  (VIOLATED)
   pulpino_top_i/peripherals_i/apb_uart_i/UART_TXFF/iFIFOMem_reg[34][0]/TE
                                                             -0.19  (VIOLATED)
   pulpino_top_i/peripherals_i/apb_uart_i/UART_TXFF/iFIFOMem_reg[34][1]/TE
                                                             -0.19  (VIOLATED)
   pulpino_top_i/peripherals_i/apb_uart_i/UART_TXFF/iFIFOMem_reg[34][2]/TE
                                                             -0.19  (VIOLATED)
   pulpino_top_i/peripherals_i/apb_uart_i/UART_TXFF/iFIFOMem_reg[16][7]/TE
                                                             -0.19  (VIOLATED)
   pulpino_top_i/core_region_i/CORE.RISCV_CORE/cs_registers_i/mepc_q_reg[18]/D
                                                             -0.19  (VIOLATED)
   pulpino_top_i/core_region_i/CORE.RISCV_CORE/id_stage_i/hwloop_regs_i/hwlp_end_q_reg[0][15]/TI
                                                             -0.19  (VIOLATED)
   pulpino_top_i/peripherals_i/apb_uart_i/UART_TXFF/iFIFOMem_reg[26][4]/TE
                                                             -0.19  (VIOLATED)
   pulpino_top_i/peripherals_i/apb_uart_i/UART_TXFF/iFIFOMem_reg[16][1]/TE
                                                             -0.19  (VIOLATED)
   pulpino_top_i/peripherals_i/apb_uart_i/UART_TXFF/iFIFOMem_reg[2][7]/TE
                                                             -0.19  (VIOLATED)
   pulpino_top_i/core_region_i/CORE.RISCV_CORE/cs_registers_i/mepc_q_reg[19]/D
                                                             -0.19  (VIOLATED)
   pulpino_top_i/peripherals_i/apb_uart_i/UART_TXFF/iFIFOMem_reg[16][0]/TE
                                                             -0.19  (VIOLATED)
   pulpino_top_i/core_region_i/CORE.RISCV_CORE/id_stage_i/hwloop_regs_i/hwlp_end_q_reg[0][20]/TI
                                                             -0.19  (VIOLATED)
   pulpino_top_i/core_region_i/instr_mem/sp_ram_wrap_i/bank3_byte0/D[4]
                                                             -0.19  (VIOLATED)
   pulpino_top_i/peripherals_i/apb_uart_i/UART_TXFF/iFIFOMem_reg[2][4]/TE
                                                             -0.19  (VIOLATED)
   pulpino_top_i/peripherals_i/apb_uart_i/UART_TXFF/iFIFOMem_reg[16][2]/TE
                                                             -0.19  (VIOLATED)
   pulpino_top_i/core_region_i/instr_mem/sp_ram_wrap_i/bank3_byte0/D[5]
                                                             -0.19  (VIOLATED)
   pulpino_top_i/peripherals_i/apb_uart_i/UART_TXFF/iFIFOMem_reg[34][4]/TE
                                                             -0.19  (VIOLATED)
   pulpino_top_i/peripherals_i/apb_uart_i/UART_TXFF/iFIFOMem_reg[34][5]/TE
                                                             -0.19  (VIOLATED)
   pulpino_top_i/peripherals_i/apb_uart_i/UART_TXFF/iFIFOMem_reg[26][5]/TE
                                                             -0.19  (VIOLATED)
   pulpino_top_i/peripherals_i/apb_uart_i/UART_TXFF/iFIFOMem_reg[34][6]/TE
                                                             -0.19  (VIOLATED)
   pulpino_top_i/peripherals_i/apb_uart_i/UART_TXFF/iFIFOMem_reg[34][3]/TE
                                                             -0.19  (VIOLATED)
   pulpino_top_i/peripherals_i/apb_uart_i/UART_TXFF/iFIFOMem_reg[2][2]/TE
                                                             -0.19  (VIOLATED)
   pulpino_top_i/peripherals_i/apb_uart_i/UART_TXFF/iFIFOMem_reg[34][7]/TE
                                                             -0.19  (VIOLATED)
   pulpino_top_i/core_region_i/data_mem/bank3_byte3/D[3]     -0.19  (VIOLATED)
   pulpino_top_i/core_region_i/CORE.RISCV_CORE/id_stage_i/hwloop_regs_i/hwlp_end_q_reg[0][16]/TI
                                                             -0.19  (VIOLATED)
   pulpino_top_i/core_region_i/CORE.RISCV_CORE/id_stage_i/hwloop_regs_i/hwlp_start_q_reg[1][25]/D
                                                             -0.19  (VIOLATED)
   pulpino_top_i/core_region_i/CORE.RISCV_CORE/id_stage_i/hwloop_regs_i/hwlp_start_q_reg[1][20]/D
                                                             -0.19  (VIOLATED)
   pulpino_top_i/core_region_i/CORE.RISCV_CORE/cs_registers_i/PCCR_q_reg[0][18]/D
                                                             -0.19  (VIOLATED)
   pulpino_top_i/core_region_i/CORE.RISCV_CORE/load_store_unit_i/rdata_q_reg[22]/D
                                                             -0.19  (VIOLATED)
   pulpino_top_i/core_region_i/data_mem/bank2_byte2/D[1]     -0.19  (VIOLATED)
   pulpino_top_i/core_region_i/instr_mem/sp_ram_wrap_i/bank3_byte1/A[9]
                                                             -0.19  (VIOLATED)
   pulpino_top_i/core_region_i/CORE.RISCV_CORE/cs_registers_i/mepc_q_reg[27]/D
                                                             -0.19  (VIOLATED)
   pulpino_top_i/core_region_i/data_mem/bank0_byte3/D[2]     -0.18  (VIOLATED)
   pulpino_top_i/core_region_i/CORE.RISCV_CORE/cs_registers_i/mepc_q_reg[30]/D
                                                             -0.18  (VIOLATED)
   pulpino_top_i/core_region_i/CORE.RISCV_CORE/id_stage_i/pc_ex_o_reg[9]/TE
                                                             -0.18  (VIOLATED)
   pulpino_top_i/core_region_i/CORE.RISCV_CORE/id_stage_i/pc_ex_o_reg[10]/TE
                                                             -0.18  (VIOLATED)
   pulpino_top_i/core_region_i/CORE.RISCV_CORE/id_stage_i/pc_ex_o_reg[0]/TE
                                                             -0.18  (VIOLATED)
   pulpino_top_i/core_region_i/CORE.RISCV_CORE/id_stage_i/pc_ex_o_reg[8]/TE
                                                             -0.18  (VIOLATED)
   pulpino_top_i/core_region_i/CORE.RISCV_CORE/cs_registers_i/mepc_q_reg[31]/D
                                                             -0.18  (VIOLATED)
   pulpino_top_i/core_region_i/CORE.RISCV_CORE/id_stage_i/pc_ex_o_reg[3]/TE
                                                             -0.18  (VIOLATED)
   pulpino_top_i/peripherals_i/apb_uart_i/UART_TXFF/iFIFOMem_reg[50][0]/TE
                                                             -0.18  (VIOLATED)
   pulpino_top_i/core_region_i/CORE.RISCV_CORE/id_stage_i/pc_ex_o_reg[7]/TE
                                                             -0.18  (VIOLATED)
   pulpino_top_i/core_region_i/CORE.RISCV_CORE/id_stage_i/pc_ex_o_reg[2]/TE
                                                             -0.18  (VIOLATED)
   pulpino_top_i/core_region_i/CORE.RISCV_CORE/load_store_unit_i/rdata_q_reg[26]/D
                                                             -0.18  (VIOLATED)
   pulpino_top_i/peripherals_i/apb_uart_i/UART_TXFF/iFIFOMem_reg[50][3]/TE
                                                             -0.18  (VIOLATED)
   pulpino_top_i/core_region_i/data_mem/bank2_byte3/D[5]     -0.18  (VIOLATED)
   pulpino_top_i/peripherals_i/apb_uart_i/UART_TXFF/iFIFOMem_reg[50][1]/TE
                                                             -0.18  (VIOLATED)
   pulpino_top_i/peripherals_i/apb_uart_i/UART_TXFF/iFIFOMem_reg[50][2]/TE
                                                             -0.18  (VIOLATED)
   pulpino_top_i/core_region_i/CORE.RISCV_CORE/id_stage_i/hwloop_regs_i/hwlp_start_q_reg[1][24]/D
                                                             -0.18  (VIOLATED)
   pulpino_top_i/core_region_i/data_mem/bank0_byte3/D[6]     -0.18  (VIOLATED)
   pulpino_top_i/core_region_i/CORE.RISCV_CORE/id_stage_i/hwloop_regs_i/hwlp_start_q_reg[0][10]/TI
                                                             -0.18  (VIOLATED)
   pulpino_top_i/core_region_i/CORE.RISCV_CORE/id_stage_i/hwloop_regs_i/hwlp_start_q_reg[1][18]/D
                                                             -0.18  (VIOLATED)
   pulpino_top_i/core_region_i/CORE.RISCV_CORE/id_stage_i/pc_ex_o_reg[1]/TE
                                                             -0.18  (VIOLATED)
   pulpino_top_i/peripherals_i/apb_gpio_i/r_status_reg[5]/D
                                                             -0.18  (VIOLATED)
   pulpino_top_i/peripherals_i/apb_timer_i/TIMER_GEN[1].timer_i/regs_q_reg[0][0]/D
                                                             -0.18  (VIOLATED)
   pulpino_top_i/peripherals_i/apb_uart_i/UART_RXFF/iRDAddr_reg[6]/D
                                                             -0.18  (VIOLATED)
   pulpino_top_i/core_region_i/instr_mem/sp_ram_wrap_i/bank3_byte2/A[5]
                                                             -0.18  (VIOLATED)
   pulpino_top_i/core_region_i/axi_slice_core2axi/WITH_SLICE.axi_slice_i/w_buffer_i/buffer_i/FIFO_REGISTERS_reg[1][13]/TE
                                                             -0.18  (VIOLATED)
   pulpino_top_i/core_region_i/axi_slice_core2axi/WITH_SLICE.axi_slice_i/w_buffer_i/buffer_i/FIFO_REGISTERS_reg[1][14]/TE
                                                             -0.18  (VIOLATED)
   pulpino_top_i/core_region_i/axi_slice_core2axi/WITH_SLICE.axi_slice_i/w_buffer_i/buffer_i/FIFO_REGISTERS_reg[1][15]/TE
                                                             -0.18  (VIOLATED)
   pulpino_top_i/core_region_i/instr_mem/sp_ram_wrap_i/bank0_byte2/A[4]
                                                             -0.18  (VIOLATED)
   pulpino_top_i/core_region_i/axi_slice_core2axi/WITH_SLICE.axi_slice_i/w_buffer_i/buffer_i/FIFO_REGISTERS_reg[1][16]/TE
                                                             -0.18  (VIOLATED)
   pulpino_top_i/core_region_i/axi_slice_core2axi/WITH_SLICE.axi_slice_i/w_buffer_i/buffer_i/FIFO_REGISTERS_reg[1][26]/TE
                                                             -0.18  (VIOLATED)
   pulpino_top_i/core_region_i/axi_slice_core2axi/WITH_SLICE.axi_slice_i/w_buffer_i/buffer_i/FIFO_REGISTERS_reg[1][11]/TE
                                                             -0.18  (VIOLATED)
   pulpino_top_i/core_region_i/axi_slice_core2axi/WITH_SLICE.axi_slice_i/w_buffer_i/buffer_i/FIFO_REGISTERS_reg[1][27]/TE
                                                             -0.18  (VIOLATED)
   pulpino_top_i/core_region_i/data_mem/bank1_byte3/D[6]     -0.18  (VIOLATED)
   pulpino_top_i/core_region_i/axi_slice_core2axi/WITH_SLICE.axi_slice_i/w_buffer_i/buffer_i/FIFO_REGISTERS_reg[1][12]/TE
                                                             -0.18  (VIOLATED)
   pulpino_top_i/core_region_i/axi_slice_core2axi/WITH_SLICE.axi_slice_i/w_buffer_i/buffer_i/FIFO_REGISTERS_reg[1][23]/TE
                                                             -0.18  (VIOLATED)
   pulpino_top_i/peripherals_i/axi_spi_slave_i/axi_spi_slave_i/u_axiplug/curr_addr_reg[27]/D
                                                             -0.18  (VIOLATED)
   pulpino_top_i/core_region_i/axi_slice_core2axi/WITH_SLICE.axi_slice_i/w_buffer_i/buffer_i/FIFO_REGISTERS_reg[1][21]/TE
                                                             -0.18  (VIOLATED)
   pulpino_top_i/peripherals_i/apb_uart_i/UART_TXFF/iFIFOMem_reg[50][7]/TE
                                                             -0.18  (VIOLATED)
   pulpino_top_i/core_region_i/axi_slice_core2axi/WITH_SLICE.axi_slice_i/w_buffer_i/buffer_i/FIFO_REGISTERS_reg[1][24]/TE
                                                             -0.18  (VIOLATED)
   pulpino_top_i/core_region_i/instr_mem_axi_if/axi_mem_if_SP_i/Slave_r_buffer_LP/buffer_i/FIFO_REGISTERS_reg[0][15]/D
                                                             -0.18  (VIOLATED)
   pulpino_top_i/core_region_i/instr_mem_axi_if/axi_mem_if_SP_i/Slave_r_buffer_LP/buffer_i/FIFO_REGISTERS_reg[2][15]/D
                                                             -0.18  (VIOLATED)
   pulpino_top_i/peripherals_i/apb_uart_i/UART_TXFF/iFIFOMem_reg[50][4]/TE
                                                             -0.18  (VIOLATED)
   pulpino_top_i/peripherals_i/apb_uart_i/UART_TXFF/iFIFOMem_reg[50][5]/TE
                                                             -0.18  (VIOLATED)
   pulpino_top_i/peripherals_i/apb_uart_i/UART_TXFF/iFIFOMem_reg[31][1]/TE
                                                             -0.18  (VIOLATED)
   pulpino_top_i/peripherals_i/apb_uart_i/UART_TXFF/iFIFOMem_reg[31][3]/TE
                                                             -0.18  (VIOLATED)
   pulpino_top_i/peripherals_i/apb_uart_i/UART_TXFF/iFIFOMem_reg[50][6]/TE
                                                             -0.18  (VIOLATED)
   pulpino_top_i/core_region_i/instr_mem_axi_if/axi_mem_if_SP_i/Slave_r_buffer_LP/buffer_i/FIFO_REGISTERS_reg[1][15]/D
                                                             -0.18  (VIOLATED)
   pulpino_top_i/core_region_i/instr_mem_axi_if/axi_mem_if_SP_i/Slave_r_buffer_LP/buffer_i/FIFO_REGISTERS_reg[3][15]/D
                                                             -0.18  (VIOLATED)
   pulpino_top_i/core_region_i/axi_slice_core2axi/WITH_SLICE.axi_slice_i/w_buffer_i/buffer_i/FIFO_REGISTERS_reg[1][22]/TE
                                                             -0.18  (VIOLATED)
   pulpino_top_i/peripherals_i/apb_uart_i/UART_TXFF/iFIFOMem_reg[31][7]/TE
                                                             -0.18  (VIOLATED)
   pulpino_top_i/peripherals_i/apb_uart_i/UART_TXFF/iFIFOMem_reg[6][0]/TE
                                                             -0.18  (VIOLATED)
   pulpino_top_i/peripherals_i/apb_uart_i/UART_TXFF/iFIFOMem_reg[6][1]/TE
                                                             -0.18  (VIOLATED)
   pulpino_top_i/peripherals_i/apb_uart_i/UART_TXFF/iFIFOMem_reg[6][3]/TE
                                                             -0.18  (VIOLATED)
   pulpino_top_i/peripherals_i/apb_uart_i/UART_TXFF/iFIFOMem_reg[31][0]/TE
                                                             -0.18  (VIOLATED)
   pulpino_top_i/core_region_i/data_mem/bank2_byte3/D[6]     -0.18  (VIOLATED)
   pulpino_top_i/peripherals_i/apb_uart_i/UART_TXFF/iFIFOMem_reg[6][7]/TE
                                                             -0.18  (VIOLATED)
   pulpino_top_i/core_region_i/axi_slice_core2axi/WITH_SLICE.axi_slice_i/w_buffer_i/buffer_i/FIFO_REGISTERS_reg[1][9]/TE
                                                             -0.18  (VIOLATED)
   pulpino_top_i/core_region_i/axi_slice_core2axi/WITH_SLICE.axi_slice_i/w_buffer_i/buffer_i/FIFO_REGISTERS_reg[1][10]/TE
                                                             -0.18  (VIOLATED)
   pulpino_top_i/core_region_i/axi_slice_core2axi/WITH_SLICE.axi_slice_i/ar_buffer_i/buffer_i/Push_Pointer_CS_reg[0]/D
                                                             -0.18  (VIOLATED)
   pulpino_top_i/peripherals_i/apb_uart_i/UART_TXFF/iFIFOMem_reg[31][4]/TE
                                                             -0.18  (VIOLATED)
   pulpino_top_i/peripherals_i/apb_uart_i/UART_TXFF/iFIFOMem_reg[6][2]/TE
                                                             -0.18  (VIOLATED)
   pulpino_top_i/core_region_i/data_mem/bank0_byte3/CSN      -0.18  (VIOLATED)
   pulpino_top_i/core_region_i/instr_mem/sp_ram_wrap_i/bank0_byte0/A[7]
                                                             -0.18  (VIOLATED)
   pulpino_top_i/core_region_i/data_mem/bank3_byte3/D[5]     -0.18  (VIOLATED)
   pulpino_top_i/peripherals_i/apb_uart_i/UART_TXFF/iFIFOMem_reg[31][6]/TE
                                                             -0.18  (VIOLATED)
   pulpino_top_i/core_region_i/CORE.RISCV_CORE/id_stage_i/hwloop_regs_i/hwlp_start_q_reg[1][16]/D
                                                             -0.18  (VIOLATED)
   pulpino_top_i/core_region_i/axi_slice_core2axi/WITH_SLICE.axi_slice_i/w_buffer_i/buffer_i/FIFO_REGISTERS_reg[1][25]/TE
                                                             -0.18  (VIOLATED)
   pulpino_top_i/peripherals_i/apb_timer_i/TIMER_GEN[0].timer_i/regs_q_reg[0][26]/D
                                                             -0.18  (VIOLATED)
   pulpino_top_i/core_region_i/axi_slice_core2axi/WITH_SLICE.axi_slice_i/w_buffer_i/buffer_i/FIFO_REGISTERS_reg[1][20]/TE
                                                             -0.18  (VIOLATED)
   pulpino_top_i/peripherals_i/apb_uart_i/UART_TXFF/iFIFOMem_reg[6][4]/TE
                                                             -0.18  (VIOLATED)
   pulpino_top_i/core_region_i/data_mem/bank2_byte2/D[7]     -0.18  (VIOLATED)
   pulpino_top_i/peripherals_i/apb_uart_i/UART_TXFF/iFIFOMem_reg[31][5]/TE
                                                             -0.18  (VIOLATED)
   pulpino_top_i/peripherals_i/apb_uart_i/UART_TXFF/iFIFOMem_reg[6][6]/TE
                                                             -0.17  (VIOLATED)
   pulpino_top_i/peripherals_i/apb_uart_i/UART_TXFF/iFIFOMem_reg[31][2]/TE
                                                             -0.17  (VIOLATED)
   pulpino_top_i/core_region_i/instr_mem_axi_if/axi_mem_if_SP_i/Slave_r_buffer_LP/buffer_i/FIFO_REGISTERS_reg[0][4]/D
                                                             -0.17  (VIOLATED)
   pulpino_top_i/core_region_i/instr_mem_axi_if/axi_mem_if_SP_i/Slave_r_buffer_LP/buffer_i/FIFO_REGISTERS_reg[1][4]/D
                                                             -0.17  (VIOLATED)
   pulpino_top_i/core_region_i/instr_mem_axi_if/axi_mem_if_SP_i/Slave_r_buffer_LP/buffer_i/FIFO_REGISTERS_reg[3][4]/D
                                                             -0.17  (VIOLATED)
   pulpino_top_i/core_region_i/data_mem/bank0_byte3/D[0]     -0.17  (VIOLATED)
   pulpino_top_i/core_region_i/axi_slice_core2axi/WITH_SLICE.axi_slice_i/w_buffer_i/buffer_i/FIFO_REGISTERS_reg[1][8]/TE
                                                             -0.17  (VIOLATED)
   pulpino_top_i/core_region_i/instr_mem_axi_if/axi_mem_if_SP_i/Slave_r_buffer_LP/buffer_i/FIFO_REGISTERS_reg[2][4]/D
                                                             -0.17  (VIOLATED)
   pulpino_top_i/peripherals_i/apb_uart_i/UART_TXFF/iFIFOMem_reg[6][5]/TE
                                                             -0.17  (VIOLATED)
   pulpino_top_i/core_region_i/instr_mem/sp_ram_wrap_i/bank0_byte0/A[10]
                                                             -0.17  (VIOLATED)
   pulpino_top_i/core_region_i/CORE.RISCV_CORE/id_stage_i/prepost_useincr_ex_o_reg/TE
                                                             -0.17  (VIOLATED)
   pulpino_top_i/core_region_i/data_mem/bank1_byte3/D[0]     -0.17  (VIOLATED)
   pulpino_top_i/core_region_i/instr_mem/sp_ram_wrap_i/bank3_byte3/A[5]
                                                             -0.17  (VIOLATED)
   pulpino_top_i/core_region_i/CORE.RISCV_CORE/id_stage_i/hwloop_regs_i/hwlp_start_q_reg[1][23]/D
                                                             -0.17  (VIOLATED)
   pulpino_top_i/core_region_i/CORE.RISCV_CORE/cs_registers_i/mepc_q_reg[29]/D
                                                             -0.17  (VIOLATED)
   pulpino_top_i/core_region_i/CORE.RISCV_CORE/id_stage_i/hwloop_regs_i/hwlp_start_q_reg[0][2]/TI
                                                             -0.17  (VIOLATED)
   pulpino_top_i/core_region_i/CORE.RISCV_CORE/id_stage_i/mult_operand_c_ex_o_reg[28]/TE
                                                             -0.17  (VIOLATED)
   pulpino_top_i/core_region_i/data_mem/bank1_byte3/D[7]     -0.17  (VIOLATED)
   pulpino_top_i/axi_interconnect_i/axi_node_i/_RESP_BLOCK_GEN[0].RESP_BLOCK/BR_ALLOC/outstanding_counter_reg[9]/D
                                                             -0.17  (VIOLATED)
   pulpino_top_i/core_region_i/CORE.RISCV_CORE/id_stage_i/mult_signed_mode_ex_o_reg[0]/TE
                                                             -0.17  (VIOLATED)
   pulpino_top_i/core_region_i/CORE.RISCV_CORE/id_stage_i/mult_signed_mode_ex_o_reg[1]/TE
                                                             -0.17  (VIOLATED)
   pulpino_top_i/core_region_i/instr_mem/sp_ram_wrap_i/bank0_byte1/A[7]
                                                             -0.17  (VIOLATED)
   pulpino_top_i/core_region_i/instr_mem/sp_ram_wrap_i/bank2_byte1/WEN
                                                             -0.17  (VIOLATED)
   pulpino_top_i/axi_interconnect_i/axi_node_i/_RESP_BLOCK_GEN[2].RESP_BLOCK/BW_ALLOC/outstanding_counter_reg[9]/D
                                                             -0.17  (VIOLATED)
   pulpino_top_i/core_region_i/CORE.RISCV_CORE/id_stage_i/mult_sel_subword_ex_o_reg/TE
                                                             -0.17  (VIOLATED)
   pulpino_top_i/core_region_i/CORE.RISCV_CORE/id_stage_i/mult_operand_c_ex_o_reg[1]/TE
                                                             -0.17  (VIOLATED)
   pulpino_top_i/core_region_i/CORE.RISCV_CORE/id_stage_i/mult_operand_c_ex_o_reg[2]/TE
                                                             -0.17  (VIOLATED)
   pulpino_top_i/core_region_i/CORE.RISCV_CORE/id_stage_i/mult_operand_c_ex_o_reg[27]/TE
                                                             -0.17  (VIOLATED)
   pulpino_top_i/core_region_i/CORE.RISCV_CORE/id_stage_i/mult_operand_c_ex_o_reg[29]/TE
                                                             -0.17  (VIOLATED)
   pulpino_top_i/core_region_i/data_mem/bank1_byte3/CSN      -0.17  (VIOLATED)
   pulpino_top_i/core_region_i/CORE.RISCV_CORE/id_stage_i/mult_operand_c_ex_o_reg[20]/TE
                                                             -0.17  (VIOLATED)
   pulpino_top_i/core_region_i/data_mem/bank2_byte3/A[7]     -0.17  (VIOLATED)
   pulpino_top_i/core_region_i/instr_mem_axi_if/axi_mem_if_SP_i/Slave_r_buffer_LP/buffer_i/FIFO_REGISTERS_reg[0][23]/D
                                                             -0.17  (VIOLATED)
   pulpino_top_i/core_region_i/instr_mem_axi_if/axi_mem_if_SP_i/Slave_r_buffer_LP/buffer_i/FIFO_REGISTERS_reg[1][23]/D
                                                             -0.17  (VIOLATED)
   pulpino_top_i/core_region_i/instr_mem_axi_if/axi_mem_if_SP_i/Slave_r_buffer_LP/buffer_i/FIFO_REGISTERS_reg[0][21]/D
                                                             -0.17  (VIOLATED)
   pulpino_top_i/core_region_i/instr_mem_axi_if/axi_mem_if_SP_i/Slave_r_buffer_LP/buffer_i/FIFO_REGISTERS_reg[1][21]/D
                                                             -0.17  (VIOLATED)
   pulpino_top_i/core_region_i/instr_mem_axi_if/axi_mem_if_SP_i/Slave_r_buffer_LP/buffer_i/FIFO_REGISTERS_reg[3][23]/D
                                                             -0.17  (VIOLATED)
   pulpino_top_i/core_region_i/CORE.RISCV_CORE/cs_registers_i/mepc_q_reg[1]/D
                                                             -0.17  (VIOLATED)
   pulpino_top_i/core_region_i/instr_mem_axi_if/axi_mem_if_SP_i/Slave_r_buffer_LP/buffer_i/FIFO_REGISTERS_reg[2][21]/D
                                                             -0.17  (VIOLATED)
   pulpino_top_i/core_region_i/instr_mem_axi_if/axi_mem_if_SP_i/Slave_r_buffer_LP/buffer_i/FIFO_REGISTERS_reg[2][23]/D
                                                             -0.17  (VIOLATED)
   pulpino_top_i/core_region_i/instr_mem_axi_if/axi_mem_if_SP_i/Slave_r_buffer_LP/buffer_i/FIFO_REGISTERS_reg[3][21]/D
                                                             -0.17  (VIOLATED)
   pulpino_top_i/core_region_i/CORE.RISCV_CORE/load_store_unit_i/rdata_q_reg[23]/D
                                                             -0.17  (VIOLATED)
   pulpino_top_i/core_region_i/instr_mem_axi_if/axi_mem_if_SP_i/Slave_r_buffer_LP/buffer_i/FIFO_REGISTERS_reg[1][16]/D
                                                             -0.17  (VIOLATED)
   pulpino_top_i/core_region_i/instr_mem_axi_if/axi_mem_if_SP_i/Slave_r_buffer_LP/buffer_i/FIFO_REGISTERS_reg[2][16]/D
                                                             -0.17  (VIOLATED)
   pulpino_top_i/core_region_i/instr_mem_axi_if/axi_mem_if_SP_i/Slave_r_buffer_LP/buffer_i/FIFO_REGISTERS_reg[0][16]/D
                                                             -0.17  (VIOLATED)
   pulpino_top_i/core_region_i/instr_mem_axi_if/axi_mem_if_SP_i/Slave_r_buffer_LP/buffer_i/FIFO_REGISTERS_reg[3][16]/D
                                                             -0.17  (VIOLATED)
   pulpino_top_i/peripherals_i/apb_uart_i/UART_TXFF/iFIFOMem_reg[0][0]/TE
                                                             -0.17  (VIOLATED)
   pulpino_top_i/peripherals_i/apb_uart_i/UART_TXFF/iFIFOMem_reg[0][1]/TE
                                                             -0.17  (VIOLATED)
   pulpino_top_i/peripherals_i/apb_uart_i/UART_TXFF/iFIFOMem_reg[0][7]/TE
                                                             -0.17  (VIOLATED)
   pulpino_top_i/peripherals_i/apb_uart_i/UART_TXFF/iFIFOMem_reg[0][4]/TE
                                                             -0.17  (VIOLATED)
   pulpino_top_i/peripherals_i/apb_uart_i/UART_TXFF/iFIFOMem_reg[0][3]/TE
                                                             -0.17  (VIOLATED)
   pulpino_top_i/peripherals_i/apb_uart_i/UART_TXFF/iFIFOMem_reg[0][5]/TE
                                                             -0.17  (VIOLATED)
   pulpino_top_i/peripherals_i/apb_uart_i/UART_TXFF/iFIFOMem_reg[0][2]/TE
                                                             -0.17  (VIOLATED)
   pulpino_top_i/peripherals_i/apb_uart_i/UART_TXFF/iFIFOMem_reg[0][6]/TE
                                                             -0.17  (VIOLATED)
   pulpino_top_i/core_region_i/data_mem/bank0_byte3/D[1]     -0.17  (VIOLATED)
   pulpino_top_i/core_region_i/data_mem/bank3_byte0/D[6]     -0.17  (VIOLATED)
   pulpino_top_i/peripherals_i/apb_uart_i/UART_TXFF/iFIFOMem_reg[14][1]/TE
                                                             -0.16  (VIOLATED)
   pulpino_top_i/peripherals_i/apb_uart_i/UART_TXFF/iFIFOMem_reg[14][6]/TE
                                                             -0.16  (VIOLATED)
   pulpino_top_i/peripherals_i/apb_uart_i/UART_TXFF/iFIFOMem_reg[14][0]/TE
                                                             -0.16  (VIOLATED)
   pulpino_top_i/peripherals_i/apb_uart_i/UART_TXFF/iFIFOMem_reg[14][3]/TE
                                                             -0.16  (VIOLATED)
   pulpino_top_i/peripherals_i/apb_uart_i/UART_TXFF/iFIFOMem_reg[14][5]/TE
                                                             -0.16  (VIOLATED)
   pulpino_top_i/peripherals_i/apb_uart_i/UART_TXFF/iFIFOMem_reg[1][0]/TE
                                                             -0.16  (VIOLATED)
   pulpino_top_i/peripherals_i/apb_uart_i/UART_TXFF/iFIFOMem_reg[1][1]/TE
                                                             -0.16  (VIOLATED)
   pulpino_top_i/core_region_i/CORE.RISCV_CORE/id_stage_i/data_misaligned_ex_o_reg/TE
                                                             -0.16  (VIOLATED)
   pulpino_top_i/peripherals_i/apb_uart_i/UART_TXFF/iFIFOMem_reg[1][3]/TE
                                                             -0.16  (VIOLATED)
   pulpino_top_i/peripherals_i/apb_uart_i/UART_TXFF/iFIFOMem_reg[14][2]/TE
                                                             -0.16  (VIOLATED)
   pulpino_top_i/peripherals_i/apb_uart_i/UART_TXFF/iFIFOMem_reg[1][6]/TE
                                                             -0.16  (VIOLATED)
   pulpino_top_i/core_region_i/data_mem/bank3_byte3/D[4]     -0.16  (VIOLATED)
   pulpino_top_i/core_region_i/data_mem/bank1_byte1/CSN      -0.16  (VIOLATED)
   pulpino_top_i/peripherals_i/apb_uart_i/UART_TXFF/iFIFOMem_reg[1][7]/TE
                                                             -0.16  (VIOLATED)
   pulpino_top_i/peripherals_i/apb_uart_i/UART_TXFF/iFIFOMem_reg[14][4]/TE
                                                             -0.16  (VIOLATED)
   pulpino_top_i/peripherals_i/apb_uart_i/UART_TXFF/iFIFOMem_reg[14][7]/TE
                                                             -0.16  (VIOLATED)
   pulpino_top_i/core_region_i/data_mem/bank1_byte2/CSN      -0.16  (VIOLATED)
   pulpino_top_i/peripherals_i/apb_timer_i/TIMER_GEN[0].timer_i/regs_q_reg[0][18]/D
                                                             -0.16  (VIOLATED)
   pulpino_top_i/peripherals_i/apb_uart_i/UART_TXFF/iFIFOMem_reg[1][4]/TE
                                                             -0.16  (VIOLATED)
   pulpino_top_i/peripherals_i/apb_uart_i/UART_TXFF/iFIFOMem_reg[1][5]/TE
                                                             -0.16  (VIOLATED)
   pulpino_top_i/core_region_i/data_mem/bank1_byte2/D[4]     -0.16  (VIOLATED)
   pulpino_top_i/peripherals_i/apb_uart_i/UART_TXFF/iFIFOMem_reg[1][2]/TE
                                                             -0.16  (VIOLATED)
   pulpino_top_i/core_region_i/data_mem/bank1_byte1/D[6]     -0.16  (VIOLATED)
   pulpino_top_i/peripherals_i/apb_uart_i/UART_TXFF/iFIFOMem_reg[63][3]/TE
                                                             -0.16  (VIOLATED)
   pulpino_top_i/peripherals_i/apb_uart_i/UART_TXFF/iFIFOMem_reg[63][4]/TE
                                                             -0.16  (VIOLATED)
   pulpino_top_i/core_region_i/CORE.RISCV_CORE/cs_registers_i/mepc_q_reg[26]/D
                                                             -0.16  (VIOLATED)
   pulpino_top_i/peripherals_i/apb_timer_i/TIMER_GEN[1].timer_i/regs_q_reg[0][24]/D
                                                             -0.16  (VIOLATED)
   pulpino_top_i/peripherals_i/apb_uart_i/UART_TXFF/iFIFOMem_reg[63][7]/TE
                                                             -0.16  (VIOLATED)
   pulpino_top_i/core_region_i/CORE.RISCV_CORE/id_stage_i/hwloop_regs_i/hwlp_end_q_reg[0][24]/TI
                                                             -0.16  (VIOLATED)
   pulpino_top_i/core_region_i/CORE.RISCV_CORE/id_stage_i/hwloop_regs_i/hwlp_end_q_reg[0][26]/TI
                                                             -0.16  (VIOLATED)
   pulpino_top_i/peripherals_i/apb_uart_i/UART_TXFF/iFIFOMem_reg[63][0]/TE
                                                             -0.16  (VIOLATED)
   pulpino_top_i/peripherals_i/apb_uart_i/UART_TXFF/iFIFOMem_reg[63][6]/TE
                                                             -0.16  (VIOLATED)
   pulpino_top_i/core_region_i/data_mem/bank1_byte0/CSN      -0.16  (VIOLATED)
   pulpino_top_i/core_region_i/CORE.RISCV_CORE/cs_registers_i/mepc_q_reg[9]/D
                                                             -0.16  (VIOLATED)
   pulpino_top_i/core_region_i/instr_mem/sp_ram_wrap_i/bank3_byte1/A[1]
                                                             -0.16  (VIOLATED)
   pulpino_top_i/peripherals_i/apb_uart_i/UART_TXFF/iFIFOMem_reg[63][2]/TE
                                                             -0.16  (VIOLATED)
   pulpino_top_i/core_region_i/CORE.RISCV_CORE/id_stage_i/hwloop_regs_i/hwlp_start_q_reg[1][21]/D
                                                             -0.16  (VIOLATED)
   pulpino_top_i/core_region_i/data_mem/bank0_byte3/D[7]     -0.16  (VIOLATED)
   pulpino_top_i/core_region_i/CORE.RISCV_CORE/id_stage_i/hwloop_regs_i/hwlp_start_q_reg[1][17]/D
                                                             -0.16  (VIOLATED)
   pulpino_top_i/core_region_i/data_mem/bank1_byte1/D[7]     -0.16  (VIOLATED)
   pulpino_top_i/peripherals_i/apb_timer_i/TIMER_GEN[1].timer_i/regs_q_reg[0][25]/D
                                                             -0.16  (VIOLATED)
   pulpino_top_i/core_region_i/CORE.RISCV_CORE/load_store_unit_i/rdata_q_reg[18]/D
                                                             -0.16  (VIOLATED)
   pulpino_top_i/peripherals_i/apb_uart_i/UART_TXFF/iFIFOMem_reg[63][1]/TE
                                                             -0.16  (VIOLATED)
   pulpino_top_i/peripherals_i/apb_uart_i/UART_TXFF/iFIFOMem_reg[63][5]/TE
                                                             -0.16  (VIOLATED)
   pulpino_top_i/peripherals_i/apb_uart_i/iTHRInterrupt_reg/TE
                                                             -0.16  (VIOLATED)
   pulpino_top_i/core_region_i/instr_mem/sp_ram_wrap_i/bank0_byte1/A[10]
                                                             -0.16  (VIOLATED)
   pulpino_top_i/peripherals_i/apb_uart_i/UART_TXFF/iFIFOMem_reg[59][6]/TE
                                                             -0.16  (VIOLATED)
   pulpino_top_i/peripherals_i/apb_uart_i/UART_TXFF/iFIFOMem_reg[59][7]/TE
                                                             -0.16  (VIOLATED)
   pulpino_top_i/peripherals_i/apb_uart_i/UART_TXFF/iFIFOMem_reg[59][1]/TE
                                                             -0.16  (VIOLATED)
   pulpino_top_i/peripherals_i/apb_uart_i/UART_TXFF/iFIFOMem_reg[59][3]/TE
                                                             -0.16  (VIOLATED)
   pulpino_top_i/peripherals_i/apb_uart_i/UART_TXFF/iFIFOMem_reg[59][4]/TE
                                                             -0.16  (VIOLATED)
   pulpino_top_i/peripherals_i/apb_uart_i/UART_TXFF/iFIFOMem_reg[48][3]/TE
                                                             -0.16  (VIOLATED)
   pulpino_top_i/peripherals_i/apb_uart_i/UART_TXFF/iFIFOMem_reg[48][0]/TE
                                                             -0.16  (VIOLATED)
   pulpino_top_i/core_region_i/instr_mem/sp_ram_wrap_i/bank0_byte3/A[3]
                                                             -0.16  (VIOLATED)
   pulpino_top_i/peripherals_i/apb_uart_i/UART_TXFF/iFIFOMem_reg[48][1]/TE
                                                             -0.16  (VIOLATED)
   pulpino_top_i/peripherals_i/apb_uart_i/UART_TXFF/iFIFOMem_reg[59][0]/TE
                                                             -0.16  (VIOLATED)
   pulpino_top_i/peripherals_i/apb_uart_i/UART_TXFF/iFIFOMem_reg[38][1]/TE
                                                             -0.16  (VIOLATED)
   pulpino_top_i/peripherals_i/apb_uart_i/UART_TXFF/iFIFOMem_reg[38][4]/TE
                                                             -0.16  (VIOLATED)
   pulpino_top_i/peripherals_i/apb_uart_i/UART_TXFF/iFIFOMem_reg[38][5]/TE
                                                             -0.16  (VIOLATED)
   pulpino_top_i/peripherals_i/apb_uart_i/UART_TXFF/iFIFOMem_reg[38][0]/TE
                                                             -0.16  (VIOLATED)
   pulpino_top_i/core_region_i/instr_mem_axi_if/axi_mem_if_SP_i/Slave_r_buffer_LP/buffer_i/FIFO_REGISTERS_reg[2][26]/D
                                                             -0.16  (VIOLATED)
   pulpino_top_i/core_region_i/instr_mem_axi_if/axi_mem_if_SP_i/Slave_r_buffer_LP/buffer_i/FIFO_REGISTERS_reg[3][26]/D
                                                             -0.16  (VIOLATED)
   pulpino_top_i/core_region_i/instr_mem_axi_if/axi_mem_if_SP_i/Slave_r_buffer_LP/buffer_i/FIFO_REGISTERS_reg[1][26]/D
                                                             -0.16  (VIOLATED)
   pulpino_top_i/peripherals_i/apb_uart_i/UART_TXFF/iFIFOMem_reg[38][2]/TE
                                                             -0.16  (VIOLATED)
   pulpino_top_i/core_region_i/instr_mem_axi_if/axi_mem_if_SP_i/Slave_r_buffer_LP/buffer_i/FIFO_REGISTERS_reg[0][26]/D
                                                             -0.16  (VIOLATED)
   pulpino_top_i/core_region_i/data_mem/bank1_byte3/D[1]     -0.16  (VIOLATED)
   pulpino_top_i/peripherals_i/apb_uart_i/UART_TXFF/iFIFOMem_reg[38][3]/TE
                                                             -0.16  (VIOLATED)
   pulpino_top_i/core_region_i/CORE.RISCV_CORE/load_store_unit_i/rdata_q_reg[17]/D
                                                             -0.16  (VIOLATED)
   pulpino_top_i/peripherals_i/apb_uart_i/UART_TXFF/iFIFOMem_reg[59][5]/TE
                                                             -0.15  (VIOLATED)
   pulpino_top_i/core_region_i/data_mem/bank2_byte3/D[2]     -0.15  (VIOLATED)
   pulpino_top_i/peripherals_i/apb_uart_i/UART_TXFF/iFIFOMem_reg[38][7]/TE
                                                             -0.15  (VIOLATED)
   pulpino_top_i/peripherals_i/apb_uart_i/UART_TXFF/iFIFOMem_reg[59][2]/TE
                                                             -0.15  (VIOLATED)
   pulpino_top_i/peripherals_i/apb_uart_i/UART_TXFF/iFIFOMem_reg[48][2]/TE
                                                             -0.15  (VIOLATED)
   pulpino_top_i/core_region_i/data_mem/bank0_byte2/D[4]     -0.15  (VIOLATED)
   pulpino_top_i/core_region_i/data_mem/bank1_byte3/D[3]     -0.15  (VIOLATED)
   pulpino_top_i/core_region_i/instr_mem/sp_ram_wrap_i/bank0_byte0/A[2]
                                                             -0.15  (VIOLATED)
   pulpino_top_i/peripherals_i/apb_uart_i/UART_TXFF/iFIFOMem_reg[38][6]/TE
                                                             -0.15  (VIOLATED)
   pulpino_top_i/core_region_i/CORE.RISCV_CORE/load_store_unit_i/rdata_q_reg[31]/D
                                                             -0.15  (VIOLATED)
   pulpino_top_i/core_region_i/CORE.RISCV_CORE/id_stage_i/hwloop_regs_i/hwlp_end_q_reg[0][25]/TI
                                                             -0.15  (VIOLATED)
   pulpino_top_i/core_region_i/CORE.RISCV_CORE/cs_registers_i/mstatus_q_reg[mpie]/D
                                                             -0.15  (VIOLATED)
   pulpino_top_i/peripherals_i/apb_uart_i/UART_TXFF/iFIFOMem_reg[48][4]/TE
                                                             -0.15  (VIOLATED)
   pulpino_top_i/peripherals_i/apb_uart_i/UART_TXFF/iFIFOMem_reg[48][7]/TE
                                                             -0.15  (VIOLATED)
   pulpino_top_i/peripherals_i/apb_timer_i/TIMER_GEN[1].timer_i/regs_q_reg[0][21]/D
                                                             -0.15  (VIOLATED)
   pulpino_top_i/peripherals_i/apb_uart_i/UART_TXFF/iFIFOMem_reg[48][5]/TE
                                                             -0.15  (VIOLATED)
   pulpino_top_i/core_region_i/data_mem/bank3_byte3/A[10]    -0.15  (VIOLATED)
   pulpino_top_i/core_region_i/instr_mem/sp_ram_wrap_i/bank3_byte0/A[6]
                                                             -0.15  (VIOLATED)
   pulpino_top_i/peripherals_i/apb_uart_i/UART_TXFF/iFIFOMem_reg[48][6]/TE
                                                             -0.15  (VIOLATED)
   pulpino_top_i/core_region_i/CORE.RISCV_CORE/id_stage_i/regfile_we_ex_o_reg/TI
                                                             -0.15  (VIOLATED)
   pulpino_top_i/core_region_i/CORE.RISCV_CORE/if_stage_i/is_compressed_id_o_reg/TI
                                                             -0.15  (VIOLATED)
   pulpino_top_i/peripherals_i/apb_uart_i/UART_TXFF/iFIFOMem_reg[49][0]/TE
                                                             -0.15  (VIOLATED)
   pulpino_top_i/peripherals_i/apb_uart_i/UART_TXFF/iFIFOMem_reg[49][1]/TE
                                                             -0.15  (VIOLATED)
   pulpino_top_i/peripherals_i/apb_uart_i/UART_TXFF/iFIFOMem_reg[49][2]/TE
                                                             -0.15  (VIOLATED)
   pulpino_top_i/peripherals_i/apb_uart_i/UART_TXFF/iFIFOMem_reg[49][3]/TE
                                                             -0.15  (VIOLATED)
   pulpino_top_i/core_region_i/instr_mem/sp_ram_wrap_i/bank3_byte1/A[10]
                                                             -0.15  (VIOLATED)
   pulpino_top_i/core_region_i/axi_slice_core2axi/WITH_SLICE.axi_slice_i/w_buffer_i/buffer_i/Push_Pointer_CS_reg[0]/D
                                                             -0.15  (VIOLATED)
   pulpino_top_i/core_region_i/instr_mem_axi_if/axi_mem_if_SP_i/Slave_r_buffer_LP/buffer_i/FIFO_REGISTERS_reg[0][32]/D
                                                             -0.15  (VIOLATED)
   pulpino_top_i/peripherals_i/axi2apb_i/genblk1.axi2apb_i/RDATA_Q_reg[19]/TE
                                                             -0.15  (VIOLATED)
   pulpino_top_i/peripherals_i/axi2apb_i/genblk1.axi2apb_i/RDATA_Q_reg[27]/TE
                                                             -0.15  (VIOLATED)
   pulpino_top_i/peripherals_i/axi2apb_i/genblk1.axi2apb_i/RDATA_Q_reg[25]/TE
                                                             -0.15  (VIOLATED)
   pulpino_top_i/peripherals_i/axi2apb_i/genblk1.axi2apb_i/RDATA_Q_reg[29]/TE
                                                             -0.15  (VIOLATED)
   pulpino_top_i/core_region_i/instr_mem_axi_if/axi_mem_if_SP_i/Slave_r_buffer_LP/buffer_i/FIFO_REGISTERS_reg[1][32]/D
                                                             -0.15  (VIOLATED)
   pulpino_top_i/peripherals_i/axi2apb_i/genblk1.axi2apb_i/RDATA_Q_reg[24]/TE
                                                             -0.15  (VIOLATED)
   pulpino_top_i/peripherals_i/axi2apb_i/genblk1.axi2apb_i/RDATA_Q_reg[26]/TE
                                                             -0.15  (VIOLATED)
   pulpino_top_i/peripherals_i/axi2apb_i/genblk1.axi2apb_i/RDATA_Q_reg[20]/TE
                                                             -0.15  (VIOLATED)
   pulpino_top_i/peripherals_i/axi2apb_i/genblk1.axi2apb_i/RDATA_Q_reg[21]/TE
                                                             -0.15  (VIOLATED)
   pulpino_top_i/peripherals_i/axi2apb_i/genblk1.axi2apb_i/RDATA_Q_reg[28]/TE
                                                             -0.15  (VIOLATED)
   pulpino_top_i/core_region_i/instr_mem_axi_if/axi_mem_if_SP_i/Slave_r_buffer_LP/buffer_i/FIFO_REGISTERS_reg[2][32]/D
                                                             -0.15  (VIOLATED)
   pulpino_top_i/core_region_i/instr_mem_axi_if/axi_mem_if_SP_i/Slave_r_buffer_LP/buffer_i/FIFO_REGISTERS_reg[3][32]/D
                                                             -0.15  (VIOLATED)
   pulpino_top_i/peripherals_i/apb_timer_i/TIMER_GEN[1].timer_i/regs_q_reg[0][16]/D
                                                             -0.15  (VIOLATED)
   pulpino_top_i/core_region_i/CORE.RISCV_CORE/id_stage_i/hwloop_regs_i/hwlp_end_q_reg[1][13]/D
                                                             -0.15  (VIOLATED)
   pulpino_top_i/peripherals_i/axi2apb_i/genblk1.axi2apb_i/RDATA_Q_reg[18]/TE
                                                             -0.15  (VIOLATED)
   pulpino_top_i/core_region_i/instr_mem/sp_ram_wrap_i/bank1_byte1/WEN
                                                             -0.15  (VIOLATED)
   pulpino_top_i/core_region_i/instr_mem/sp_ram_wrap_i/bank3_byte0/A[5]
                                                             -0.15  (VIOLATED)
   pulpino_top_i/peripherals_i/axi2apb_i/genblk1.axi2apb_i/RDATA_Q_reg[30]/TE
                                                             -0.15  (VIOLATED)
   pulpino_top_i/core_region_i/instr_mem/sp_ram_wrap_i/bank1_byte2/WEN
                                                             -0.15  (VIOLATED)
   pulpino_top_i/peripherals_i/axi2apb_i/genblk1.axi2apb_i/RDATA_Q_reg[17]/TE
                                                             -0.15  (VIOLATED)
   pulpino_top_i/core_region_i/data_mem/bank0_byte0/D[4]     -0.15  (VIOLATED)
   pulpino_top_i/core_region_i/data_mem/bank2_byte3/D[1]     -0.15  (VIOLATED)
   pulpino_top_i/peripherals_i/apb_uart_i/UART_TXFF/iFIFOMem_reg[49][4]/TE
                                                             -0.15  (VIOLATED)
   pulpino_top_i/core_region_i/CORE.RISCV_CORE/load_store_unit_i/rdata_q_reg[27]/D
                                                             -0.15  (VIOLATED)
   pulpino_top_i/peripherals_i/apb_uart_i/UART_TXFF/iFIFOMem_reg[49][7]/TE
                                                             -0.15  (VIOLATED)
   pulpino_top_i/peripherals_i/axi2apb_i/genblk1.axi2apb_i/RDATA_Q_reg[22]/TE
                                                             -0.15  (VIOLATED)
   pulpino_top_i/peripherals_i/apb_uart_i/UART_TXFF/iFIFOMem_reg[49][5]/TE
                                                             -0.15  (VIOLATED)
   pulpino_top_i/peripherals_i/apb_uart_i/UART_TXFF/iFIFOMem_reg[49][6]/TE
                                                             -0.15  (VIOLATED)
   pulpino_top_i/peripherals_i/apb_uart_i/UART_TXFF/iFIFOMem_reg[42][0]/TE
                                                             -0.15  (VIOLATED)
   pulpino_top_i/peripherals_i/apb_uart_i/UART_TXFF/iFIFOMem_reg[42][1]/TE
                                                             -0.15  (VIOLATED)
   pulpino_top_i/peripherals_i/apb_uart_i/UART_TXFF/iFIFOMem_reg[42][4]/TE
                                                             -0.15  (VIOLATED)
   pulpino_top_i/peripherals_i/axi2apb_i/genblk1.axi2apb_i/RDATA_Q_reg[31]/TE
                                                             -0.15  (VIOLATED)
   pulpino_top_i/axi_interconnect_i/axi_node_i/_RESP_BLOCK_GEN[0].RESP_BLOCK/BW_ALLOC/outstanding_counter_reg[8]/D
                                                             -0.15  (VIOLATED)
   pulpino_top_i/peripherals_i/apb_uart_i/UART_TXFF/iFIFOMem_reg[42][5]/TE
                                                             -0.15  (VIOLATED)
   pulpino_top_i/axi_interconnect_i/axi_node_i/_RESP_BLOCK_GEN[2].RESP_BLOCK/DW_ADDR_DEC/MASTER_ID_FIFO/CS_reg[0]/D
                                                             -0.15  (VIOLATED)
   pulpino_top_i/core_region_i/data_mem/bank2_byte3/D[7]     -0.15  (VIOLATED)
   pulpino_top_i/core_region_i/data_mem/bank1_byte3/D[4]     -0.15  (VIOLATED)
   pulpino_top_i/peripherals_i/apb_uart_i/UART_TXFF/iFIFOMem_reg[42][6]/TE
                                                             -0.15  (VIOLATED)
   pulpino_top_i/core_region_i/CORE.RISCV_CORE/id_stage_i/hwloop_regs_i/hwlp_start_q_reg[1][6]/D
                                                             -0.15  (VIOLATED)
   pulpino_top_i/core_region_i/data_mem/bank3_byte2/A[10]    -0.14  (VIOLATED)
   pulpino_top_i/axi_interconnect_i/axi_node_i/_RESP_BLOCK_GEN[1].RESP_BLOCK/BW_ALLOC/outstanding_counter_reg[9]/D
                                                             -0.14  (VIOLATED)
   pulpino_top_i/peripherals_i/apb_uart_i/UART_TXFF/iFIFOMem_reg[47][1]/TE
                                                             -0.14  (VIOLATED)
   pulpino_top_i/peripherals_i/axi2apb_i/genblk1.axi2apb_i/RDATA_Q_reg[16]/TE
                                                             -0.14  (VIOLATED)
   pulpino_top_i/peripherals_i/axi2apb_i/genblk1.axi2apb_i/RDATA_Q_reg[10]/TE
                                                             -0.14  (VIOLATED)
   pulpino_top_i/peripherals_i/apb_uart_i/UART_TXFF/iFIFOMem_reg[47][4]/TE
                                                             -0.14  (VIOLATED)
   pulpino_top_i/core_region_i/data_mem/bank2_byte2/D[3]     -0.14  (VIOLATED)
   pulpino_top_i/core_region_i/data_mem/bank2_byte3/D[4]     -0.14  (VIOLATED)
   pulpino_top_i/peripherals_i/apb_uart_i/UART_TXFF/iFIFOMem_reg[61][6]/TE
                                                             -0.14  (VIOLATED)
   pulpino_top_i/peripherals_i/axi2apb_i/genblk1.axi2apb_i/RDATA_Q_reg[12]/TE
                                                             -0.14  (VIOLATED)
   pulpino_top_i/peripherals_i/apb_uart_i/UART_TXFF/iFIFOMem_reg[41][0]/TE
                                                             -0.14  (VIOLATED)
   pulpino_top_i/peripherals_i/apb_uart_i/UART_TXFF/iFIFOMem_reg[41][1]/TE
                                                             -0.14  (VIOLATED)
   pulpino_top_i/peripherals_i/apb_uart_i/UART_TXFF/iFIFOMem_reg[47][7]/TE
                                                             -0.14  (VIOLATED)
   pulpino_top_i/peripherals_i/apb_uart_i/UART_TXFF/iFIFOMem_reg[41][4]/TE
                                                             -0.14  (VIOLATED)
   pulpino_top_i/peripherals_i/apb_uart_i/UART_TXFF/iFIFOMem_reg[61][3]/TE
                                                             -0.14  (VIOLATED)
   pulpino_top_i/peripherals_i/apb_uart_i/UART_TXFF/iFIFOMem_reg[41][5]/TE
                                                             -0.14  (VIOLATED)
   pulpino_top_i/core_region_i/CORE.RISCV_CORE/ex_stage_i/mult_i/mulh_carry_q_reg/TE
                                                             -0.14  (VIOLATED)
   pulpino_top_i/peripherals_i/apb_uart_i/UART_TXFF/iFIFOMem_reg[41][6]/TE
                                                             -0.14  (VIOLATED)
   pulpino_top_i/peripherals_i/axi2apb_i/genblk1.axi2apb_i/RDATA_Q_reg[23]/TE
                                                             -0.14  (VIOLATED)
   pulpino_top_i/peripherals_i/apb_uart_i/UART_TXFF/iFIFOMem_reg[41][3]/TE
                                                             -0.14  (VIOLATED)
   pulpino_top_i/peripherals_i/apb_uart_i/UART_TXFF/iFIFOMem_reg[41][7]/TE
                                                             -0.14  (VIOLATED)
   pulpino_top_i/core_region_i/data_mem/bank0_byte2/D[6]     -0.14  (VIOLATED)
   pulpino_top_i/peripherals_i/apb_uart_i/UART_TXFF/iFIFOMem_reg[41][2]/TE
                                                             -0.14  (VIOLATED)
   pulpino_top_i/peripherals_i/apb_timer_i/TIMER_GEN[1].timer_i/regs_q_reg[0][7]/D
                                                             -0.14  (VIOLATED)
   pulpino_top_i/peripherals_i/apb_timer_i/TIMER_GEN[0].timer_i/regs_q_reg[0][25]/D
                                                             -0.14  (VIOLATED)
   pulpino_top_i/core_region_i/CORE.RISCV_CORE/id_stage_i/data_req_ex_o_reg/TI
                                                             -0.14  (VIOLATED)
   pulpino_top_i/core_region_i/CORE.RISCV_CORE/load_store_unit_i/rdata_q_reg[19]/D
                                                             -0.14  (VIOLATED)
   pulpino_top_i/peripherals_i/apb_gpio_i/r_status_reg[8]/D
                                                             -0.14  (VIOLATED)
   pulpino_top_i/peripherals_i/apb_uart_i/UART_TXFF/iFIFOMem_reg[47][0]/TE
                                                             -0.14  (VIOLATED)
   pulpino_top_i/core_region_i/data_mem/bank2_byte2/D[0]     -0.14  (VIOLATED)
   pulpino_top_i/peripherals_i/apb_uart_i/UART_TXFF/iFIFOMem_reg[47][5]/TE
                                                             -0.14  (VIOLATED)
   pulpino_top_i/peripherals_i/apb_uart_i/UART_TXFF/iFIFOMem_reg[47][6]/TE
                                                             -0.14  (VIOLATED)
   pulpino_top_i/peripherals_i/apb_uart_i/UART_TXFF/iFIFOMem_reg[61][4]/TE
                                                             -0.14  (VIOLATED)
   pulpino_top_i/peripherals_i/apb_uart_i/UART_TXFF/iFIFOMem_reg[42][3]/TE
                                                             -0.14  (VIOLATED)
   pulpino_top_i/peripherals_i/apb_uart_i/UART_TXFF/iFIFOMem_reg[61][7]/TE
                                                             -0.14  (VIOLATED)
   pulpino_top_i/peripherals_i/apb_uart_i/UART_TXFF/iFIFOMem_reg[42][7]/TE
                                                             -0.14  (VIOLATED)
   pulpino_top_i/core_region_i/CORE.RISCV_CORE/id_stage_i/hwloop_regs_i/hwlp_start_q_reg[1][22]/D
                                                             -0.14  (VIOLATED)
   pulpino_top_i/peripherals_i/apb_uart_i/UART_TXFF/iFIFOMem_reg[40][0]/TE
                                                             -0.14  (VIOLATED)
   pulpino_top_i/peripherals_i/apb_uart_i/UART_TXFF/iFIFOMem_reg[40][1]/TE
                                                             -0.14  (VIOLATED)
   pulpino_top_i/peripherals_i/apb_uart_i/UART_TXFF/iFIFOMem_reg[61][1]/TE
                                                             -0.14  (VIOLATED)
   pulpino_top_i/peripherals_i/apb_uart_i/UART_TXFF/iFIFOMem_reg[40][4]/TE
                                                             -0.14  (VIOLATED)
   pulpino_top_i/peripherals_i/apb_uart_i/UART_TXFF/iFIFOMem_reg[61][0]/TE
                                                             -0.14  (VIOLATED)
   pulpino_top_i/peripherals_i/apb_uart_i/UART_TXFF/iFIFOMem_reg[42][2]/TE
                                                             -0.14  (VIOLATED)
   pulpino_top_i/peripherals_i/apb_uart_i/UART_TXFF/iFIFOMem_reg[47][3]/TE
                                                             -0.14  (VIOLATED)
   pulpino_top_i/core_region_i/CORE.RISCV_CORE/id_stage_i/hwloop_regs_i/hwlp_start_q_reg[1][5]/D
                                                             -0.14  (VIOLATED)
   pulpino_top_i/peripherals_i/apb_uart_i/UART_TXFF/iFIFOMem_reg[40][3]/TE
                                                             -0.14  (VIOLATED)
   pulpino_top_i/peripherals_i/apb_uart_i/UART_TXFF/iFIFOMem_reg[40][5]/TE
                                                             -0.14  (VIOLATED)
   pulpino_top_i/core_region_i/CORE.RISCV_CORE/cs_registers_i/mepc_q_reg[28]/D
                                                             -0.14  (VIOLATED)
   pulpino_top_i/peripherals_i/apb_uart_i/UART_TXFF/iFIFOMem_reg[40][6]/TE
                                                             -0.14  (VIOLATED)
   pulpino_top_i/core_region_i/CORE.RISCV_CORE/cs_registers_i/mepc_q_reg[20]/D
                                                             -0.14  (VIOLATED)
   pulpino_top_i/peripherals_i/apb_uart_i/UART_TXFF/iFIFOMem_reg[40][7]/TE
                                                             -0.14  (VIOLATED)
   pulpino_top_i/peripherals_i/apb_uart_i/UART_TXFF/iFIFOMem_reg[61][2]/TE
                                                             -0.14  (VIOLATED)
   pulpino_top_i/peripherals_i/apb_uart_i/UART_TXFF/iFIFOMem_reg[47][2]/TE
                                                             -0.14  (VIOLATED)
   pulpino_top_i/core_region_i/data_mem/bank1_byte3/D[5]     -0.14  (VIOLATED)
   pulpino_top_i/peripherals_i/apb_gpio_i/r_status_reg[11]/D
                                                             -0.14  (VIOLATED)
   pulpino_top_i/core_region_i/data_mem/bank2_byte3/D[0]     -0.14  (VIOLATED)
   pulpino_top_i/peripherals_i/apb_uart_i/UART_TXFF/iFIFOMem_reg[40][2]/TE
                                                             -0.14  (VIOLATED)
   pulpino_top_i/core_region_i/data_mem/bank0_byte3/D[5]     -0.14  (VIOLATED)
   pulpino_top_i/core_region_i/data_mem/bank2_byte1/D[7]     -0.14  (VIOLATED)
   pulpino_top_i/peripherals_i/apb_uart_i/UART_TXFF/iFIFOMem_reg[61][5]/TE
                                                             -0.14  (VIOLATED)
   pulpino_top_i/peripherals_i/apb_uart_i/UART_TXFF/iFIFOMem_reg[54][5]/TE
                                                             -0.14  (VIOLATED)
   pulpino_top_i/core_region_i/instr_mem/sp_ram_wrap_i/bank1_byte0/A[9]
                                                             -0.14  (VIOLATED)
   pulpino_top_i/peripherals_i/apb_uart_i/UART_TXFF/iFIFOMem_reg[54][0]/TE
                                                             -0.14  (VIOLATED)
   pulpino_top_i/peripherals_i/apb_uart_i/UART_TXFF/iFIFOMem_reg[54][3]/TE
                                                             -0.13  (VIOLATED)
   pulpino_top_i/axi_interconnect_i/axi_node_i/_RESP_BLOCK_GEN[2].RESP_BLOCK/DW_ADDR_DEC/MASTER_ID_FIFO/CS_reg[1]/D
                                                             -0.13  (VIOLATED)
   pulpino_top_i/peripherals_i/apb_uart_i/UART_TXFF/iFIFOMem_reg[54][1]/TE
                                                             -0.13  (VIOLATED)
   pulpino_top_i/core_region_i/CORE.RISCV_CORE/id_stage_i/alu_operand_c_ex_o_reg[9]/TE
                                                             -0.13  (VIOLATED)
   pulpino_top_i/peripherals_i/apb_uart_i/UART_TXFF/iFIFOMem_reg[54][4]/TE
                                                             -0.13  (VIOLATED)
   pulpino_top_i/core_region_i/CORE.RISCV_CORE/id_stage_i/hwloop_regs_i/hwlp_end_q_reg[1][12]/D
                                                             -0.13  (VIOLATED)
   pulpino_top_i/core_region_i/CORE.RISCV_CORE/id_stage_i/imm_vec_ext_ex_o_reg[1]/TE
                                                             -0.13  (VIOLATED)
   pulpino_top_i/core_region_i/CORE.RISCV_CORE/id_stage_i/alu_operand_c_ex_o_reg[3]/TE
                                                             -0.13  (VIOLATED)
   pulpino_top_i/peripherals_i/apb_uart_i/UART_TXFF/iFIFOMem_reg[54][2]/TE
                                                             -0.13  (VIOLATED)
   pulpino_top_i/core_region_i/CORE.RISCV_CORE/load_store_unit_i/rdata_q_reg[25]/D
                                                             -0.13  (VIOLATED)
   pulpino_top_i/core_region_i/data_mem/bank2_byte2/D[2]     -0.13  (VIOLATED)
   pulpino_top_i/peripherals_i/apb_timer_i/TIMER_GEN[1].timer_i/regs_q_reg[0][20]/D
                                                             -0.13  (VIOLATED)
   pulpino_top_i/peripherals_i/apb_timer_i/TIMER_GEN[1].timer_i/regs_q_reg[0][14]/D
                                                             -0.13  (VIOLATED)
   pulpino_top_i/core_region_i/instr_mem/sp_ram_wrap_i/bank1_byte0/WEN
                                                             -0.13  (VIOLATED)
   pulpino_top_i/peripherals_i/apb_gpio_i/r_status_reg[25]/D
                                                             -0.13  (VIOLATED)
   pulpino_top_i/peripherals_i/apb_uart_i/UART_TXFF/iFIFOMem_reg[29][0]/TE
                                                             -0.13  (VIOLATED)
   pulpino_top_i/peripherals_i/apb_uart_i/UART_TXFF/iFIFOMem_reg[29][3]/TE
                                                             -0.13  (VIOLATED)
   pulpino_top_i/core_region_i/CORE.RISCV_CORE/id_stage_i/hwloop_regs_i/hwlp_start_q_reg[0][1]/TI
                                                             -0.13  (VIOLATED)
   pulpino_top_i/peripherals_i/apb_uart_i/UART_TXFF/iFIFOMem_reg[54][7]/TE
                                                             -0.13  (VIOLATED)
   pulpino_top_i/peripherals_i/apb_uart_i/UART_TXFF/iFIFOMem_reg[29][1]/TE
                                                             -0.13  (VIOLATED)
   pulpino_top_i/peripherals_i/apb_uart_i/UART_TXFF/iFIFOMem_reg[54][6]/TE
                                                             -0.13  (VIOLATED)
   pulpino_top_i/peripherals_i/apb_uart_i/UART_TXFF/iFIFOMem_reg[29][7]/TE
                                                             -0.13  (VIOLATED)
   pulpino_top_i/core_region_i/CORE.RISCV_CORE/cs_registers_i/mepc_q_reg[22]/D
                                                             -0.13  (VIOLATED)
   pulpino_top_i/peripherals_i/apb_uart_i/UART_TXFF/iFIFOMem_reg[29][2]/TE
                                                             -0.13  (VIOLATED)
   pulpino_top_i/peripherals_i/apb_uart_i/UART_TXFF/iFIFOMem_reg[29][4]/TE
                                                             -0.13  (VIOLATED)
   pulpino_top_i/peripherals_i/apb_uart_i/UART_TXFF/iFIFOMem_reg[29][6]/TE
                                                             -0.13  (VIOLATED)
   pulpino_top_i/peripherals_i/apb_timer_i/TIMER_GEN[1].timer_i/regs_q_reg[0][8]/D
                                                             -0.13  (VIOLATED)
   pulpino_top_i/core_region_i/CORE.RISCV_CORE/load_store_unit_i/rdata_q_reg[10]/D
                                                             -0.13  (VIOLATED)
   pulpino_top_i/core_region_i/instr_mem/sp_ram_wrap_i/bank0_byte1/A[2]
                                                             -0.13  (VIOLATED)
   pulpino_top_i/peripherals_i/apb_uart_i/UART_TXFF/iFIFOMem_reg[29][5]/TE
                                                             -0.13  (VIOLATED)
   pulpino_top_i/core_region_i/instr_mem_axi_if/axi_mem_if_SP_i/Slave_r_buffer_LP/buffer_i/FIFO_REGISTERS_reg[0][29]/D
                                                             -0.13  (VIOLATED)
   pulpino_top_i/core_region_i/instr_mem_axi_if/axi_mem_if_SP_i/Slave_r_buffer_LP/buffer_i/FIFO_REGISTERS_reg[1][29]/D
                                                             -0.13  (VIOLATED)
   pulpino_top_i/core_region_i/data_mem/bank3_byte3/A[9]     -0.13  (VIOLATED)
   pulpino_top_i/core_region_i/instr_mem_axi_if/axi_mem_if_SP_i/Slave_r_buffer_LP/buffer_i/FIFO_REGISTERS_reg[3][29]/D
                                                             -0.13  (VIOLATED)
   pulpino_top_i/core_region_i/instr_mem_axi_if/axi_mem_if_SP_i/Slave_r_buffer_LP/buffer_i/FIFO_REGISTERS_reg[2][29]/D
                                                             -0.13  (VIOLATED)
   pulpino_top_i/core_region_i/CORE.RISCV_CORE/id_stage_i/hwloop_regs_i/hwlp_start_q_reg[1][10]/D
                                                             -0.13  (VIOLATED)
   pulpino_top_i/core_region_i/CORE.RISCV_CORE/load_store_unit_i/CS_reg[0]/D
                                                             -0.13  (VIOLATED)
   pulpino_top_i/core_region_i/CORE.RISCV_CORE/id_stage_i/hwloop_regs_i/hwlp_end_q_reg[0][28]/TI
                                                             -0.13  (VIOLATED)
   pulpino_top_i/core_region_i/CORE.RISCV_CORE/ex_stage_i/regfile_waddr_lsu_reg[2]/TE
                                                             -0.13  (VIOLATED)
   pulpino_top_i/core_region_i/CORE.RISCV_CORE/id_stage_i/hwloop_regs_i/hwlp_start_q_reg[1][4]/D
                                                             -0.13  (VIOLATED)
   pulpino_top_i/peripherals_i/apb_timer_i/TIMER_GEN[1].timer_i/regs_q_reg[0][18]/D
                                                             -0.12  (VIOLATED)
   pulpino_top_i/core_region_i/CORE.RISCV_CORE/id_stage_i/hwloop_regs_i/hwlp_end_q_reg[1][14]/D
                                                             -0.12  (VIOLATED)
   pulpino_top_i/core_region_i/CORE.RISCV_CORE/id_stage_i/hwloop_regs_i/hwlp_end_q_reg[1][31]/D
                                                             -0.12  (VIOLATED)
   pulpino_top_i/core_region_i/CORE.RISCV_CORE/ex_stage_i/regfile_waddr_lsu_reg[3]/TE
                                                             -0.12  (VIOLATED)
   pulpino_top_i/core_region_i/CORE.RISCV_CORE/ex_stage_i/regfile_waddr_lsu_reg[4]/TE
                                                             -0.12  (VIOLATED)
   pulpino_top_i/core_region_i/CORE.RISCV_CORE/ex_stage_i/regfile_waddr_lsu_reg[0]/TE
                                                             -0.12  (VIOLATED)
   pulpino_top_i/core_region_i/CORE.RISCV_CORE/ex_stage_i/regfile_waddr_lsu_reg[1]/TE
                                                             -0.12  (VIOLATED)
   pulpino_top_i/core_region_i/instr_mem/sp_ram_wrap_i/bank0_byte0/A[5]
                                                             -0.12  (VIOLATED)
   pulpino_top_i/core_region_i/CORE.RISCV_CORE/cs_registers_i/mepc_q_reg[3]/D
                                                             -0.12  (VIOLATED)
   pulpino_top_i/core_region_i/CORE.RISCV_CORE/id_stage_i/hwloop_regs_i/hwlp_start_q_reg[0][5]/TI
                                                             -0.12  (VIOLATED)
   pulpino_top_i/core_region_i/CORE.RISCV_CORE/id_stage_i/hwloop_regs_i/hwlp_start_q_reg[0][8]/TI
                                                             -0.12  (VIOLATED)
   pulpino_top_i/core_region_i/instr_mem_axi_if/axi_mem_if_SP_i/READ_CTRL/RDATA_REG_reg[9]/D
                                                             -0.12  (VIOLATED)
   pulpino_top_i/core_region_i/data_mem/bank3_byte1/A[10]    -0.12  (VIOLATED)
   pulpino_top_i/peripherals_i/apb_uart_i/UART_TXFF/iFIFOMem_reg[60][4]/TE
                                                             -0.12  (VIOLATED)
   pulpino_top_i/peripherals_i/apb_uart_i/UART_TXFF/iFIFOMem_reg[60][7]/TE
                                                             -0.12  (VIOLATED)
   pulpino_top_i/peripherals_i/apb_uart_i/UART_TXFF/iFIFOMem_reg[60][1]/TE
                                                             -0.12  (VIOLATED)
   pulpino_top_i/peripherals_i/apb_uart_i/UART_TXFF/iFIFOMem_reg[60][0]/TE
                                                             -0.12  (VIOLATED)
   pulpino_top_i/core_region_i/instr_mem/sp_ram_wrap_i/bank3_byte2/WEN
                                                             -0.12  (VIOLATED)
   pulpino_top_i/peripherals_i/apb_uart_i/UART_TXFF/iFIFOMem_reg[60][2]/TE
                                                             -0.12  (VIOLATED)
   pulpino_top_i/peripherals_i/apb_uart_i/UART_TXFF/iFIFOMem_reg[28][1]/TE
                                                             -0.12  (VIOLATED)
   pulpino_top_i/core_region_i/CORE.RISCV_CORE/id_stage_i/hwloop_regs_i/hwlp_start_q_reg[1][0]/D
                                                             -0.12  (VIOLATED)
   pulpino_top_i/peripherals_i/apb_uart_i/UART_TXFF/iFIFOMem_reg[28][0]/TE
                                                             -0.12  (VIOLATED)
   pulpino_top_i/core_region_i/CORE.RISCV_CORE/id_stage_i/hwloop_regs_i/hwlp_start_q_reg[1][8]/D
                                                             -0.12  (VIOLATED)
   pulpino_top_i/peripherals_i/apb_uart_i/UART_TXFF/iFIFOMem_reg[28][3]/TE
                                                             -0.12  (VIOLATED)
   pulpino_top_i/peripherals_i/apb_uart_i/UART_TXFF/iFIFOMem_reg[60][3]/TE
                                                             -0.12  (VIOLATED)
   pulpino_top_i/core_region_i/CORE.RISCV_CORE/id_stage_i/hwloop_regs_i/hwlp_end_q_reg[0][3]/TI
                                                             -0.12  (VIOLATED)
   pulpino_top_i/peripherals_i/apb_uart_i/UART_TXFF/iFIFOMem_reg[60][6]/TE
                                                             -0.12  (VIOLATED)
   pulpino_top_i/peripherals_i/apb_uart_i/UART_TXFF/iFIFOMem_reg[28][2]/TE
                                                             -0.12  (VIOLATED)
   pulpino_top_i/peripherals_i/apb_uart_i/UART_TXFF/iFIFOMem_reg[28][4]/TE
                                                             -0.12  (VIOLATED)
   pulpino_top_i/peripherals_i/apb_uart_i/UART_TXFF/iFIFOMem_reg[28][7]/TE
                                                             -0.12  (VIOLATED)
   pulpino_top_i/peripherals_i/apb_uart_i/UART_TXFF/iFIFOMem_reg[30][1]/TE
                                                             -0.12  (VIOLATED)
   pulpino_top_i/peripherals_i/apb_uart_i/UART_TXFF/iFIFOMem_reg[30][3]/TE
                                                             -0.12  (VIOLATED)
   pulpino_top_i/peripherals_i/apb_uart_i/UART_TXFF/iFIFOMem_reg[30][7]/TE
                                                             -0.12  (VIOLATED)
   pulpino_top_i/peripherals_i/apb_uart_i/UART_TXFF/iFIFOMem_reg[28][5]/TE
                                                             -0.12  (VIOLATED)
   pulpino_top_i/core_region_i/instr_mem/sp_ram_wrap_i/bank0_byte2/A[7]
                                                             -0.12  (VIOLATED)
   pulpino_top_i/peripherals_i/apb_uart_i/UART_TXFF/iFIFOMem_reg[30][0]/TE
                                                             -0.12  (VIOLATED)
   pulpino_top_i/peripherals_i/apb_uart_i/UART_TXFF/iFIFOMem_reg[60][5]/TE
                                                             -0.12  (VIOLATED)
   pulpino_top_i/core_region_i/data_mem/bank1_byte2/D[5]     -0.12  (VIOLATED)
   pulpino_top_i/core_region_i/data_mem/bank3_byte2/A[9]     -0.12  (VIOLATED)
   pulpino_top_i/peripherals_i/apb_uart_i/UART_TXFF/iFIFOMem_reg[30][6]/TE
                                                             -0.12  (VIOLATED)
   pulpino_top_i/peripherals_i/apb_timer_i/TIMER_GEN[1].timer_i/regs_q_reg[0][10]/D
                                                             -0.12  (VIOLATED)
   pulpino_top_i/peripherals_i/apb_uart_i/UART_TXFF/iFIFOMem_reg[28][6]/TE
                                                             -0.12  (VIOLATED)
   pulpino_top_i/peripherals_i/apb_uart_i/UART_TXFF/iFIFOMem_reg[30][4]/TE
                                                             -0.12  (VIOLATED)
   pulpino_top_i/core_region_i/CORE.RISCV_CORE/id_stage_i/hwloop_regs_i/hwlp_end_q_reg[0][0]/TI
                                                             -0.12  (VIOLATED)
   pulpino_top_i/core_region_i/instr_mem/sp_ram_wrap_i/bank0_byte1/A[5]
                                                             -0.12  (VIOLATED)
   pulpino_top_i/core_region_i/CORE.RISCV_CORE/id_stage_i/hwloop_regs_i/hwlp_start_q_reg[1][2]/D
                                                             -0.12  (VIOLATED)
   pulpino_top_i/peripherals_i/apb_uart_i/UART_TXFF/iFIFOMem_reg[30][2]/TE
                                                             -0.12  (VIOLATED)
   pulpino_top_i/peripherals_i/apb_uart_i/UART_TXFF/iFIFOMem_reg[30][5]/TE
                                                             -0.11  (VIOLATED)
   pulpino_top_i/peripherals_i/apb_uart_i/UART_TXFF/iFIFOMem_reg[52][0]/TE
                                                             -0.11  (VIOLATED)
   pulpino_top_i/peripherals_i/apb_gpio_i/r_status_reg[19]/D
                                                             -0.11  (VIOLATED)
   pulpino_top_i/peripherals_i/apb_uart_i/UART_TXFF/iUSAGE_reg[4]/D
                                                             -0.11  (VIOLATED)
   pulpino_top_i/core_region_i/instr_mem_axi_if/axi_mem_if_SP_i/Slave_r_buffer_LP/buffer_i/FIFO_REGISTERS_reg[0][31]/D
                                                             -0.11  (VIOLATED)
   pulpino_top_i/core_region_i/instr_mem_axi_if/axi_mem_if_SP_i/Slave_r_buffer_LP/buffer_i/FIFO_REGISTERS_reg[2][31]/D
                                                             -0.11  (VIOLATED)
   pulpino_top_i/core_region_i/instr_mem_axi_if/axi_mem_if_SP_i/Slave_r_buffer_LP/buffer_i/FIFO_REGISTERS_reg[3][31]/D
                                                             -0.11  (VIOLATED)
   pulpino_top_i/core_region_i/instr_mem_axi_if/axi_mem_if_SP_i/Slave_r_buffer_LP/buffer_i/FIFO_REGISTERS_reg[1][31]/D
                                                             -0.11  (VIOLATED)
   pulpino_top_i/core_region_i/instr_mem/sp_ram_wrap_i/bank1_byte1/A[4]
                                                             -0.11  (VIOLATED)
   pulpino_top_i/core_region_i/instr_mem_axi_if/axi_mem_if_SP_i/Slave_r_buffer_LP/buffer_i/FIFO_REGISTERS_reg[3][18]/D
                                                             -0.11  (VIOLATED)
   pulpino_top_i/core_region_i/instr_mem_axi_if/axi_mem_if_SP_i/Slave_r_buffer_LP/buffer_i/FIFO_REGISTERS_reg[1][18]/D
                                                             -0.11  (VIOLATED)
   pulpino_top_i/core_region_i/instr_mem_axi_if/axi_mem_if_SP_i/Slave_r_buffer_LP/buffer_i/FIFO_REGISTERS_reg[2][18]/D
                                                             -0.11  (VIOLATED)
   pulpino_top_i/core_region_i/instr_mem_axi_if/axi_mem_if_SP_i/Slave_r_buffer_LP/buffer_i/FIFO_REGISTERS_reg[0][18]/D
                                                             -0.11  (VIOLATED)
   pulpino_top_i/core_region_i/CORE.RISCV_CORE/id_stage_i/mult_en_ex_o_reg/TI
                                                             -0.11  (VIOLATED)
   pulpino_top_i/core_region_i/instr_mem_axi_if/axi_mem_if_SP_i/READ_CTRL/RDATA_REG_reg[11]/D
                                                             -0.11  (VIOLATED)
   pulpino_top_i/peripherals_i/apb_uart_i/UART_TXFF/iFIFOMem_reg[52][3]/TE
                                                             -0.11  (VIOLATED)
   pulpino_top_i/core_region_i/CORE.RISCV_CORE/id_stage_i/hwloop_regs_i/hwlp_start_q_reg[1][3]/D
                                                             -0.11  (VIOLATED)
   pulpino_top_i/peripherals_i/apb_uart_i/UART_TXFF/iFIFOMem_reg[52][7]/TE
                                                             -0.11  (VIOLATED)
   pulpino_top_i/core_region_i/CORE.RISCV_CORE/id_stage_i/hwloop_regs_i/hwlp_start_q_reg[0][4]/TI
                                                             -0.11  (VIOLATED)
   pulpino_top_i/peripherals_i/apb_uart_i/UART_TXFF/iFIFOMem_reg[52][1]/TE
                                                             -0.11  (VIOLATED)
   pulpino_top_i/core_region_i/instr_mem/sp_ram_wrap_i/bank0_byte3/A[5]
                                                             -0.11  (VIOLATED)
   pulpino_top_i/core_region_i/instr_mem/sp_ram_wrap_i/bank1_byte3/A[4]
                                                             -0.11  (VIOLATED)
   pulpino_top_i/peripherals_i/apb_uart_i/UART_TXFF/iFIFOMem_reg[52][2]/TE
                                                             -0.11  (VIOLATED)
   pulpino_top_i/core_region_i/data_mem/bank3_byte0/D[2]     -0.11  (VIOLATED)
   pulpino_top_i/core_region_i/CORE.RISCV_CORE/ex_stage_i/alu_i/int_div.div_i/State_SP_reg[1]/D
                                                             -0.11  (VIOLATED)
   pulpino_top_i/core_region_i/instr_mem/sp_ram_wrap_i/bank0_byte2/A[10]
                                                             -0.11  (VIOLATED)
   pulpino_top_i/peripherals_i/apb_uart_i/UART_TXFF/iFIFOMem_reg[52][4]/TE
                                                             -0.11  (VIOLATED)
   pulpino_top_i/peripherals_i/apb_uart_i/UART_TXFF/iFIFOMem_reg[52][6]/TE
                                                             -0.11  (VIOLATED)
   pulpino_top_i/peripherals_i/apb_uart_i/UART_TXFF/iFIFOMem_reg[52][5]/TE
                                                             -0.11  (VIOLATED)
   pulpino_top_i/core_region_i/CORE.RISCV_CORE/ex_stage_i/regfile_we_lsu_reg/TI
                                                             -0.11  (VIOLATED)
   pulpino_top_i/peripherals_i/apb_uart_i/UART_TXFF/iFIFOMem_reg[53][0]/TE
                                                             -0.11  (VIOLATED)
   pulpino_top_i/peripherals_i/apb_uart_i/UART_TXFF/iFIFOMem_reg[53][5]/TE
                                                             -0.11  (VIOLATED)
   pulpino_top_i/core_region_i/CORE.RISCV_CORE/load_store_unit_i/rdata_q_reg[16]/D
                                                             -0.11  (VIOLATED)
   pulpino_top_i/core_region_i/axi_slice_core2axi/WITH_SLICE.axi_slice_i/ar_buffer_i/buffer_i/FIFO_REGISTERS_reg[1][19]/TE
                                                             -0.11  (VIOLATED)
   pulpino_top_i/core_region_i/axi_slice_core2axi/WITH_SLICE.axi_slice_i/ar_buffer_i/buffer_i/FIFO_REGISTERS_reg[1][20]/TE
                                                             -0.11  (VIOLATED)
   pulpino_top_i/core_region_i/axi_slice_core2axi/WITH_SLICE.axi_slice_i/ar_buffer_i/buffer_i/FIFO_REGISTERS_reg[1][26]/TE
                                                             -0.11  (VIOLATED)
   pulpino_top_i/core_region_i/data_mem/bank2_byte3/CSN      -0.11  (VIOLATED)
   pulpino_top_i/core_region_i/axi_slice_core2axi/WITH_SLICE.axi_slice_i/ar_buffer_i/buffer_i/FIFO_REGISTERS_reg[1][21]/TE
                                                             -0.11  (VIOLATED)
   pulpino_top_i/core_region_i/axi_slice_core2axi/WITH_SLICE.axi_slice_i/ar_buffer_i/buffer_i/FIFO_REGISTERS_reg[1][25]/TE
                                                             -0.11  (VIOLATED)
   pulpino_top_i/core_region_i/axi_slice_core2axi/WITH_SLICE.axi_slice_i/ar_buffer_i/buffer_i/FIFO_REGISTERS_reg[1][32]/TE
                                                             -0.11  (VIOLATED)
   pulpino_top_i/peripherals_i/apb_gpio_i/r_status_reg[14]/D
                                                             -0.11  (VIOLATED)
   pulpino_top_i/core_region_i/axi_slice_core2axi/WITH_SLICE.axi_slice_i/ar_buffer_i/buffer_i/FIFO_REGISTERS_reg[1][22]/TE
                                                             -0.11  (VIOLATED)
   pulpino_top_i/core_region_i/axi_slice_core2axi/WITH_SLICE.axi_slice_i/ar_buffer_i/buffer_i/FIFO_REGISTERS_reg[1][31]/TE
                                                             -0.11  (VIOLATED)
   pulpino_top_i/core_region_i/CORE.RISCV_CORE/load_store_unit_i/rdata_q_reg[14]/D
                                                             -0.11  (VIOLATED)
   pulpino_top_i/core_region_i/CORE.RISCV_CORE/id_stage_i/hwloop_regs_i/hwlp_start_q_reg[1][1]/D
                                                             -0.11  (VIOLATED)
   pulpino_top_i/peripherals_i/apb_uart_i/UART_TXFF/iWRAddr_reg[6]/D
                                                             -0.11  (VIOLATED)
   pulpino_top_i/core_region_i/data_mem/bank2_byte0/CSN      -0.11  (VIOLATED)
   pulpino_top_i/core_region_i/CORE.RISCV_CORE/id_stage_i/hwloop_regs_i/hwlp_end_q_reg[0][1]/TI
                                                             -0.11  (VIOLATED)
   pulpino_top_i/peripherals_i/apb_uart_i/UART_TXFF/iFIFOMem_reg[53][4]/TE
                                                             -0.11  (VIOLATED)
   pulpino_top_i/core_region_i/CORE.RISCV_CORE/load_store_unit_i/rdata_q_reg[9]/D
                                                             -0.11  (VIOLATED)
   pulpino_top_i/peripherals_i/apb_uart_i/UART_TXFF/iFIFOMem_reg[53][1]/TE
                                                             -0.11  (VIOLATED)
   pulpino_top_i/peripherals_i/apb_uart_i/UART_TXFF/iFIFOMem_reg[53][2]/TE
                                                             -0.11  (VIOLATED)
   pulpino_top_i/peripherals_i/apb_uart_i/UART_TXFF/iFIFOMem_reg[53][3]/TE
                                                             -0.11  (VIOLATED)
   pulpino_top_i/core_region_i/axi_slice_core2axi/WITH_SLICE.axi_slice_i/ar_buffer_i/buffer_i/FIFO_REGISTERS_reg[1][33]/TE
                                                             -0.11  (VIOLATED)
   pulpino_top_i/core_region_i/CORE.RISCV_CORE/id_stage_i/alu_operand_b_ex_o_reg[14]/TE
                                                             -0.11  (VIOLATED)
   pulpino_top_i/core_region_i/CORE.RISCV_CORE/id_stage_i/alu_operand_b_ex_o_reg[26]/TE
                                                             -0.11  (VIOLATED)
   pulpino_top_i/core_region_i/data_mem/bank2_byte1/D[0]     -0.11  (VIOLATED)
   pulpino_top_i/peripherals_i/apb_uart_i/UART_TXFF/iFIFOMem_reg[53][7]/TE
                                                             -0.11  (VIOLATED)
   pulpino_top_i/core_region_i/axi_slice_core2axi/WITH_SLICE.axi_slice_i/ar_buffer_i/buffer_i/FIFO_REGISTERS_reg[1][30]/TE
                                                             -0.11  (VIOLATED)
   pulpino_top_i/core_region_i/CORE.RISCV_CORE/id_stage_i/alu_operand_b_ex_o_reg[13]/TE
                                                             -0.11  (VIOLATED)
   pulpino_top_i/axi_interconnect_i/axi_node_i/_RESP_BLOCK_GEN[2].RESP_BLOCK/DW_ADDR_DEC/MASTER_ID_FIFO/FIFO_REGISTERS_reg[4][0]/TE
                                                             -0.10  (VIOLATED)
   pulpino_top_i/axi_interconnect_i/axi_node_i/_RESP_BLOCK_GEN[2].RESP_BLOCK/DW_ADDR_DEC/MASTER_ID_FIFO/FIFO_REGISTERS_reg[4][1]/TE
                                                             -0.10  (VIOLATED)
   pulpino_top_i/axi_interconnect_i/axi_node_i/_RESP_BLOCK_GEN[2].RESP_BLOCK/DW_ADDR_DEC/MASTER_ID_FIFO/FIFO_REGISTERS_reg[4][2]/TE
                                                             -0.10  (VIOLATED)
   pulpino_top_i/core_region_i/instr_mem/sp_ram_wrap_i/bank1_byte0/A[5]
                                                             -0.10  (VIOLATED)
   pulpino_top_i/peripherals_i/apb_timer_i/TIMER_GEN[1].timer_i/regs_q_reg[0][3]/D
                                                             -0.10  (VIOLATED)
   pulpino_top_i/core_region_i/data_mem/bank2_byte1/D[5]     -0.10  (VIOLATED)
   pulpino_top_i/peripherals_i/apb_uart_i/UART_TXFF/iFIFOMem_reg[53][6]/TE
                                                             -0.10  (VIOLATED)
   pulpino_top_i/core_region_i/axi_slice_core2axi/WITH_SLICE.axi_slice_i/ar_buffer_i/buffer_i/FIFO_REGISTERS_reg[1][29]/TE
                                                             -0.10  (VIOLATED)
   pulpino_top_i/core_region_i/axi_slice_core2axi/WITH_SLICE.axi_slice_i/ar_buffer_i/buffer_i/FIFO_REGISTERS_reg[1][27]/TE
                                                             -0.10  (VIOLATED)
   pulpino_top_i/core_region_i/data_mem/bank3_byte0/D[5]     -0.10  (VIOLATED)
   pulpino_top_i/core_region_i/axi_slice_core2axi/WITH_SLICE.axi_slice_i/ar_buffer_i/buffer_i/FIFO_REGISTERS_reg[1][28]/TE
                                                             -0.10  (VIOLATED)
   pulpino_top_i/core_region_i/instr_mem/sp_ram_wrap_i/bank1_byte2/A[4]
                                                             -0.10  (VIOLATED)
   pulpino_top_i/core_region_i/CORE.RISCV_CORE/id_stage_i/hwloop_regs_i/hwlp_start_q_reg[0][0]/TI
                                                             -0.10  (VIOLATED)
   pulpino_top_i/core_region_i/instr_mem/sp_ram_wrap_i/bank1_byte0/A[2]
                                                             -0.10  (VIOLATED)
   pulpino_top_i/core_region_i/axi_slice_core2axi/WITH_SLICE.axi_slice_i/ar_buffer_i/buffer_i/FIFO_REGISTERS_reg[1][23]/TE
                                                             -0.10  (VIOLATED)
   pulpino_top_i/core_region_i/axi_slice_core2axi/WITH_SLICE.axi_slice_i/ar_buffer_i/buffer_i/FIFO_REGISTERS_reg[1][34]/TE
                                                             -0.10  (VIOLATED)
   pulpino_top_i/core_region_i/axi_slice_core2axi/WITH_SLICE.axi_slice_i/ar_buffer_i/buffer_i/FIFO_REGISTERS_reg[1][24]/TE
                                                             -0.10  (VIOLATED)
   pulpino_top_i/core_region_i/axi_slice_core2axi/WITH_SLICE.axi_slice_i/ar_buffer_i/buffer_i/FIFO_REGISTERS_reg[1][18]/TE
                                                             -0.10  (VIOLATED)
   pulpino_top_i/core_region_i/CORE.RISCV_CORE/id_stage_i/alu_operand_b_ex_o_reg[8]/TE
                                                             -0.10  (VIOLATED)
   pulpino_top_i/core_region_i/CORE.RISCV_CORE/id_stage_i/alu_operand_b_ex_o_reg[28]/TE
                                                             -0.10  (VIOLATED)
   pulpino_top_i/core_region_i/data_mem/bank2_byte2/CSN      -0.10  (VIOLATED)
   pulpino_top_i/core_region_i/CORE.RISCV_CORE/id_stage_i/hwloop_regs_i/hwlp_start_q_reg[0][11]/TI
                                                             -0.10  (VIOLATED)
   pulpino_top_i/core_region_i/CORE.RISCV_CORE/id_stage_i/alu_operand_b_ex_o_reg[9]/TE
                                                             -0.10  (VIOLATED)
   pulpino_top_i/core_region_i/CORE.RISCV_CORE/id_stage_i/alu_operand_b_ex_o_reg[22]/TE
                                                             -0.10  (VIOLATED)
   pulpino_top_i/core_region_i/CORE.RISCV_CORE/id_stage_i/alu_operand_b_ex_o_reg[21]/TE
                                                             -0.10  (VIOLATED)
   pulpino_top_i/core_region_i/data_mem/bank2_byte1/CSN      -0.10  (VIOLATED)
   pulpino_top_i/core_region_i/CORE.RISCV_CORE/id_stage_i/hwloop_regs_i/hwlp_end_q_reg[1][29]/D
                                                             -0.10  (VIOLATED)
   pulpino_top_i/core_region_i/data_mem/bank1_byte2/D[6]     -0.10  (VIOLATED)
   pulpino_top_i/core_region_i/instr_mem_axi_if/axi_mem_if_SP_i/Slave_r_buffer_LP/buffer_i/FIFO_REGISTERS_reg[0][30]/D
                                                             -0.10  (VIOLATED)
   pulpino_top_i/core_region_i/instr_mem_axi_if/axi_mem_if_SP_i/Slave_r_buffer_LP/buffer_i/FIFO_REGISTERS_reg[1][30]/D
                                                             -0.10  (VIOLATED)
   pulpino_top_i/core_region_i/instr_mem_axi_if/axi_mem_if_SP_i/Slave_r_buffer_LP/buffer_i/FIFO_REGISTERS_reg[3][30]/D
                                                             -0.10  (VIOLATED)
   pulpino_top_i/core_region_i/instr_mem_axi_if/axi_mem_if_SP_i/Slave_r_buffer_LP/buffer_i/FIFO_REGISTERS_reg[2][30]/D
                                                             -0.10  (VIOLATED)
   pulpino_top_i/core_region_i/CORE.RISCV_CORE/id_stage_i/alu_operand_b_ex_o_reg[10]/TE
                                                             -0.10  (VIOLATED)
   pulpino_top_i/core_region_i/CORE.RISCV_CORE/load_store_unit_i/rdata_q_reg[15]/D
                                                             -0.10  (VIOLATED)
   pulpino_top_i/core_region_i/axi_slice_core2axi/WITH_SLICE.axi_slice_i/ar_buffer_i/buffer_i/FIFO_REGISTERS_reg[1][5]/TE
                                                             -0.10  (VIOLATED)
   pulpino_top_i/core_region_i/CORE.RISCV_CORE/id_stage_i/mult_operand_c_ex_o_reg[16]/TE
                                                             -0.10  (VIOLATED)
   pulpino_top_i/core_region_i/data_mem/bank3_byte3/A[6]     -0.10  (VIOLATED)
   pulpino_top_i/peripherals_i/apb_timer_i/TIMER_GEN[1].timer_i/regs_q_reg[0][12]/D
                                                             -0.10  (VIOLATED)
   pulpino_top_i/axi_interconnect_i/axi_node_i/_RESP_BLOCK_GEN[0].RESP_BLOCK/DW_ADDR_DEC/MASTER_ID_FIFO/FIFO_REGISTERS_reg[2][0]/TE
                                                             -0.10  (VIOLATED)
   pulpino_top_i/axi_interconnect_i/axi_node_i/_RESP_BLOCK_GEN[0].RESP_BLOCK/DW_ADDR_DEC/MASTER_ID_FIFO/FIFO_REGISTERS_reg[2][1]/TE
                                                             -0.10  (VIOLATED)
   pulpino_top_i/axi_interconnect_i/axi_node_i/_RESP_BLOCK_GEN[0].RESP_BLOCK/DW_ADDR_DEC/MASTER_ID_FIFO/FIFO_REGISTERS_reg[2][2]/TE
                                                             -0.10  (VIOLATED)
   pulpino_top_i/core_region_i/CORE.RISCV_CORE/id_stage_i/alu_operand_b_ex_o_reg[16]/TE
                                                             -0.10  (VIOLATED)
   pulpino_top_i/core_region_i/instr_mem_axi_if/axi_mem_if_SP_i/Slave_r_buffer_LP/buffer_i/FIFO_REGISTERS_reg[2][27]/D
                                                             -0.10  (VIOLATED)
   pulpino_top_i/core_region_i/instr_mem_axi_if/axi_mem_if_SP_i/Slave_r_buffer_LP/buffer_i/FIFO_REGISTERS_reg[3][27]/D
                                                             -0.10  (VIOLATED)
   pulpino_top_i/core_region_i/axi_slice_core2axi/WITH_SLICE.axi_slice_i/ar_buffer_i/buffer_i/FIFO_REGISTERS_reg[1][17]/TE
                                                             -0.09  (VIOLATED)
   pulpino_top_i/core_region_i/instr_mem_axi_if/axi_mem_if_SP_i/Slave_r_buffer_LP/buffer_i/FIFO_REGISTERS_reg[0][27]/D
                                                             -0.09  (VIOLATED)
   pulpino_top_i/core_region_i/instr_mem_axi_if/axi_mem_if_SP_i/Slave_r_buffer_LP/buffer_i/FIFO_REGISTERS_reg[1][27]/D
                                                             -0.09  (VIOLATED)
   pulpino_top_i/peripherals_i/apb_gpio_i/r_status_reg[7]/D
                                                             -0.09  (VIOLATED)
   pulpino_top_i/core_region_i/data_mem/bank3_byte1/A[9]     -0.09  (VIOLATED)
   pulpino_top_i/peripherals_i/apb_timer_i/TIMER_GEN[1].timer_i/regs_q_reg[0][13]/D
                                                             -0.09  (VIOLATED)
   pulpino_top_i/core_region_i/CORE.RISCV_CORE/id_stage_i/mult_operand_c_ex_o_reg[14]/TE
                                                             -0.09  (VIOLATED)
   pulpino_top_i/core_region_i/CORE.RISCV_CORE/id_stage_i/mult_operand_c_ex_o_reg[13]/TE
                                                             -0.09  (VIOLATED)
   pulpino_top_i/core_region_i/instr_mem/sp_ram_wrap_i/bank1_byte1/A[2]
                                                             -0.09  (VIOLATED)
   pulpino_top_i/core_region_i/CORE.RISCV_CORE/id_stage_i/mult_operand_c_ex_o_reg[15]/TE
                                                             -0.09  (VIOLATED)
   pulpino_top_i/core_region_i/instr_mem/sp_ram_wrap_i/bank2_byte0/WEN
                                                             -0.09  (VIOLATED)
   pulpino_top_i/core_region_i/CORE.RISCV_CORE/id_stage_i/hwloop_regs_i/hwlp_start_q_reg[1][7]/D
                                                             -0.09  (VIOLATED)
   pulpino_top_i/core_region_i/CORE.RISCV_CORE/id_stage_i/mult_operand_c_ex_o_reg[18]/TE
                                                             -0.09  (VIOLATED)
   pulpino_top_i/core_region_i/CORE.RISCV_CORE/id_stage_i/alu_operand_b_ex_o_reg[25]/TE
                                                             -0.09  (VIOLATED)
   pulpino_top_i/peripherals_i/apb_gpio_i/r_status_reg[3]/D
                                                             -0.09  (VIOLATED)
   pulpino_top_i/core_region_i/CORE.RISCV_CORE/id_stage_i/alu_operand_b_ex_o_reg[18]/TE
                                                             -0.09  (VIOLATED)
   pulpino_top_i/core_region_i/axi_slice_core2axi/WITH_SLICE.axi_slice_i/ar_buffer_i/buffer_i/FIFO_REGISTERS_reg[1][16]/TE
                                                             -0.09  (VIOLATED)
   pulpino_top_i/core_region_i/axi_slice_core2axi/WITH_SLICE.axi_slice_i/ar_buffer_i/buffer_i/FIFO_REGISTERS_reg[0][5]/TE
                                                             -0.09  (VIOLATED)
   pulpino_top_i/core_region_i/CORE.RISCV_CORE/id_stage_i/mult_operand_c_ex_o_reg[17]/TE
                                                             -0.09  (VIOLATED)
   pulpino_top_i/core_region_i/data_mem/bank3_byte0/D[0]     -0.09  (VIOLATED)
   pulpino_top_i/core_region_i/CORE.RISCV_CORE/id_stage_i/alu_operand_b_ex_o_reg[17]/TE
                                                             -0.09  (VIOLATED)
   pulpino_top_i/core_region_i/axi_slice_core2axi/WITH_SLICE.axi_slice_i/ar_buffer_i/buffer_i/FIFO_REGISTERS_reg[0][17]/TE
                                                             -0.09  (VIOLATED)
   pulpino_top_i/core_region_i/axi_slice_core2axi/WITH_SLICE.axi_slice_i/ar_buffer_i/buffer_i/FIFO_REGISTERS_reg[0][16]/TE
                                                             -0.09  (VIOLATED)
   pulpino_top_i/peripherals_i/apb_timer_i/TIMER_GEN[1].timer_i/regs_q_reg[0][22]/D
                                                             -0.09  (VIOLATED)
   pulpino_top_i/core_region_i/axi_slice_core2axi/WITH_SLICE.axi_slice_i/ar_buffer_i/buffer_i/FIFO_REGISTERS_reg[0][6]/TE
                                                             -0.09  (VIOLATED)
   pulpino_top_i/core_region_i/data_mem/bank2_byte1/D[4]     -0.09  (VIOLATED)
   pulpino_top_i/core_region_i/CORE.RISCV_CORE/id_stage_i/mult_operand_c_ex_o_reg[22]/TE
                                                             -0.09  (VIOLATED)
   pulpino_top_i/core_region_i/instr_mem/boot_rom_wrap_i/boot_code_i/A_Q_reg[9]/D
                                                             -0.09  (VIOLATED)
   pulpino_top_i/core_region_i/data_mem/bank3_byte2/A[6]     -0.09  (VIOLATED)
   pulpino_top_i/core_region_i/CORE.RISCV_CORE/cs_registers_i/mepc_q_reg[23]/D
                                                             -0.09  (VIOLATED)
   pulpino_top_i/core_region_i/CORE.RISCV_CORE/id_stage_i/mult_operand_c_ex_o_reg[24]/TE
                                                             -0.09  (VIOLATED)
   pulpino_top_i/peripherals_i/apb_timer_i/TIMER_GEN[1].timer_i/regs_q_reg[0][17]/D
                                                             -0.09  (VIOLATED)
   pulpino_top_i/core_region_i/CORE.RISCV_CORE/cs_registers_i/mepc_q_reg[7]/D
                                                             -0.09  (VIOLATED)
   pulpino_top_i/core_region_i/CORE.RISCV_CORE/id_stage_i/mult_operand_c_ex_o_reg[21]/TE
                                                             -0.09  (VIOLATED)
   pulpino_top_i/core_region_i/CORE.RISCV_CORE/id_stage_i/mult_operand_c_ex_o_reg[19]/TE
                                                             -0.09  (VIOLATED)
   pulpino_top_i/core_region_i/CORE.RISCV_CORE/id_stage_i/mult_operand_c_ex_o_reg[23]/TE
                                                             -0.09  (VIOLATED)
   pulpino_top_i/core_region_i/CORE.RISCV_CORE/id_stage_i/mult_operand_c_ex_o_reg[26]/TE
                                                             -0.09  (VIOLATED)
   pulpino_top_i/core_region_i/CORE.RISCV_CORE/id_stage_i/mult_operand_c_ex_o_reg[25]/TE
                                                             -0.09  (VIOLATED)
   pulpino_top_i/core_region_i/CORE.RISCV_CORE/id_stage_i/mult_operand_c_ex_o_reg[4]/TE
                                                             -0.09  (VIOLATED)
   pulpino_top_i/core_region_i/CORE.RISCV_CORE/id_stage_i/mult_operand_c_ex_o_reg[31]/TE
                                                             -0.09  (VIOLATED)
   pulpino_top_i/core_region_i/CORE.RISCV_CORE/id_stage_i/mult_operand_c_ex_o_reg[3]/TE
                                                             -0.08  (VIOLATED)
   pulpino_top_i/peripherals_i/apb_uart_i/UART_RXFF/iUSAGE_reg[1]/D
                                                             -0.08  (VIOLATED)
   pulpino_top_i/core_region_i/CORE.RISCV_CORE/cs_registers_i/mepc_q_reg[13]/D
                                                             -0.08  (VIOLATED)
   pulpino_top_i/core_region_i/instr_mem/sp_ram_wrap_i/bank2_byte2/A[2]
                                                             -0.08  (VIOLATED)
   pulpino_top_i/peripherals_i/apb_event_unit_i/i_event_unit/regs_q_reg[0][3]/TE
                                                             -0.08  (VIOLATED)
   pulpino_top_i/peripherals_i/apb_event_unit_i/i_event_unit/regs_q_reg[0][4]/TE
                                                             -0.08  (VIOLATED)
   pulpino_top_i/peripherals_i/apb_event_unit_i/i_event_unit/regs_q_reg[0][6]/TE
                                                             -0.08  (VIOLATED)
   pulpino_top_i/peripherals_i/apb_event_unit_i/i_event_unit/regs_q_reg[0][7]/TE
                                                             -0.08  (VIOLATED)
   pulpino_top_i/peripherals_i/apb_event_unit_i/i_event_unit/regs_q_reg[0][2]/TE
                                                             -0.08  (VIOLATED)
   pulpino_top_i/peripherals_i/apb_event_unit_i/i_event_unit/regs_q_reg[0][5]/TE
                                                             -0.08  (VIOLATED)
   pulpino_top_i/peripherals_i/apb_event_unit_i/i_event_unit/regs_q_reg[0][8]/TE
                                                             -0.08  (VIOLATED)
   pulpino_top_i/core_region_i/CORE.RISCV_CORE/load_store_unit_i/rdata_q_reg[13]/D
                                                             -0.08  (VIOLATED)
   pulpino_top_i/peripherals_i/apb_event_unit_i/i_event_unit/regs_q_reg[0][1]/TE
                                                             -0.08  (VIOLATED)
   pulpino_top_i/peripherals_i/apb_uart_i/UART_TXFF/iFIFOMem_reg[46][0]/TE
                                                             -0.08  (VIOLATED)
   pulpino_top_i/peripherals_i/apb_uart_i/UART_TXFF/iFIFOMem_reg[46][1]/TE
                                                             -0.08  (VIOLATED)
   pulpino_top_i/core_region_i/instr_mem/sp_ram_wrap_i/bank1_byte3/A[2]
                                                             -0.08  (VIOLATED)
   pulpino_top_i/peripherals_i/apb_uart_i/UART_TXFF/iFIFOMem_reg[46][4]/TE
                                                             -0.08  (VIOLATED)
   pulpino_top_i/peripherals_i/apb_event_unit_i/i_event_unit/regs_q_reg[0][9]/TE
                                                             -0.08  (VIOLATED)
   pulpino_top_i/peripherals_i/apb_uart_i/UART_TXFF/iFIFOMem_reg[46][3]/TE
                                                             -0.08  (VIOLATED)
   pulpino_top_i/peripherals_i/apb_uart_i/UART_TXFF/iFIFOMem_reg[46][7]/TE
                                                             -0.08  (VIOLATED)
   pulpino_top_i/core_region_i/CORE.RISCV_CORE/cs_registers_i/mepc_q_reg[2]/D
                                                             -0.08  (VIOLATED)
   pulpino_top_i/peripherals_i/apb_event_unit_i/i_event_unit/regs_q_reg[0][11]/TE
                                                             -0.08  (VIOLATED)
   pulpino_top_i/peripherals_i/apb_event_unit_i/i_event_unit/regs_q_reg[0][12]/TE
                                                             -0.08  (VIOLATED)
   pulpino_top_i/core_region_i/CORE.RISCV_CORE/id_stage_i/mult_operand_a_ex_o_reg[24]/TE
                                                             -0.08  (VIOLATED)
   pulpino_top_i/core_region_i/CORE.RISCV_CORE/id_stage_i/mult_operand_b_ex_o_reg[22]/TE
                                                             -0.08  (VIOLATED)
   pulpino_top_i/core_region_i/CORE.RISCV_CORE/id_stage_i/mult_operand_b_ex_o_reg[23]/TE
                                                             -0.08  (VIOLATED)
   pulpino_top_i/core_region_i/instr_mem/sp_ram_wrap_i/bank1_byte1/A[5]
                                                             -0.08  (VIOLATED)
   pulpino_top_i/core_region_i/instr_mem/sp_ram_wrap_i/bank3_byte1/A[6]
                                                             -0.08  (VIOLATED)
   pulpino_top_i/core_region_i/data_mem/bank3_byte3/A[0]     -0.08  (VIOLATED)
   pulpino_top_i/core_region_i/CORE.RISCV_CORE/id_stage_i/mult_operand_a_ex_o_reg[31]/TE
                                                             -0.08  (VIOLATED)
   pulpino_top_i/peripherals_i/apb_event_unit_i/i_event_unit/regs_q_reg[0][10]/TE
                                                             -0.08  (VIOLATED)
   pulpino_top_i/peripherals_i/apb_uart_i/iTHRInterrupt_reg/D
                                                             -0.08  (VIOLATED)
   pulpino_top_i/peripherals_i/apb_uart_i/UART_TXFF/iFIFOMem_reg[46][2]/TE
                                                             -0.08  (VIOLATED)
   pulpino_top_i/core_region_i/CORE.RISCV_CORE/id_stage_i/mult_operand_b_ex_o_reg[16]/TE
                                                             -0.08  (VIOLATED)
   pulpino_top_i/core_region_i/data_mem/bank3_byte0/A[10]    -0.08  (VIOLATED)
   pulpino_top_i/core_region_i/CORE.RISCV_CORE/cs_registers_i/mcause_q_reg[3]/D
                                                             -0.08  (VIOLATED)
   pulpino_top_i/core_region_i/CORE.RISCV_CORE/id_stage_i/mult_operand_b_ex_o_reg[20]/TE
                                                             -0.08  (VIOLATED)
   pulpino_top_i/core_region_i/CORE.RISCV_CORE/id_stage_i/hwloop_regs_i/hwlp_start_q_reg[1][9]/D
                                                             -0.08  (VIOLATED)
   pulpino_top_i/core_region_i/instr_mem_axi_if/axi_mem_if_SP_i/READ_CTRL/RDATA_REG_reg[4]/D
                                                             -0.08  (VIOLATED)
   pulpino_top_i/peripherals_i/apb_uart_i/UART_TXFF/iFIFOMem_reg[57][0]/TE
                                                             -0.08  (VIOLATED)
   pulpino_top_i/peripherals_i/apb_uart_i/UART_TXFF/iFIFOMem_reg[57][4]/TE
                                                             -0.08  (VIOLATED)
   pulpino_top_i/peripherals_i/apb_event_unit_i/i_event_unit/regs_q_reg[0][15]/TE
                                                             -0.08  (VIOLATED)
   pulpino_top_i/peripherals_i/apb_uart_i/UART_TXFF/iFIFOMem_reg[57][1]/TE
                                                             -0.08  (VIOLATED)
   pulpino_top_i/peripherals_i/apb_uart_i/UART_TXFF/iFIFOMem_reg[57][3]/TE
                                                             -0.08  (VIOLATED)
   pulpino_top_i/peripherals_i/apb_uart_i/UART_TXFF/iFIFOMem_reg[46][5]/TE
                                                             -0.08  (VIOLATED)
   pulpino_top_i/peripherals_i/apb_uart_i/UART_TXFF/iFIFOMem_reg[46][6]/TE
                                                             -0.08  (VIOLATED)
   pulpino_top_i/peripherals_i/apb_uart_i/UART_TXFF/iFIFOMem_reg[57][6]/TE
                                                             -0.08  (VIOLATED)
   pulpino_top_i/peripherals_i/apb_uart_i/UART_TXFF/iFIFOMem_reg[57][7]/TE
                                                             -0.08  (VIOLATED)
   pulpino_top_i/peripherals_i/apb_uart_i/UART_TXFF/iFIFOMem_reg[62][0]/TE
                                                             -0.08  (VIOLATED)
   pulpino_top_i/peripherals_i/apb_uart_i/UART_TXFF/iFIFOMem_reg[62][3]/TE
                                                             -0.08  (VIOLATED)
   pulpino_top_i/peripherals_i/apb_uart_i/UART_TXFF/iFIFOMem_reg[62][4]/TE
                                                             -0.08  (VIOLATED)
   pulpino_top_i/peripherals_i/apb_event_unit_i/i_event_unit/regs_q_reg[0][14]/TE
                                                             -0.08  (VIOLATED)
   pulpino_top_i/peripherals_i/apb_uart_i/UART_TXFF/iFIFOMem_reg[62][7]/TE
                                                             -0.08  (VIOLATED)
   pulpino_top_i/peripherals_i/apb_timer_i/TIMER_GEN[1].timer_i/regs_q_reg[0][19]/D
                                                             -0.08  (VIOLATED)
   pulpino_top_i/peripherals_i/apb_event_unit_i/i_event_unit/regs_q_reg[0][17]/TE
                                                             -0.08  (VIOLATED)
   pulpino_top_i/peripherals_i/apb_uart_i/UART_TXFF/iFIFOMem_reg[57][5]/TE
                                                             -0.08  (VIOLATED)
   pulpino_top_i/peripherals_i/apb_uart_i/UART_TXFF/iFIFOMem_reg[62][1]/TE
                                                             -0.08  (VIOLATED)
   pulpino_top_i/peripherals_i/apb_uart_i/UART_TXFF/iFIFOMem_reg[57][2]/TE
                                                             -0.08  (VIOLATED)
   pulpino_top_i/peripherals_i/apb_uart_i/UART_TXFF/iFIFOMem_reg[62][6]/TE
                                                             -0.08  (VIOLATED)
   pulpino_top_i/core_region_i/CORE.RISCV_CORE/load_store_unit_i/rdata_q_reg[6]/D
                                                             -0.08  (VIOLATED)
   pulpino_top_i/core_region_i/instr_mem_axi_if/axi_mem_if_SP_i/Slave_r_buffer_LP/buffer_i/FIFO_REGISTERS_reg[2][22]/D
                                                             -0.08  (VIOLATED)
   pulpino_top_i/core_region_i/instr_mem_axi_if/axi_mem_if_SP_i/Slave_r_buffer_LP/buffer_i/FIFO_REGISTERS_reg[0][22]/D
                                                             -0.08  (VIOLATED)
   pulpino_top_i/peripherals_i/apb_uart_i/UART_TXFF/iFIFOMem_reg[62][2]/TE
                                                             -0.08  (VIOLATED)
   pulpino_top_i/core_region_i/instr_mem_axi_if/axi_mem_if_SP_i/Slave_r_buffer_LP/buffer_i/FIFO_REGISTERS_reg[1][22]/D
                                                             -0.08  (VIOLATED)
   pulpino_top_i/peripherals_i/apb_event_unit_i/i_event_unit/regs_q_reg[0][13]/TE
                                                             -0.08  (VIOLATED)
   pulpino_top_i/peripherals_i/apb_event_unit_i/i_event_unit/regs_q_reg[0][16]/TE
                                                             -0.08  (VIOLATED)
   pulpino_top_i/core_region_i/instr_mem_axi_if/axi_mem_if_SP_i/Slave_r_buffer_LP/buffer_i/FIFO_REGISTERS_reg[3][22]/D
                                                             -0.08  (VIOLATED)
   pulpino_top_i/peripherals_i/apb_uart_i/UART_TXFF/iFIFOMem_reg[56][0]/TE
                                                             -0.08  (VIOLATED)
   pulpino_top_i/peripherals_i/apb_uart_i/UART_TXFF/iFIFOMem_reg[56][1]/TE
                                                             -0.08  (VIOLATED)
   pulpino_top_i/peripherals_i/apb_uart_i/UART_TXFF/iFIFOMem_reg[56][4]/TE
                                                             -0.08  (VIOLATED)
   pulpino_top_i/peripherals_i/apb_uart_i/UART_TXFF/iFIFOMem_reg[62][5]/TE
                                                             -0.08  (VIOLATED)
   pulpino_top_i/peripherals_i/apb_uart_i/UART_TXFF/iFIFOMem_reg[56][3]/TE
                                                             -0.08  (VIOLATED)
   pulpino_top_i/peripherals_i/apb_uart_i/UART_TXFF/iFIFOMem_reg[56][7]/TE
                                                             -0.08  (VIOLATED)
   pulpino_top_i/peripherals_i/apb_uart_i/UART_TXFF/iFIFOMem_reg[56][6]/TE
                                                             -0.08  (VIOLATED)
   pulpino_top_i/axi_interconnect_i/axi_node_i/_RESP_BLOCK_GEN[2].RESP_BLOCK/DW_ADDR_DEC/MASTER_ID_FIFO/Push_Pointer_CS_reg[2]/TI
                                                             -0.07  (VIOLATED)
   pulpino_top_i/peripherals_i/apb_event_unit_i/i_event_unit/regs_q_reg[0][19]/TE
                                                             -0.07  (VIOLATED)
   pulpino_top_i/peripherals_i/apb_uart_i/UART_TXFF/iFIFOMem_reg[56][5]/TE
                                                             -0.07  (VIOLATED)
   pulpino_top_i/peripherals_i/apb_uart_i/UART_TXFF/iFIFOMem_reg[56][2]/TE
                                                             -0.07  (VIOLATED)
   pulpino_top_i/core_region_i/CORE.RISCV_CORE/id_stage_i/mult_operand_c_ex_o_reg[30]/TE
                                                             -0.07  (VIOLATED)
   pulpino_top_i/peripherals_i/apb_event_unit_i/i_event_unit/regs_q_reg[0][18]/TE
                                                             -0.07  (VIOLATED)
   pulpino_top_i/core_region_i/CORE.RISCV_CORE/cs_registers_i/mepc_q_reg[25]/D
                                                             -0.07  (VIOLATED)
   pulpino_top_i/peripherals_i/apb_timer_i/TIMER_GEN[1].timer_i/regs_q_reg[0][23]/D
                                                             -0.07  (VIOLATED)
   pulpino_top_i/peripherals_i/apb_event_unit_i/i_event_unit/regs_q_reg[0][23]/TE
                                                             -0.07  (VIOLATED)
   pulpino_top_i/core_region_i/instr_mem/sp_ram_wrap_i/bank1_byte2/A[2]
                                                             -0.07  (VIOLATED)
   pulpino_top_i/core_region_i/data_mem/bank3_byte2/A[0]     -0.07  (VIOLATED)
   pulpino_top_i/core_region_i/instr_mem/sp_ram_wrap_i/bank3_byte1/A[5]
                                                             -0.07  (VIOLATED)
   pulpino_top_i/core_region_i/instr_mem/sp_ram_wrap_i/bank0_byte0/A[0]
                                                             -0.07  (VIOLATED)
   pulpino_top_i/core_region_i/instr_mem_axi_if/axi_mem_if_SP_i/READ_CTRL/CountBurst_CS_reg[7]/D
                                                             -0.07  (VIOLATED)
   pulpino_top_i/core_region_i/instr_mem/sp_ram_wrap_i/bank0_byte3/WEN
                                                             -0.07  (VIOLATED)
   pulpino_top_i/core_region_i/instr_mem/sp_ram_wrap_i/bank2_byte3/A[2]
                                                             -0.07  (VIOLATED)
   pulpino_top_i/core_region_i/data_mem/bank1_byte2/D[7]     -0.07  (VIOLATED)
   pulpino_top_i/core_region_i/CORE.RISCV_CORE/load_store_unit_i/rdata_q_reg[7]/D
                                                             -0.07  (VIOLATED)
   pulpino_top_i/peripherals_i/apb_uart_i/UART_TXFF/iFIFOMem_reg[45][0]/TE
                                                             -0.07  (VIOLATED)
   pulpino_top_i/peripherals_i/apb_uart_i/UART_TXFF/iFIFOMem_reg[45][1]/TE
                                                             -0.07  (VIOLATED)
   pulpino_top_i/peripherals_i/apb_uart_i/UART_TXFF/iFIFOMem_reg[45][4]/TE
                                                             -0.07  (VIOLATED)
   pulpino_top_i/peripherals_i/apb_uart_i/UART_TXFF/iFIFOMem_reg[45][5]/TE
                                                             -0.07  (VIOLATED)
   pulpino_top_i/core_region_i/data_mem/bank3_byte0/D[4]     -0.07  (VIOLATED)
   pulpino_top_i/peripherals_i/apb_gpio_i/r_status_reg[22]/D
                                                             -0.07  (VIOLATED)
   pulpino_top_i/peripherals_i/apb_uart_i/UART_TXFF/iFIFOMem_reg[45][6]/TE
                                                             -0.07  (VIOLATED)
   pulpino_top_i/peripherals_i/apb_uart_i/UART_TXFF/iFIFOMem_reg[45][3]/TE
                                                             -0.07  (VIOLATED)
   pulpino_top_i/peripherals_i/apb_uart_i/UART_TXFF/iFIFOMem_reg[45][7]/TE
                                                             -0.07  (VIOLATED)
   pulpino_top_i/peripherals_i/apb_uart_i/UART_TXFF/iFIFOMem_reg[45][2]/TE
                                                             -0.07  (VIOLATED)
   pulpino_top_i/core_region_i/instr_mem/sp_ram_wrap_i/bank0_byte3/A[4]
                                                             -0.07  (VIOLATED)
   pulpino_top_i/core_region_i/CORE.RISCV_CORE/id_stage_i/hwloop_regs_i/hwlp_end_q_reg[1][22]/D
                                                             -0.07  (VIOLATED)
   pulpino_top_i/core_region_i/CORE.RISCV_CORE/id_stage_i/hwloop_regs_i/hwlp_end_q_reg[1][18]/D
                                                             -0.07  (VIOLATED)
   pulpino_top_i/core_region_i/CORE.RISCV_CORE/id_stage_i/hwloop_regs_i/hwlp_end_q_reg[1][30]/D
                                                             -0.07  (VIOLATED)
   pulpino_top_i/core_region_i/data_mem/bank3_byte1/A[6]     -0.07  (VIOLATED)
   pulpino_top_i/core_region_i/axi_slice_core2axi/WITH_SLICE.axi_slice_i/w_buffer_i/buffer_i/FIFO_REGISTERS_reg[0][7]/TE
                                                             -0.06  (VIOLATED)
   pulpino_top_i/core_region_i/axi_slice_core2axi/WITH_SLICE.axi_slice_i/w_buffer_i/buffer_i/FIFO_REGISTERS_reg[0][18]/TE
                                                             -0.06  (VIOLATED)
   pulpino_top_i/core_region_i/axi_slice_core2axi/WITH_SLICE.axi_slice_i/w_buffer_i/buffer_i/FIFO_REGISTERS_reg[0][20]/TE
                                                             -0.06  (VIOLATED)
   pulpino_top_i/core_region_i/axi_slice_core2axi/WITH_SLICE.axi_slice_i/w_buffer_i/buffer_i/FIFO_REGISTERS_reg[0][8]/TE
                                                             -0.06  (VIOLATED)
   pulpino_top_i/core_region_i/instr_mem/sp_ram_wrap_i/bank0_byte0/WEN
                                                             -0.06  (VIOLATED)
   pulpino_top_i/core_region_i/axi_slice_core2axi/WITH_SLICE.axi_slice_i/w_buffer_i/buffer_i/FIFO_REGISTERS_reg[0][19]/TE
                                                             -0.06  (VIOLATED)
   pulpino_top_i/core_region_i/data_mem/bank2_byte1/D[6]     -0.06  (VIOLATED)
   pulpino_top_i/core_region_i/axi_slice_core2axi/WITH_SLICE.axi_slice_i/w_buffer_i/buffer_i/FIFO_REGISTERS_reg[0][17]/TE
                                                             -0.06  (VIOLATED)
   pulpino_top_i/core_region_i/axi_slice_core2axi/WITH_SLICE.axi_slice_i/w_buffer_i/buffer_i/FIFO_REGISTERS_reg[0][5]/TE
                                                             -0.06  (VIOLATED)
   pulpino_top_i/core_region_i/instr_mem/sp_ram_wrap_i/bank0_byte1/A[0]
                                                             -0.06  (VIOLATED)
   pulpino_top_i/core_region_i/axi_slice_core2axi/WITH_SLICE.axi_slice_i/w_buffer_i/buffer_i/FIFO_REGISTERS_reg[0][6]/TE
                                                             -0.06  (VIOLATED)
   pulpino_top_i/core_region_i/data_mem/bank3_byte3/A[4]     -0.06  (VIOLATED)
   pulpino_top_i/core_region_i/axi_slice_core2axi/WITH_SLICE.axi_slice_i/w_buffer_i/buffer_i/FIFO_REGISTERS_reg[0][4]/TE
                                                             -0.06  (VIOLATED)
   pulpino_top_i/core_region_i/CORE.RISCV_CORE/id_stage_i/hwloop_regs_i/hwlp_end_q_reg[1][7]/D
                                                             -0.06  (VIOLATED)
   pulpino_top_i/core_region_i/instr_mem/sp_ram_wrap_i/bank1_byte0/A[7]
                                                             -0.06  (VIOLATED)
   pulpino_top_i/core_region_i/data_mem/bank2_byte1/D[1]     -0.06  (VIOLATED)
   pulpino_top_i/core_region_i/axi_slice_core2axi/WITH_SLICE.axi_slice_i/w_buffer_i/buffer_i/FIFO_REGISTERS_reg[0][3]/TE
                                                             -0.06  (VIOLATED)
   pulpino_top_i/core_region_i/axi_slice_core2axi/WITH_SLICE.axi_slice_i/w_buffer_i/buffer_i/FIFO_REGISTERS_reg[0][2]/TE
                                                             -0.06  (VIOLATED)
   pulpino_top_i/core_region_i/CORE.RISCV_CORE/if_stage_i/instr_valid_id_o_reg/D
                                                             -0.06  (VIOLATED)
   pulpino_top_i/core_region_i/axi_slice_core2axi/WITH_SLICE.axi_slice_i/w_buffer_i/buffer_i/FIFO_REGISTERS_reg[0][1]/TE
                                                             -0.06  (VIOLATED)
   pulpino_top_i/core_region_i/axi_slice_core2axi/WITH_SLICE.axi_slice_i/w_buffer_i/buffer_i/FIFO_REGISTERS_reg[0][35]/TE
                                                             -0.06  (VIOLATED)
   pulpino_top_i/core_region_i/axi_slice_core2axi/WITH_SLICE.axi_slice_i/w_buffer_i/buffer_i/FIFO_REGISTERS_reg[0][36]/TE
                                                             -0.06  (VIOLATED)
   pulpino_top_i/core_region_i/CORE.RISCV_CORE/id_stage_i/hwloop_regs_i/hwlp_end_q_reg[1][21]/D
                                                             -0.06  (VIOLATED)
   pulpino_top_i/core_region_i/axi_slice_core2axi/WITH_SLICE.axi_slice_i/w_buffer_i/buffer_i/FIFO_REGISTERS_reg[0][34]/TE
                                                             -0.06  (VIOLATED)
   pulpino_top_i/core_region_i/CORE.RISCV_CORE/load_store_unit_i/rdata_q_reg[5]/D
                                                             -0.06  (VIOLATED)
   pulpino_top_i/core_region_i/data_mem/bank2_byte2/A[7]     -0.06  (VIOLATED)
   pulpino_top_i/core_region_i/data_mem/bank2_byte0/D[0]     -0.06  (VIOLATED)
   pulpino_top_i/core_region_i/CORE.RISCV_CORE/id_stage_i/hwloop_regs_i/hwlp_end_q_reg[1][16]/D
                                                             -0.06  (VIOLATED)
   pulpino_top_i/core_region_i/axi_slice_core2axi/WITH_SLICE.axi_slice_i/w_buffer_i/buffer_i/FIFO_REGISTERS_reg[0][33]/TE
                                                             -0.06  (VIOLATED)
   pulpino_top_i/core_region_i/CORE.RISCV_CORE/id_stage_i/regfile_alu_we_ex_o_reg/D
                                                             -0.06  (VIOLATED)
   pulpino_top_i/core_region_i/axi_slice_core2axi/WITH_SLICE.axi_slice_i/w_buffer_i/buffer_i/FIFO_REGISTERS_reg[1][0]/D
                                                             -0.06  (VIOLATED)
   pulpino_top_i/peripherals_i/apb_event_unit_i/i_event_unit/regs_q_reg[3][23]/D
                                                             -0.06  (VIOLATED)
   pulpino_top_i/core_region_i/CORE.RISCV_CORE/cs_registers_i/mepc_q_reg[0]/D
                                                             -0.05  (VIOLATED)
   pulpino_top_i/peripherals_i/apb_gpio_i/r_status_reg[21]/D
                                                             -0.05  (VIOLATED)
   pulpino_top_i/peripherals_i/apb_uart_i/UART_RXFF/iUSAGE_reg[5]/D
                                                             -0.05  (VIOLATED)
   pulpino_top_i/core_region_i/CORE.RISCV_CORE/load_store_unit_i/rdata_q_reg[4]/D
                                                             -0.05  (VIOLATED)
   pulpino_top_i/core_region_i/CORE.RISCV_CORE/cs_registers_i/mcause_q_reg[1]/D
                                                             -0.05  (VIOLATED)
   pulpino_top_i/core_region_i/data_mem/bank3_byte2/A[4]     -0.05  (VIOLATED)
   pulpino_top_i/peripherals_i/apb_uart_i/UART_TXFF/iFIFOMem_reg[58][1]/TE
                                                             -0.05  (VIOLATED)
   pulpino_top_i/peripherals_i/apb_uart_i/UART_TXFF/iFIFOMem_reg[58][3]/TE
                                                             -0.05  (VIOLATED)
   pulpino_top_i/peripherals_i/apb_uart_i/UART_TXFF/iFIFOMem_reg[58][4]/TE
                                                             -0.05  (VIOLATED)
   pulpino_top_i/peripherals_i/apb_uart_i/UART_TXFF/iFIFOMem_reg[58][7]/TE
                                                             -0.05  (VIOLATED)
   pulpino_top_i/core_region_i/CORE.RISCV_CORE/id_stage_i/hwloop_regs_i/hwlp_end_q_reg[1][19]/D
                                                             -0.05  (VIOLATED)
   pulpino_top_i/axi_interconnect_i/axi_node_i/_RESP_BLOCK_GEN[0].RESP_BLOCK/DW_ADDR_DEC/MASTER_ID_FIFO/Push_Pointer_CS_reg[1]/D
                                                             -0.05  (VIOLATED)
   pulpino_top_i/peripherals_i/apb_uart_i/UART_TXFF/iFIFOMem_reg[58][6]/TE
                                                             -0.05  (VIOLATED)
   pulpino_top_i/peripherals_i/apb_uart_i/UART_TXFF/iFIFOMem_reg[58][0]/TE
                                                             -0.05  (VIOLATED)
   pulpino_top_i/peripherals_i/apb_uart_i/UART_TXFF/iFIFOMem_reg[58][2]/TE
                                                             -0.05  (VIOLATED)
   pulpino_top_i/peripherals_i/apb_uart_i/UART_TXFF/iFIFOMem_reg[44][0]/TE
                                                             -0.05  (VIOLATED)
   pulpino_top_i/peripherals_i/apb_uart_i/UART_TXFF/iFIFOMem_reg[44][1]/TE
                                                             -0.05  (VIOLATED)
   pulpino_top_i/peripherals_i/apb_uart_i/UART_TXFF/iFIFOMem_reg[44][4]/TE
                                                             -0.05  (VIOLATED)
   pulpino_top_i/peripherals_i/apb_uart_i/UART_TXFF/iFIFOMem_reg[44][5]/TE
                                                             -0.05  (VIOLATED)
   pulpino_top_i/axi_interconnect_i/axi_node_i/_RESP_BLOCK_GEN[0].RESP_BLOCK/BW_ALLOC/outstanding_counter_reg[9]/D
                                                             -0.05  (VIOLATED)
   pulpino_top_i/peripherals_i/apb_timer_i/TIMER_GEN[1].timer_i/regs_q_reg[0][15]/D
                                                             -0.05  (VIOLATED)
   pulpino_top_i/peripherals_i/apb_uart_i/UART_TXFF/iFIFOMem_reg[58][5]/TE
                                                             -0.05  (VIOLATED)
   pulpino_top_i/peripherals_i/apb_uart_i/UART_TXFF/iFIFOMem_reg[44][6]/TE
                                                             -0.05  (VIOLATED)
   pulpino_top_i/core_region_i/instr_mem/sp_ram_wrap_i/bank1_byte1/A[7]
                                                             -0.05  (VIOLATED)
   pulpino_top_i/peripherals_i/apb_event_unit_i/i_event_unit/regs_q_reg[3][3]/D
                                                             -0.05  (VIOLATED)
   pulpino_top_i/peripherals_i/apb_uart_i/UART_TXFF/iFIFOMem_reg[44][3]/TE
                                                             -0.05  (VIOLATED)
   pulpino_top_i/core_region_i/CORE.RISCV_CORE/id_stage_i/hwloop_regs_i/hwlp_end_q_reg[1][17]/D
                                                             -0.05  (VIOLATED)
   pulpino_top_i/peripherals_i/apb_uart_i/UART_TXFF/iFIFOMem_reg[44][7]/TE
                                                             -0.05  (VIOLATED)
   pulpino_top_i/peripherals_i/apb_uart_i/UART_TXFF/iFIFOMem_reg[44][2]/TE
                                                             -0.05  (VIOLATED)
   pulpino_top_i/core_region_i/data_mem/bank3_byte0/A[9]     -0.05  (VIOLATED)
   pulpino_top_i/core_region_i/instr_mem_axi_if/axi_mem_if_SP_i/Slave_r_buffer_LP/buffer_i/FIFO_REGISTERS_reg[1][28]/D
                                                             -0.05  (VIOLATED)
   pulpino_top_i/core_region_i/instr_mem_axi_if/axi_mem_if_SP_i/Slave_r_buffer_LP/buffer_i/FIFO_REGISTERS_reg[0][28]/D
                                                             -0.05  (VIOLATED)
   pulpino_top_i/core_region_i/instr_mem_axi_if/axi_mem_if_SP_i/Slave_r_buffer_LP/buffer_i/FIFO_REGISTERS_reg[2][28]/D
                                                             -0.05  (VIOLATED)
   pulpino_top_i/core_region_i/instr_mem_axi_if/axi_mem_if_SP_i/Slave_r_buffer_LP/buffer_i/FIFO_REGISTERS_reg[3][28]/D
                                                             -0.05  (VIOLATED)
   pulpino_top_i/peripherals_i/apb_event_unit_i/i_event_unit/regs_q_reg[3][2]/D
                                                             -0.05  (VIOLATED)
   pulpino_top_i/core_region_i/data_mem/bank3_byte1/A[0]     -0.05  (VIOLATED)
   pulpino_top_i/core_region_i/axi_slice_core2axi/WITH_SLICE.axi_slice_i/w_buffer_i/buffer_i/FIFO_REGISTERS_reg[0][0]/D
                                                             -0.05  (VIOLATED)
   pulpino_top_i/peripherals_i/apb_timer_i/TIMER_GEN[1].timer_i/regs_q_reg[0][11]/D
                                                             -0.05  (VIOLATED)
   pulpino_top_i/core_region_i/instr_mem/sp_ram_wrap_i/bank1_byte1/A[8]
                                                             -0.05  (VIOLATED)
   pulpino_top_i/peripherals_i/apb_event_unit_i/i_event_unit/regs_q_reg[3][13]/D
                                                             -0.05  (VIOLATED)
   pulpino_top_i/core_region_i/data_mem/bank3_byte0/D[3]     -0.05  (VIOLATED)
   pulpino_top_i/core_region_i/instr_mem/sp_ram_wrap_i/bank1_byte3/A[5]
                                                             -0.05  (VIOLATED)
   pulpino_top_i/core_region_i/CORE.RISCV_CORE/id_stage_i/hwloop_regs_i/hwlp_end_q_reg[1][9]/D
                                                             -0.05  (VIOLATED)
   pulpino_top_i/core_region_i/data_mem/bank1_byte0/D[1]     -0.05  (VIOLATED)
   pulpino_top_i/peripherals_i/apb_event_unit_i/i_event_unit/regs_q_reg[3][12]/D
                                                             -0.04  (VIOLATED)
   pulpino_top_i/core_region_i/CORE.RISCV_CORE/cs_registers_i/mepc_q_reg[12]/D
                                                             -0.04  (VIOLATED)
   pulpino_top_i/core_region_i/CORE.RISCV_CORE/id_stage_i/hwloop_regs_i/hwlp_start_q_reg[1][11]/D
                                                             -0.04  (VIOLATED)
   pulpino_top_i/peripherals_i/apb_event_unit_i/i_event_unit/regs_q_reg[3][19]/D
                                                             -0.04  (VIOLATED)
   pulpino_top_i/peripherals_i/apb_event_unit_i/i_event_unit/regs_q_reg[3][1]/D
                                                             -0.04  (VIOLATED)
   pulpino_top_i/peripherals_i/apb_uart_i/UART_RXFF/iUSAGE_reg[2]/D
                                                             -0.04  (VIOLATED)
   pulpino_top_i/peripherals_i/apb_event_unit_i/i_event_unit/regs_q_reg[3][7]/D
                                                             -0.04  (VIOLATED)
   pulpino_top_i/core_region_i/instr_mem/sp_ram_wrap_i/bank1_byte3/A[7]
                                                             -0.04  (VIOLATED)
   pulpino_top_i/core_region_i/CORE.RISCV_CORE/cs_registers_i/mepc_q_reg[5]/D
                                                             -0.04  (VIOLATED)
   pulpino_top_i/peripherals_i/apb_event_unit_i/i_event_unit/regs_q_reg[3][6]/D
                                                             -0.04  (VIOLATED)
   pulpino_top_i/core_region_i/CORE.RISCV_CORE/id_stage_i/hwloop_regs_i/hwlp_end_q_reg[1][27]/D
                                                             -0.04  (VIOLATED)
   pulpino_top_i/peripherals_i/apb_event_unit_i/i_event_unit/regs_q_reg[3][4]/D
                                                             -0.04  (VIOLATED)
   pulpino_top_i/core_region_i/axi_slice_core2axi/WITH_SLICE.axi_slice_i/w_buffer_i/buffer_i/FIFO_REGISTERS_reg[1][3]/TE
                                                             -0.04  (VIOLATED)
   pulpino_top_i/core_region_i/axi_slice_core2axi/WITH_SLICE.axi_slice_i/w_buffer_i/buffer_i/FIFO_REGISTERS_reg[1][1]/TE
                                                             -0.04  (VIOLATED)
   pulpino_top_i/core_region_i/axi_slice_core2axi/WITH_SLICE.axi_slice_i/w_buffer_i/buffer_i/FIFO_REGISTERS_reg[1][2]/TE
                                                             -0.04  (VIOLATED)
   pulpino_top_i/core_region_i/axi_slice_core2axi/WITH_SLICE.axi_slice_i/w_buffer_i/buffer_i/FIFO_REGISTERS_reg[1][34]/TE
                                                             -0.04  (VIOLATED)
   pulpino_top_i/core_region_i/axi_slice_core2axi/WITH_SLICE.axi_slice_i/w_buffer_i/buffer_i/FIFO_REGISTERS_reg[1][35]/TE
                                                             -0.04  (VIOLATED)
   pulpino_top_i/core_region_i/axi_slice_core2axi/WITH_SLICE.axi_slice_i/w_buffer_i/buffer_i/FIFO_REGISTERS_reg[1][36]/TE
                                                             -0.04  (VIOLATED)
   pulpino_top_i/core_region_i/axi_slice_core2axi/WITH_SLICE.axi_slice_i/w_buffer_i/buffer_i/FIFO_REGISTERS_reg[1][33]/TE
                                                             -0.04  (VIOLATED)
   pulpino_top_i/peripherals_i/apb_event_unit_i/i_event_unit/regs_q_reg[3][16]/D
                                                             -0.04  (VIOLATED)
   pulpino_top_i/core_region_i/instr_mem/sp_ram_wrap_i/bank0_byte2/A[2]
                                                             -0.04  (VIOLATED)
   pulpino_top_i/peripherals_i/apb_event_unit_i/i_event_unit/regs_q_reg[3][11]/D
                                                             -0.04  (VIOLATED)
   pulpino_top_i/core_region_i/instr_mem/sp_ram_wrap_i/bank1_byte2/A[8]
                                                             -0.04  (VIOLATED)
   pulpino_top_i/core_region_i/data_mem/bank1_byte0/D[3]     -0.04  (VIOLATED)
   pulpino_top_i/peripherals_i/apb_event_unit_i/i_event_unit/regs_q_reg[3][5]/D
                                                             -0.04  (VIOLATED)
   pulpino_top_i/peripherals_i/apb_gpio_i/r_status_reg[30]/D
                                                             -0.04  (VIOLATED)
   pulpino_top_i/core_region_i/instr_mem/sp_ram_wrap_i/bank0_byte2/A[0]
                                                             -0.04  (VIOLATED)
   pulpino_top_i/core_region_i/instr_mem/sp_ram_wrap_i/bank1_byte2/A[5]
                                                             -0.04  (VIOLATED)
   pulpino_top_i/peripherals_i/apb_event_unit_i/i_event_unit/regs_q_reg[3][9]/D
                                                             -0.04  (VIOLATED)
   pulpino_top_i/core_region_i/data_mem/bank1_byte0/D[6]     -0.04  (VIOLATED)
   pulpino_top_i/peripherals_i/apb_event_unit_i/i_event_unit/regs_q_reg[3][18]/D
                                                             -0.04  (VIOLATED)
   pulpino_top_i/core_region_i/instr_mem/sp_ram_wrap_i/bank0_byte2/A[5]
                                                             -0.04  (VIOLATED)
   pulpino_top_i/peripherals_i/apb_event_unit_i/i_event_unit/regs_q_reg[3][8]/D
                                                             -0.04  (VIOLATED)
   pulpino_top_i/peripherals_i/apb_event_unit_i/i_event_unit/regs_q_reg[3][14]/D
                                                             -0.04  (VIOLATED)
   pulpino_top_i/core_region_i/CORE.RISCV_CORE/id_stage_i/hwloop_regs_i/hwlp_end_q_reg[0][11]/TI
                                                             -0.04  (VIOLATED)
   pulpino_top_i/peripherals_i/apb_event_unit_i/i_event_unit/regs_q_reg[3][10]/D
                                                             -0.04  (VIOLATED)
   pulpino_top_i/core_region_i/data_mem/bank1_byte0/D[0]     -0.04  (VIOLATED)
   pulpino_top_i/core_region_i/CORE.RISCV_CORE/id_stage_i/hwloop_regs_i/hwlp_end_q_reg[1][23]/D
                                                             -0.03  (VIOLATED)
   pulpino_top_i/peripherals_i/apb_event_unit_i/i_event_unit/regs_q_reg[3][15]/D
                                                             -0.03  (VIOLATED)
   pulpino_top_i/core_region_i/CORE.RISCV_CORE/id_stage_i/hwloop_regs_i/hwlp_end_q_reg[1][15]/D
                                                             -0.03  (VIOLATED)
   pulpino_top_i/core_region_i/instr_mem/sp_ram_wrap_i/bank0_byte3/A[10]
                                                             -0.03  (VIOLATED)
   pulpino_top_i/core_region_i/CORE.RISCV_CORE/load_store_unit_i/rdata_q_reg[11]/D
                                                             -0.03  (VIOLATED)
   pulpino_top_i/core_region_i/instr_mem/sp_ram_wrap_i/bank1_byte2/A[7]
                                                             -0.03  (VIOLATED)
   pulpino_top_i/core_region_i/CORE.RISCV_CORE/id_stage_i/hwloop_regs_i/hwlp_end_q_reg[1][20]/D
                                                             -0.03  (VIOLATED)
   pulpino_top_i/core_region_i/instr_mem/boot_rom_wrap_i/boot_code_i/A_Q_reg[3]/D
                                                             -0.03  (VIOLATED)
   pulpino_top_i/peripherals_i/apb_gpio_i/r_status_reg[6]/D
                                                             -0.03  (VIOLATED)
   pulpino_top_i/peripherals_i/apb_uart_i/UART_TXFF/iUSAGE_reg[3]/TI
                                                             -0.03  (VIOLATED)
   pulpino_top_i/core_region_i/CORE.RISCV_CORE/id_stage_i/alu_operand_c_ex_o_reg[20]/TE
                                                             -0.03  (VIOLATED)
   pulpino_top_i/core_region_i/CORE.RISCV_CORE/id_stage_i/alu_vec_mode_ex_o_reg[0]/TE
                                                             -0.03  (VIOLATED)
   pulpino_top_i/core_region_i/data_mem/bank3_byte1/A[4]     -0.03  (VIOLATED)
   pulpino_top_i/core_region_i/CORE.RISCV_CORE/id_stage_i/alu_operand_c_ex_o_reg[19]/TE
                                                             -0.03  (VIOLATED)
   pulpino_top_i/core_region_i/data_mem/bank3_byte3/A[5]     -0.03  (VIOLATED)
   pulpino_top_i/core_region_i/CORE.RISCV_CORE/id_stage_i/alu_operand_c_ex_o_reg[25]/TE
                                                             -0.03  (VIOLATED)
   pulpino_top_i/core_region_i/CORE.RISCV_CORE/cs_registers_i/mcause_q_reg[4]/D
                                                             -0.03  (VIOLATED)
   pulpino_top_i/core_region_i/data_mem/bank2_byte2/WEN      -0.03  (VIOLATED)
   pulpino_top_i/core_region_i/data_mem/bank1_byte2/D[0]     -0.03  (VIOLATED)
   pulpino_top_i/peripherals_i/apb_event_unit_i/i_event_unit/regs_q_reg[3][17]/D
                                                             -0.03  (VIOLATED)
   pulpino_top_i/peripherals_i/apb_uart_i/iFECounter_reg[6]/D
                                                             -0.03  (VIOLATED)
   pulpino_top_i/core_region_i/data_mem/bank1_byte0/D[7]     -0.03  (VIOLATED)
   pulpino_top_i/core_region_i/CORE.RISCV_CORE/id_stage_i/hwloop_regs_i/hwlp_end_q_reg[0][9]/TE
                                                             -0.03  (VIOLATED)
   pulpino_top_i/core_region_i/instr_mem/sp_ram_wrap_i/bank1_byte3/A[1]
                                                             -0.03  (VIOLATED)
   pulpino_top_i/core_region_i/CORE.RISCV_CORE/id_stage_i/hwloop_regs_i/hwlp_end_q_reg[0][11]/TE
                                                             -0.03  (VIOLATED)
   pulpino_top_i/core_region_i/data_mem/bank1_byte0/D[4]     -0.03  (VIOLATED)
   pulpino_top_i/core_region_i/instr_mem_axi_if/axi_mem_if_SP_i/READ_CTRL/RDATA_REG_reg[2]/D
                                                             -0.03  (VIOLATED)
   pulpino_top_i/core_region_i/CORE.RISCV_CORE/id_stage_i/hwloop_regs_i/hwlp_end_q_reg[0][7]/TE
                                                             -0.03  (VIOLATED)
   pulpino_top_i/core_region_i/CORE.RISCV_CORE/id_stage_i/hwloop_regs_i/hwlp_end_q_reg[0][10]/TE
                                                             -0.03  (VIOLATED)
   pulpino_top_i/peripherals_i/apb_gpio_i/r_status_reg[1]/D
                                                             -0.02  (VIOLATED)
   pulpino_top_i/core_region_i/data_mem/bank1_byte1/D[3]     -0.02  (VIOLATED)
   pulpino_top_i/core_region_i/CORE.RISCV_CORE/id_stage_i/hwloop_regs_i/hwlp_end_q_reg[0][8]/TE
                                                             -0.02  (VIOLATED)
   pulpino_top_i/core_region_i/CORE.RISCV_CORE/id_stage_i/hwloop_regs_i/hwlp_end_q_reg[0][6]/TE
                                                             -0.02  (VIOLATED)
   pulpino_top_i/core_region_i/CORE.RISCV_CORE/id_stage_i/hwloop_regs_i/hwlp_end_q_reg[0][5]/TE
                                                             -0.02  (VIOLATED)
   pulpino_top_i/core_region_i/instr_mem/sp_ram_wrap_i/bank1_byte1/A[1]
                                                             -0.02  (VIOLATED)
   pulpino_top_i/core_region_i/CORE.RISCV_CORE/load_store_unit_i/rdata_q_reg[0]/D
                                                             -0.02  (VIOLATED)
   pulpino_top_i/core_region_i/CORE.RISCV_CORE/id_stage_i/hwloop_regs_i/hwlp_end_q_reg[0][3]/TE
                                                             -0.02  (VIOLATED)
   pulpino_top_i/core_region_i/data_mem/bank1_byte0/D[2]     -0.02  (VIOLATED)
   pulpino_top_i/core_region_i/data_mem/bank3_byte0/A[6]     -0.02  (VIOLATED)
   pulpino_top_i/core_region_i/data_mem/bank3_byte2/A[5]     -0.02  (VIOLATED)
   pulpino_top_i/core_region_i/CORE.RISCV_CORE/id_stage_i/hwloop_regs_i/hwlp_end_q_reg[0][4]/TE
                                                             -0.02  (VIOLATED)
   pulpino_top_i/core_region_i/data_mem/bank3_byte3/WEN      -0.02  (VIOLATED)
   pulpino_top_i/core_region_i/CORE.RISCV_CORE/id_stage_i/hwloop_regs_i/hwlp_end_q_reg[0][2]/TE
                                                             -0.02  (VIOLATED)
   pulpino_top_i/core_region_i/data_mem/bank1_byte0/D[5]     -0.02  (VIOLATED)
   pulpino_top_i/core_region_i/CORE.RISCV_CORE/id_stage_i/hwloop_regs_i/hwlp_end_q_reg[0][10]/TI
                                                             -0.02  (VIOLATED)
   pulpino_top_i/core_region_i/CORE.RISCV_CORE/id_stage_i/alu_en_ex_o_reg/TE
                                                             -0.02  (VIOLATED)
   pulpino_top_i/core_region_i/CORE.RISCV_CORE/id_stage_i/hwloop_regs_i/hwlp_end_q_reg[0][0]/TE
                                                             -0.02  (VIOLATED)
   pulpino_top_i/core_region_i/instr_mem/sp_ram_wrap_i/bank1_byte2/A[1]
                                                             -0.02  (VIOLATED)
   pulpino_top_i/core_region_i/CORE.RISCV_CORE/id_stage_i/hwloop_regs_i/hwlp_end_q_reg[0][6]/TI
                                                             -0.02  (VIOLATED)
   pulpino_top_i/core_region_i/CORE.RISCV_CORE/id_stage_i/hwloop_regs_i/hwlp_end_q_reg[0][1]/TE
                                                             -0.02  (VIOLATED)
   pulpino_top_i/core_region_i/data_mem/bank2_byte3/A[10]    -0.02  (VIOLATED)
   pulpino_top_i/core_region_i/instr_mem/sp_ram_wrap_i/bank1_byte3/A[9]
                                                             -0.01  (VIOLATED)
   pulpino_top_i/core_region_i/CORE.RISCV_CORE/cs_registers_i/mepc_q_reg[11]/D
                                                             -0.01  (VIOLATED)
   pulpino_top_i/peripherals_i/apb_uart_i/UART_TXFF/iUSAGE_reg[2]/D
                                                             -0.01  (VIOLATED)
   pulpino_top_i/core_region_i/instr_mem/sp_ram_wrap_i/bank3_byte1/WEN
                                                             -0.01  (VIOLATED)
   pulpino_top_i/core_region_i/data_mem/bank3_byte0/D[1]     -0.01  (VIOLATED)
   pulpino_top_i/core_region_i/data_mem/bank3_byte3/A[1]     -0.01  (VIOLATED)
   pulpino_top_i/axi_interconnect_i/axi_node_i/_RESP_BLOCK_GEN[1].RESP_BLOCK/BR_ALLOC/outstanding_counter_reg[9]/D
                                                             -0.01  (VIOLATED)
   pulpino_top_i/core_region_i/data_mem/bank1_byte2/D[3]     -0.01  (VIOLATED)
   pulpino_top_i/core_region_i/data_mem/bank3_byte3/A[2]     -0.01  (VIOLATED)
   pulpino_top_i/core_region_i/CORE.RISCV_CORE/id_stage_i/hwloop_regs_i/hwlp_end_q_reg[0][5]/TI
                                                             -0.01  (VIOLATED)
   pulpino_top_i/core_region_i/CORE.RISCV_CORE/load_store_unit_i/rdata_q_reg[1]/D
                                                             -0.01  (VIOLATED)
   pulpino_top_i/core_region_i/data_mem/bank3_byte0/A[0]     -0.01  (VIOLATED)
   pulpino_top_i/core_region_i/CORE.RISCV_CORE/id_stage_i/csr_access_ex_o_reg/TE
                                                             -0.01  (VIOLATED)
   pulpino_top_i/peripherals_i/apb_gpio_i/r_gpio_inttype1_reg[5]/TE
                                                             -0.01  (VIOLATED)
   pulpino_top_i/core_region_i/CORE.RISCV_CORE/id_stage_i/hwloop_regs_i/hwlp_start_q_reg[0][9]/TE
                                                             -0.01  (VIOLATED)
   pulpino_top_i/peripherals_i/apb_gpio_i/r_gpio_inttype1_reg[1]/TE
                                                             -0.01  (VIOLATED)
   pulpino_top_i/core_region_i/CORE.RISCV_CORE/id_stage_i/hwloop_regs_i/hwlp_start_q_reg[1][9]/TE
                                                             -0.01  (VIOLATED)
   pulpino_top_i/core_region_i/data_mem/bank2_byte3/WEN      -0.01  (VIOLATED)
   pulpino_top_i/peripherals_i/apb_gpio_i/r_gpio_inttype1_reg[3]/TE
                                                             -0.01  (VIOLATED)
   pulpino_top_i/core_region_i/CORE.RISCV_CORE/id_stage_i/hwloop_regs_i/hwlp_start_q_reg[0][11]/TE
                                                             -0.01  (VIOLATED)
   pulpino_top_i/core_region_i/CORE.RISCV_CORE/id_stage_i/hwloop_regs_i/hwlp_start_q_reg[1][11]/TE
                                                             -0.01  (VIOLATED)
   pulpino_top_i/core_region_i/CORE.RISCV_CORE/id_stage_i/hwloop_regs_i/hwlp_start_q_reg[1][10]/TE
                                                             -0.01  (VIOLATED)
   pulpino_top_i/core_region_i/CORE.RISCV_CORE/id_stage_i/hwloop_regs_i/hwlp_end_q_reg[1][9]/TE
                                                             -0.01  (VIOLATED)
   pulpino_top_i/core_region_i/CORE.RISCV_CORE/id_stage_i/hwloop_regs_i/hwlp_start_q_reg[0][10]/TE
                                                             -0.01  (VIOLATED)
   pulpino_top_i/core_region_i/CORE.RISCV_CORE/id_stage_i/hwloop_regs_i/hwlp_end_q_reg[1][11]/TE
                                                             -0.01  (VIOLATED)
   pulpino_top_i/core_region_i/CORE.RISCV_CORE/id_stage_i/hwloop_regs_i/hwlp_start_q_reg[1][8]/TE
                                                             -0.01  (VIOLATED)
   pulpino_top_i/peripherals_i/apb_gpio_i/r_gpio_inttype1_reg[8]/TE
                                                             -0.01  (VIOLATED)
   pulpino_top_i/core_region_i/CORE.RISCV_CORE/id_stage_i/hwloop_regs_i/hwlp_start_q_reg[0][8]/TE
                                                             -0.01  (VIOLATED)
   pulpino_top_i/core_region_i/CORE.RISCV_CORE/id_stage_i/hwloop_regs_i/hwlp_start_q_reg[0][6]/TE
                                                              0.00  (VIOLATED: increase significant digits)
   pulpino_top_i/core_region_i/CORE.RISCV_CORE/id_stage_i/hwloop_regs_i/hwlp_start_q_reg[1][6]/TE
                                                              0.00  (VIOLATED: increase significant digits)
   pulpino_top_i/core_region_i/instr_mem/sp_ram_wrap_i/bank0_byte1/WEN
                                                              0.00  (VIOLATED: increase significant digits)
   pulpino_top_i/peripherals_i/apb_gpio_i/r_gpio_inttype1_reg[7]/TE
                                                              0.00  (VIOLATED: increase significant digits)
   pulpino_top_i/core_region_i/CORE.RISCV_CORE/id_stage_i/hwloop_regs_i/hwlp_end_q_reg[1][24]/D
                                                              0.00  (VIOLATED: increase significant digits)
   pulpino_top_i/core_region_i/CORE.RISCV_CORE/id_stage_i/hwloop_regs_i/hwlp_start_q_reg[0][5]/TE
                                                              0.00  (VIOLATED: increase significant digits)
   pulpino_top_i/core_region_i/CORE.RISCV_CORE/id_stage_i/hwloop_regs_i/hwlp_start_q_reg[1][5]/TE
                                                              0.00  (VIOLATED: increase significant digits)
   pulpino_top_i/core_region_i/data_mem/bank3_byte2/A[1]      0.00  (VIOLATED: increase significant digits)
   pulpino_top_i/core_region_i/CORE.RISCV_CORE/id_stage_i/hwloop_regs_i/hwlp_start_q_reg[1][7]/TE
                                                              0.00  (VIOLATED: increase significant digits)
   pulpino_top_i/axi_interconnect_i/axi_node_i/_RESP_BLOCK_GEN[2].RESP_BLOCK/DW_ADDR_DEC/MASTER_ID_FIFO/Push_Pointer_CS_reg[1]/D
                                                              0.00  (VIOLATED: increase significant digits)
   pulpino_top_i/core_region_i/CORE.RISCV_CORE/id_stage_i/hwloop_regs_i/hwlp_end_q_reg[1][26]/D
                                                              0.00  (VIOLATED: increase significant digits)
   pulpino_top_i/core_region_i/CORE.RISCV_CORE/id_stage_i/hwloop_regs_i/hwlp_start_q_reg[0][7]/TE
                                                              0.00  (VIOLATED: increase significant digits)
   pulpino_top_i/peripherals_i/apb_gpio_i/r_gpio_inttype1_reg[6]/TE
                                                              0.00  (VIOLATED: increase significant digits)
   pulpino_top_i/core_region_i/instr_mem_axi_if/axi_mem_if_SP_i/READ_CTRL/RDATA_REG_reg[3]/D
                                                              0.00  (VIOLATED: increase significant digits)
   pulpino_top_i/core_region_i/CORE.RISCV_CORE/id_stage_i/hwloop_regs_i/hwlp_start_q_reg[1][4]/TE
                                                              0.00  (VIOLATED: increase significant digits)
   pulpino_top_i/core_region_i/CORE.RISCV_CORE/id_stage_i/hwloop_regs_i/hwlp_start_q_reg[0][4]/TE
                                                              0.00  (VIOLATED: increase significant digits)
   pulpino_top_i/core_region_i/CORE.RISCV_CORE/id_stage_i/hwloop_regs_i/hwlp_start_q_reg[1][2]/TE
                                                              0.00  (VIOLATED: increase significant digits)
   pulpino_top_i/core_region_i/CORE.RISCV_CORE/id_stage_i/hwloop_regs_i/hwlp_start_q_reg[0][2]/TE
                                                              0.00  (VIOLATED: increase significant digits)
   pulpino_top_i/peripherals_i/apb_gpio_i/r_gpio_inttype1_reg[30]/TE
                                                              0.00  (VIOLATED: increase significant digits)
   pulpino_top_i/core_region_i/CORE.RISCV_CORE/id_stage_i/hwloop_regs_i/hwlp_start_q_reg[1][3]/TE
                                                              0.00  (VIOLATED: increase significant digits)
   pulpino_top_i/peripherals_i/apb_gpio_i/r_gpio_inttype1_reg[31]/TE
                                                              0.00  (VIOLATED: increase significant digits)
   pulpino_top_i/core_region_i/CORE.RISCV_CORE/id_stage_i/hwloop_regs_i/hwlp_end_q_reg[1][3]/TE
                                                              0.00  (VIOLATED: increase significant digits)
   pulpino_top_i/core_region_i/CORE.RISCV_CORE/id_stage_i/hwloop_regs_i/hwlp_end_q_reg[1][10]/TE
                                                              0.00  (VIOLATED: increase significant digits)
   pulpino_top_i/peripherals_i/apb_gpio_i/r_gpio_inttype1_reg[15]/TE
                                                              0.00  (VIOLATED: increase significant digits)
   pulpino_top_i/core_region_i/CORE.RISCV_CORE/id_stage_i/hwloop_regs_i/hwlp_end_q_reg[1][8]/TE
                                                              0.00  (VIOLATED: increase significant digits)
   pulpino_top_i/peripherals_i/apb_gpio_i/r_gpio_inttype1_reg[23]/TE
                                                              0.00  (VIOLATED: increase significant digits)
   pulpino_top_i/peripherals_i/apb_gpio_i/r_gpio_inttype1_reg[22]/TE
                                                              0.00  (VIOLATED: increase significant digits)
   pulpino_top_i/core_region_i/CORE.RISCV_CORE/id_stage_i/hwloop_regs_i/hwlp_start_q_reg[0][3]/TE
                                                              0.00  (VIOLATED: increase significant digits)
   pulpino_top_i/core_region_i/CORE.RISCV_CORE/id_stage_i/hwloop_regs_i/hwlp_end_q_reg[1][6]/TE
                                                              0.00  (VIOLATED: increase significant digits)
   pulpino_top_i/core_region_i/instr_mem_axi_if/axi_mem_if_SP_i/READ_CTRL/RDATA_REG_reg[14]/D
                                                              0.00  (VIOLATED: increase significant digits)
   pulpino_top_i/peripherals_i/apb_gpio_i/r_gpio_inttype1_reg[14]/TE
                                                              0.00  (VIOLATED: increase significant digits)
   pulpino_top_i/core_region_i/data_mem/bank3_byte1/A[5]      0.00  (VIOLATED: increase significant digits)
   pulpino_top_i/core_region_i/CORE.RISCV_CORE/id_stage_i/hwloop_regs_i/hwlp_end_q_reg[1][5]/TE
                                                              0.00  (VIOLATED: increase significant digits)

   max_delay/setup ('tck_i' group)

   Endpoint                                                  Slack
   -----------------------------------------------------------------
   pulpino_top_i/core_region_i/adv_dbg_if_i/cluster_tap_i/tdo_pad_o_reg/D
                                                             -4.60  (VIOLATED)


   min_delay/hold ('clk' group)

   Endpoint                                                  Slack
   -----------------------------------------------------------------
   pulpino_top_i/core_region_i/CORE.RISCV_CORE/core_clock_gate_i/clk_en_reg/D
                                                             -0.05  (VIOLATED)
   pulpino_top_i/core_region_i/data_mem_axi_if/axi_mem_if_SP_i/READ_CTRL/RDATA_REG_reg[26]/D
                                                             -0.04  (VIOLATED)
   pulpino_top_i/core_region_i/data_mem_axi_if/axi_mem_if_SP_i/READ_CTRL/RDATA_REG_reg[21]/D
                                                             -0.03  (VIOLATED)
   pulpino_top_i/core_region_i/data_mem_axi_if/axi_mem_if_SP_i/READ_CTRL/RDATA_REG_reg[20]/D
                                                             -0.03  (VIOLATED)
   pulpino_top_i/core_region_i/data_mem_axi_if/axi_mem_if_SP_i/READ_CTRL/RDATA_REG_reg[28]/D
                                                             -0.02  (VIOLATED)
   pulpino_top_i/core_region_i/data_mem_axi_if/axi_mem_if_SP_i/READ_CTRL/RDATA_REG_reg[29]/D
                                                             -0.02  (VIOLATED)
   pulpino_top_i/core_region_i/data_mem_axi_if/axi_mem_if_SP_i/READ_CTRL/RDATA_REG_reg[13]/D
                                                             -0.02  (VIOLATED)
   pulpino_top_i/core_region_i/data_mem_axi_if/axi_mem_if_SP_i/READ_CTRL/RDATA_REG_reg[14]/D
                                                             -0.02  (VIOLATED)
   pulpino_top_i/core_region_i/data_mem_axi_if/axi_mem_if_SP_i/READ_CTRL/RDATA_REG_reg[19]/D
                                                             -0.01  (VIOLATED)
   pulpino_top_i/core_region_i/data_mem_axi_if/axi_mem_if_SP_i/READ_CTRL/RDATA_REG_reg[15]/D
                                                             -0.01  (VIOLATED)
   pulpino_top_i/core_region_i/data_mem_axi_if/axi_mem_if_SP_i/READ_CTRL/RDATA_REG_reg[30]/D
                                                             -0.01  (VIOLATED)
   pulpino_top_i/core_region_i/data_mem_axi_if/axi_mem_if_SP_i/READ_CTRL/RDATA_REG_reg[18]/D
                                                              0.00  (VIOLATED: increase significant digits)
   pulpino_top_i/core_region_i/data_mem_axi_if/axi_mem_if_SP_i/READ_CTRL/RDATA_REG_reg[10]/D
                                                              0.00  (VIOLATED: increase significant digits)

   min_delay/hold ('spi_clk' group)

   Endpoint                                                  Slack
   -----------------------------------------------------------------
   spi_mode_o[0]                                             -1.59  (VIOLATED)




   clock_gating_setup

   Endpoint                                                  Slack
   -----------------------------------------------------------------
   pulpino_top_i/axi_interconnect_i/axi_node_i/_RESP_BLOCK_GEN[0].RESP_BLOCK/DW_ADDR_DEC/MASTER_ID_FIFO/cg_cell/g14/B
                                                             -0.29  (VIOLATED)
   pulpino_top_i/axi_interconnect_i/axi_node_i/_RESP_BLOCK_GEN[2].RESP_BLOCK/DW_ADDR_DEC/MASTER_ID_FIFO/cg_cell/g14/B
                                                             -0.27  (VIOLATED)
   pulpino_top_i/core_region_i/axi_slice_core2axi/WITH_SLICE.axi_slice_i/w_buffer_i/buffer_i/cg_cell/g14/B
                                                             -0.21  (VIOLATED)
   pulpino_top_i/core_region_i/axi_slice_core2axi/WITH_SLICE.axi_slice_i/ar_buffer_i/buffer_i/cg_cell/g14/B
                                                             -0.19  (VIOLATED)
   pulpino_top_i/core_region_i/axi_slice_core2axi/WITH_SLICE.axi_slice_i/aw_buffer_i/buffer_i/cg_cell/g14/B
                                                             -0.16  (VIOLATED)
   pulpino_top_i/axi_interconnect_i/axi_node_i/_RESP_BLOCK_GEN[1].RESP_BLOCK/DW_ADDR_DEC/MASTER_ID_FIFO/cg_cell/g14/B
                                                             -0.11  (VIOLATED)
   pulpino_top_i/core_region_i/CORE.RISCV_CORE/core_clock_gate_i/g13/B
                                                             -0.08  (VIOLATED)



   max_fanout

                             Required        Actual
   Pin                        Fanout         Fanout          Slack
   -----------------------------------------------------------------
   pulpino_top_i/core_region_i/CORE.RISCV_CORE/ex_stage_i/mult_i/FE_OFC6185_n_27/Z
                               20.00          31.00         -11.00  (VIOLATED)


Warning: Transition times on not annotated delay arcs havebeen set to zero. Cannot perform max_transition checking. (PTE-057)
1
